-- phpMyAdmin SQL Dump
-- version 5.2.0
-- https://www.phpmyadmin.net/
--
-- Host: 127.0.0.1
-- Generation Time: Mar 08, 2023 at 07:17 AM
-- Server version: 10.4.24-MariaDB
-- PHP Version: 7.4.29

SET SQL_MODE = "NO_AUTO_VALUE_ON_ZERO";
START TRANSACTION;
SET time_zone = "+00:00";


/*!40101 SET @OLD_CHARACTER_SET_CLIENT=@@CHARACTER_SET_CLIENT */;
/*!40101 SET @OLD_CHARACTER_SET_RESULTS=@@CHARACTER_SET_RESULTS */;
/*!40101 SET @OLD_COLLATION_CONNECTION=@@COLLATION_CONNECTION */;
/*!40101 SET NAMES utf8mb4 */;

--
-- Database: `sawangan`
--

-- --------------------------------------------------------

--
-- Table structure for table `tbl_hak_akses`
--

CREATE TABLE `tbl_hak_akses` (
  `level_pegawai` enum('Pegawai','Admin','Wali Kelas') NOT NULL,
  `hak_akses` enum('0','1') NOT NULL,
  `jurusan` enum('0','1') NOT NULL,
  `kelas` enum('0','1') NOT NULL,
  `pengguna` enum('0','1') NOT NULL,
  `siswa` enum('0','1') NOT NULL,
  `laporan_jenis_pembayaran` enum('0','1') NOT NULL,
  `laporan_pembayaran` enum('0','1') NOT NULL,
  `laporan_siswa` enum('0','1') NOT NULL,
  `laporan_jurusan` enum('0','1') NOT NULL,
  `laporan_kelas` enum('0','1') NOT NULL,
  `laporan_pengguna` enum('0','1') NOT NULL,
  `backup` enum('0','1') NOT NULL,
  `pembayaran` enum('0','1') NOT NULL,
  `transaksi` enum('0','1') NOT NULL,
  `hapus_pembayaran` enum('0','1') NOT NULL
) ENGINE=InnoDB DEFAULT CHARSET=latin1;

--
-- Dumping data for table `tbl_hak_akses`
--

INSERT INTO `tbl_hak_akses` (`level_pegawai`, `hak_akses`, `jurusan`, `kelas`, `pengguna`, `siswa`, `laporan_jenis_pembayaran`, `laporan_pembayaran`, `laporan_siswa`, `laporan_jurusan`, `laporan_kelas`, `laporan_pengguna`, `backup`, `pembayaran`, `transaksi`, `hapus_pembayaran`) VALUES
('Pegawai', '1', '1', '1', '1', '1', '1', '1', '1', '1', '1', '1', '1', '1', '1', '1'),
('Admin', '1', '1', '1', '1', '1', '1', '1', '1', '1', '1', '1', '1', '1', '1', '1'),
('Wali Kelas', '0', '0', '0', '0', '0', '0', '1', '0', '0', '0', '0', '0', '0', '0', '0');

-- --------------------------------------------------------

--
-- Table structure for table `tbl_history`
--

CREATE TABLE `tbl_history` (
  `id_history` int(11) NOT NULL,
  `id_pegawai` int(11) NOT NULL,
  `waktu_history` datetime NOT NULL,
  `keterangan_history` varchar(100) NOT NULL
) ENGINE=InnoDB DEFAULT CHARSET=latin1;

--
-- Dumping data for table `tbl_history`
--

INSERT INTO `tbl_history` (`id_history`, `id_pegawai`, `waktu_history`, `keterangan_history`) VALUES
(98, 1, '2018-08-11 17:48:57', 'Menambahkan Pengguna ARDITA PUSPITA WINDIANTO'),
(99, 1, '2018-08-11 17:58:34', 'Menambahkan Kelas TITL'),
(100, 1, '2018-08-11 17:59:02', 'Menghapus Kelas '),
(101, 1, '2018-08-11 17:59:04', 'Menghapus Kelas '),
(102, 1, '2018-08-11 17:59:06', 'Menghapus Kelas '),
(103, 1, '2018-08-11 18:01:36', 'Mengimport Kelas'),
(104, 1, '2018-08-11 18:01:57', 'Menambahkan Kelas TITL'),
(105, 1, '2018-08-11 18:06:17', 'Menambahkan Pengguna DANIA TIKA PRASETIA'),
(106, 1, '2018-08-11 18:23:25', 'Mengimport Kelas'),
(107, 1, '2018-08-11 18:23:53', 'Telah Logout'),
(108, 28, '2018-08-11 18:24:11', 'Telah Login'),
(109, 28, '2018-08-11 18:24:19', 'Telah Logout'),
(110, 1, '2018-08-11 18:24:23', 'Telah Login'),
(111, 1, '2018-08-11 18:27:48', 'Menambahkan Siswa ABDULLOH'),
(112, 1, '2018-08-11 19:09:37', 'Mengimport Siswa '),
(113, 1, '2018-08-11 19:10:34', 'Mengimport Siswa '),
(114, 1, '2018-08-11 19:12:28', 'Mengimport Siswa '),
(115, 1, '2018-08-11 19:14:14', 'Mengimport Siswa '),
(116, 1, '2018-08-11 19:15:02', 'Mengimport Siswa '),
(117, 1, '2018-08-11 19:17:51', 'Telah Logout'),
(118, 31, '2018-08-11 19:17:56', 'Telah Login'),
(119, 31, '2018-08-11 19:18:16', 'Telah Logout'),
(120, 1, '2018-08-11 19:18:22', 'Telah Login'),
(121, 1, '2018-08-11 19:18:38', 'Menghapus Pembayaran'),
(122, 1, '2018-08-11 19:21:56', 'Menambahkan Pembayaran SPP TBSM'),
(123, 1, '2018-08-11 19:22:35', 'Menambahkan Pembayaran SPP UMUM'),
(124, 1, '2018-08-11 19:23:29', 'Telah Login'),
(125, 1, '2018-08-11 19:23:38', 'Telah Logout'),
(126, 31, '2018-08-11 19:23:49', 'Telah Login'),
(127, 31, '2018-08-11 19:24:21', 'Telah Logout'),
(128, 1, '2018-08-11 19:24:25', 'Telah Login'),
(129, 1, '2018-08-11 19:25:32', 'Melakukan Transaksi'),
(130, 1, '2018-08-11 19:25:36', 'Telah Logout'),
(131, 31, '2018-08-11 19:25:41', 'Telah Login'),
(132, 31, '2018-08-11 19:26:26', 'Telah Logout'),
(133, 1, '2018-08-11 19:26:31', 'Telah Login'),
(134, 1, '2018-08-11 19:26:53', 'Menghapus Pembayaran'),
(135, 1, '2018-08-11 19:27:30', 'Telah Logout'),
(136, 31, '2018-08-11 19:34:06', 'Telah Login'),
(137, 31, '2018-08-11 19:44:35', 'Telah Logout'),
(138, 1, '2018-08-11 19:45:04', 'Telah Login'),
(139, 1, '2018-08-11 19:46:40', 'Telah Logout'),
(140, 1, '2018-08-11 19:47:07', 'Telah Login'),
(141, 1, '2018-08-11 19:47:50', 'Telah Logout'),
(142, 1, '2018-08-11 19:52:16', 'Telah Login'),
(143, 1, '2018-08-11 19:55:30', 'Telah Logout'),
(144, 1, '2018-08-13 21:51:08', 'Menambahkan Pengguna WALI KELAS NON AKTIF'),
(145, 1, '2018-08-13 21:54:53', 'Telah Logout'),
(146, 1, '2018-08-13 21:55:26', 'Telah Login'),
(147, 1, '2018-08-13 21:55:42', 'Telah Logout'),
(148, 1, '2018-08-13 21:58:25', 'Telah Login'),
(149, 1, '2018-08-14 09:23:13', 'Telah Login'),
(150, 1, '2018-08-14 09:24:29', 'Telah Logout'),
(151, 0, '2018-08-14 09:24:32', 'Telah Logout'),
(152, 1, '2018-08-14 09:24:51', 'Telah Login'),
(153, 1, '2018-08-14 09:25:39', 'Telah Logout'),
(154, 1, '2018-08-14 09:28:52', 'Telah Login'),
(155, 1, '2018-08-14 09:28:57', 'Telah Logout'),
(156, 1, '2018-08-14 09:29:31', 'Telah Login'),
(157, 1, '2018-08-14 09:29:35', 'Telah Logout'),
(158, 1, '2018-08-14 09:30:41', 'Telah Login'),
(159, 1, '2018-08-14 09:30:44', 'Telah Logout'),
(160, 1, '2018-08-14 09:31:01', 'Telah Login'),
(161, 1, '2018-08-14 09:31:33', 'Telah Logout'),
(162, 1, '2018-08-14 09:59:03', 'Telah Login'),
(163, 1, '2018-08-14 09:59:31', 'Telah Logout'),
(164, 1, '2018-08-14 10:39:51', 'Telah Login'),
(165, 1, '2018-08-14 10:41:58', 'Telah Logout'),
(166, 1, '2018-08-14 14:11:08', 'Telah Login'),
(167, 1, '2018-08-14 14:11:15', 'Telah Logout'),
(168, 1, '2018-08-14 14:16:40', 'Telah Login'),
(169, 1, '2018-08-14 14:17:45', 'Mengubah Pembayaran SPP UMUM AGUSTUS'),
(170, 1, '2018-08-14 14:18:20', 'Mengubah Pembayaran SPP TBSM AGUSTUS'),
(171, 1, '2018-08-14 14:18:33', 'Mengubah Pembayaran SPP TBSM AGUSTUS'),
(172, 1, '2018-08-14 14:18:41', 'Mengubah Pembayaran SPP UMUM AGUSTUS'),
(173, 1, '2018-08-14 14:26:04', 'Menambahkan Pembayaran SPP TBSM SEPTEMBER'),
(174, 1, '2018-08-14 14:26:52', 'Menambahkan Pembayaran SPP UMUM SEPTEMBER'),
(175, 1, '2018-08-15 09:30:12', 'Telah Login'),
(176, 1, '2018-08-15 09:30:52', 'Telah Login'),
(177, 1, '2018-08-15 09:42:34', 'Menambahkan Pembayaran Daftar Ulang X Umum'),
(178, 1, '2018-08-15 09:43:49', 'Menambahkan Pembayaran Daftar Ulang X TBSM'),
(179, 1, '2018-08-15 11:05:39', 'Telah Login'),
(180, 1, '2018-08-15 11:06:24', 'Mengubah Pembayaran DAFTAR ULANG X TBSM'),
(181, 1, '2018-08-15 11:06:36', 'Mengubah Pembayaran DAFTAR ULANG X UMUM'),
(182, 1, '2018-08-15 11:07:43', 'Telah Logout'),
(183, 1, '2018-08-15 14:11:02', 'Telah Login'),
(184, 1, '2018-08-15 14:13:34', 'Menambahkan Pembayaran Daftar Ulang XI Umum'),
(185, 1, '2018-08-15 14:14:06', 'Menambahkan Pembayaran Daftar Ulang XI TBSM'),
(186, 1, '2018-08-15 14:14:39', 'Menambahkan Pembayaran Daftar Ulang XII Umum'),
(187, 1, '2018-08-15 14:21:19', 'Menambahkan Pembayaran Daftar Ulang XII TBSM'),
(188, 1, '2018-08-15 14:23:26', 'Melakukan Transaksi'),
(189, 1, '2018-08-15 14:24:02', 'Melakukan Transaksi'),
(190, 1, '2018-08-15 14:27:39', 'Melakukan Transaksi'),
(191, 1, '2018-08-15 14:37:40', 'Melakukan Transaksi'),
(192, 1, '2018-08-15 14:39:30', 'Melakukan Transaksi'),
(193, 1, '2018-08-15 14:40:54', 'Melakukan Transaksi'),
(194, 1, '2018-08-15 14:42:13', 'Melakukan Transaksi'),
(195, 1, '2018-08-15 14:43:02', 'Melakukan Transaksi'),
(196, 1, '2018-08-15 16:53:57', 'Telah Login'),
(197, 1, '2018-08-15 16:57:44', 'Telah Logout'),
(198, 1, '2018-08-15 16:57:59', 'Telah Login'),
(199, 1, '2018-08-15 16:59:32', 'Telah Logout'),
(200, 1, '2018-08-15 17:00:33', 'Telah Login'),
(201, 1, '2018-08-15 17:00:37', 'Telah Logout'),
(202, 0, '2018-08-15 17:00:38', 'Telah Logout'),
(203, 1, '2018-08-15 17:00:48', 'Telah Login'),
(204, 1, '2018-08-15 17:05:22', 'Telah Logout'),
(205, 1, '2018-08-15 17:06:10', 'Telah Login'),
(206, 1, '2018-08-15 17:07:23', 'Telah Logout'),
(207, 1, '2018-08-15 17:09:28', 'Telah Login'),
(208, 1, '2018-08-15 17:10:17', 'Telah Logout'),
(209, 0, '2018-08-15 17:10:17', 'Telah Logout'),
(210, 1, '2018-08-15 17:11:54', 'Telah Login'),
(211, 1, '2018-08-15 17:12:53', 'Telah Logout'),
(212, 1, '2018-08-15 21:55:57', 'Telah Login'),
(213, 1, '2018-08-15 22:12:23', 'Menambahkan Pembayaran SPP UMUM OKTOBER'),
(214, 1, '2018-08-15 22:13:06', 'Menambahkan Pembayaran SPP TBSM OKTOBER'),
(215, 1, '2018-08-15 22:13:31', 'Menambahkan Pembayaran SPP UMUM NOPEMBER'),
(216, 1, '2018-08-15 22:13:47', 'Menambahkan Pembayaran SPP TBSM NOPEMBER'),
(217, 1, '2018-08-15 22:14:31', 'Menambahkan Pembayaran SPP UMUM DESEMBER'),
(218, 1, '2018-08-15 22:14:55', 'Menambahkan Pembayaran SPP TBSM DESEMBER'),
(219, 1, '2018-08-15 22:15:38', 'Menambahkan Pembayaran SPP UMUM JANUARI'),
(220, 1, '2018-08-15 22:15:58', 'Menambahkan Pembayaran SPP TBSM JANUARI'),
(221, 1, '2018-08-15 22:16:05', 'Mengubah Pembayaran SPP TBSM JANUARI'),
(222, 1, '2018-08-15 22:16:09', 'Mengubah Pembayaran SPP TBSM JANUARI'),
(223, 1, '2018-08-15 22:16:48', 'Mengubah Pembayaran DAFTAR ULANG XI UMUM'),
(224, 1, '2018-08-15 22:17:12', 'Mengubah Pembayaran DAFTAR ULANG XI TBSM'),
(225, 1, '2018-08-15 22:17:29', 'Mengubah Pembayaran DAFTAR ULANG XII TBSM'),
(226, 1, '2018-08-15 22:17:42', 'Mengubah Pembayaran DAFTAR ULANG XII UMUM'),
(227, 1, '2018-08-15 22:19:32', 'Menambahkan Pembayaran SPP UMUM PEBRUARI'),
(228, 1, '2018-08-15 22:19:48', 'Menambahkan Pembayaran SPP TBSM PEBRUARI'),
(229, 1, '2018-08-15 22:20:33', 'Menambahkan Pembayaran SPP UMUM MARET'),
(230, 1, '2018-08-15 22:20:51', 'Menambahkan Pembayaran SPP TBSM MARET'),
(231, 1, '2018-08-15 22:21:20', 'Menambahkan Pembayaran SPP UMUM APRIL'),
(232, 1, '2018-08-15 22:21:34', 'Menambahkan Pembayaran SPP TBSM APRIL'),
(233, 1, '2018-08-15 22:22:10', 'Menambahkan Pembayaran SPP UMUM MEI'),
(234, 1, '2018-08-15 22:22:33', 'Menambahkan Pembayaran SPP TBSM MEI'),
(235, 1, '2018-08-15 22:22:56', 'Menambahkan Pembayaran SPP UMUM JUNI'),
(236, 1, '2018-08-15 22:23:09', 'Menambahkan Pembayaran SPP TBSM JUNI'),
(237, 1, '2018-08-15 22:23:30', 'Menambahkan Pembayaran SPP UMUM JULI'),
(238, 1, '2018-08-15 22:23:45', 'Menambahkan Pembayaran SPP TBSM JULI'),
(239, 1, '2018-08-15 22:26:00', 'Mengubah Siswa GANDHY SYACHPUTRA AMBALI'),
(240, 1, '2018-08-15 22:28:25', 'Telah Logout'),
(241, 8, '2018-08-15 22:28:30', 'Telah Login'),
(242, 8, '2018-08-15 22:29:32', 'Telah Logout'),
(243, 1, '2018-08-15 22:33:27', 'Telah Login'),
(244, 1, '2018-08-15 22:34:08', 'Telah Logout'),
(245, 1, '2018-08-16 07:50:18', 'Telah Login'),
(246, 1, '2018-08-16 07:50:35', 'Telah Logout'),
(247, 1, '2018-08-16 09:24:27', 'Telah Login'),
(248, 1, '2018-08-16 09:25:29', 'Melakukan Transaksi'),
(249, 1, '2018-08-16 11:38:05', 'Telah Login'),
(250, 1, '2018-08-16 14:51:28', 'Telah Login'),
(251, 1, '2018-08-16 14:51:41', 'Telah Logout'),
(252, 1, '2018-08-17 10:07:21', 'Telah Login'),
(253, 1, '2018-08-17 10:13:08', 'Telah Logout'),
(254, 1, '2018-08-17 13:02:31', 'Telah Login'),
(255, 1, '2018-08-17 13:02:44', 'Telah Logout'),
(256, 30, '2018-08-18 12:42:51', 'Telah Login'),
(257, 1, '2018-08-18 20:32:13', 'Telah Login'),
(258, 1, '2018-08-18 20:32:36', 'Telah Logout'),
(259, 1, '2018-08-20 15:15:29', 'Telah Login'),
(260, 1, '2018-08-20 15:15:39', 'Telah Logout'),
(261, 0, '2018-08-20 15:15:41', 'Telah Logout'),
(262, 0, '2018-08-20 15:15:42', 'Telah Logout'),
(263, 1, '2018-08-21 10:02:45', 'Telah Login'),
(264, 1, '2018-08-21 10:02:53', 'Telah Logout'),
(265, 1, '2018-08-21 14:20:45', 'Telah Login'),
(266, 1, '2018-08-21 14:21:02', 'Telah Logout'),
(267, 1, '2018-08-24 15:49:29', 'Telah Login'),
(268, 1, '2018-08-24 15:52:34', 'Melakukan Transaksi'),
(269, 1, '2018-08-24 15:53:13', 'Melakukan Transaksi'),
(270, 1, '2018-08-24 15:53:33', 'Melakukan Transaksi'),
(271, 1, '2018-08-24 15:54:02', 'Melakukan Transaksi'),
(272, 1, '2018-08-24 15:54:29', 'Melakukan Transaksi'),
(273, 1, '2018-08-24 15:54:49', 'Melakukan Transaksi'),
(274, 1, '2018-08-24 15:55:09', 'Melakukan Transaksi'),
(275, 1, '2018-08-24 15:56:02', 'Melakukan Transaksi'),
(276, 1, '2018-08-24 15:56:28', 'Melakukan Transaksi'),
(277, 1, '2018-08-24 15:59:39', 'Melakukan Transaksi'),
(278, 1, '2018-08-24 15:59:59', 'Melakukan Transaksi'),
(279, 1, '2018-08-24 16:00:18', 'Melakukan Transaksi'),
(280, 1, '2018-08-24 16:00:33', 'Melakukan Transaksi'),
(281, 1, '2018-08-24 16:00:49', 'Melakukan Transaksi'),
(282, 1, '2018-08-24 16:01:25', 'Melakukan Transaksi'),
(283, 1, '2018-08-24 16:01:41', 'Melakukan Transaksi'),
(284, 1, '2018-08-24 16:01:57', 'Melakukan Transaksi'),
(285, 1, '2018-08-24 16:02:17', 'Melakukan Transaksi'),
(286, 1, '2018-08-24 16:04:24', 'Melakukan Transaksi'),
(287, 1, '2018-08-24 16:04:44', 'Melakukan Transaksi'),
(288, 1, '2018-08-24 16:05:06', 'Melakukan Transaksi'),
(289, 1, '2018-08-24 16:05:25', 'Melakukan Transaksi'),
(290, 1, '2018-08-24 16:05:47', 'Melakukan Transaksi'),
(291, 1, '2018-08-24 16:06:04', 'Melakukan Transaksi'),
(292, 1, '2018-08-24 16:06:10', 'Menghapus Pembayaran'),
(293, 1, '2018-08-24 16:06:27', 'Melakukan Transaksi'),
(294, 1, '2018-08-24 16:06:43', 'Melakukan Transaksi'),
(295, 1, '2018-08-24 16:07:04', 'Melakukan Transaksi'),
(296, 1, '2018-08-24 16:07:31', 'Melakukan Transaksi'),
(297, 1, '2018-08-24 16:11:45', 'Melakukan Transaksi'),
(298, 1, '2018-08-24 16:13:05', 'Melakukan Transaksi'),
(299, 1, '2018-08-24 16:13:10', 'Telah Logout'),
(300, 1, '2018-08-24 21:31:18', 'Telah Login'),
(301, 1, '2018-08-24 21:33:50', 'Melakukan Transaksi'),
(302, 1, '2018-08-24 21:34:45', 'Melakukan Transaksi'),
(303, 1, '2018-08-24 21:35:25', 'Melakukan Transaksi'),
(304, 1, '2018-08-24 21:35:46', 'Melakukan Transaksi'),
(305, 1, '2018-08-24 21:36:13', 'Melakukan Transaksi'),
(306, 1, '2018-08-24 21:36:30', 'Melakukan Transaksi'),
(307, 1, '2018-08-24 21:36:53', 'Melakukan Transaksi'),
(308, 1, '2018-08-24 21:37:24', 'Melakukan Transaksi'),
(309, 1, '2018-08-24 21:37:46', 'Melakukan Transaksi'),
(310, 1, '2018-08-24 21:38:17', 'Melakukan Transaksi'),
(311, 1, '2018-08-24 21:38:54', 'Melakukan Transaksi'),
(312, 1, '2018-08-24 21:39:15', 'Melakukan Transaksi'),
(313, 1, '2018-08-24 21:39:39', 'Melakukan Transaksi'),
(314, 1, '2018-08-24 21:40:05', 'Melakukan Transaksi'),
(315, 1, '2018-08-24 21:40:31', 'Melakukan Transaksi'),
(316, 1, '2018-08-24 21:41:05', 'Melakukan Transaksi'),
(317, 1, '2018-08-24 21:41:25', 'Melakukan Transaksi'),
(318, 1, '2018-08-24 21:41:43', 'Melakukan Transaksi'),
(319, 1, '2018-08-24 21:42:01', 'Melakukan Transaksi'),
(320, 1, '2018-08-24 21:42:32', 'Melakukan Transaksi'),
(321, 1, '2018-08-24 21:42:50', 'Melakukan Transaksi'),
(322, 1, '2018-08-24 21:43:08', 'Melakukan Transaksi'),
(323, 1, '2018-08-24 21:44:06', 'Melakukan Transaksi'),
(324, 1, '2018-08-25 02:06:18', 'Telah Login'),
(325, 1, '2018-08-25 02:08:33', 'Melakukan Transaksi'),
(326, 1, '2018-08-25 02:09:05', 'Melakukan Transaksi'),
(327, 1, '2018-08-25 02:11:14', 'Melakukan Transaksi'),
(328, 1, '2018-08-25 02:11:35', 'Melakukan Transaksi'),
(329, 1, '2018-08-25 02:11:57', 'Melakukan Transaksi'),
(330, 1, '2018-08-25 02:12:21', 'Melakukan Transaksi'),
(331, 1, '2018-08-25 02:13:07', 'Melakukan Transaksi'),
(332, 1, '2018-08-25 02:13:43', 'Melakukan Transaksi'),
(333, 1, '2018-08-25 02:14:10', 'Melakukan Transaksi'),
(334, 1, '2018-08-25 02:14:27', 'Melakukan Transaksi'),
(335, 1, '2018-08-25 02:14:46', 'Melakukan Transaksi'),
(336, 1, '2018-08-25 02:15:07', 'Melakukan Transaksi'),
(337, 1, '2018-08-25 02:15:42', 'Melakukan Transaksi'),
(338, 1, '2018-08-25 02:16:05', 'Melakukan Transaksi'),
(339, 1, '2018-08-25 02:16:39', 'Melakukan Transaksi'),
(340, 1, '2018-08-25 02:17:04', 'Melakukan Transaksi'),
(341, 1, '2018-08-25 02:17:23', 'Melakukan Transaksi'),
(342, 1, '2018-08-25 02:17:40', 'Melakukan Transaksi'),
(343, 1, '2018-08-25 02:17:59', 'Melakukan Transaksi'),
(344, 1, '2018-08-25 02:18:35', 'Melakukan Transaksi'),
(345, 1, '2018-08-25 02:18:56', 'Melakukan Transaksi'),
(346, 1, '2018-08-25 02:19:22', 'Melakukan Transaksi'),
(347, 1, '2018-08-25 02:20:17', 'Melakukan Transaksi'),
(348, 1, '2018-08-25 02:20:39', 'Melakukan Transaksi'),
(349, 1, '2018-08-25 02:21:17', 'Melakukan Transaksi'),
(350, 1, '2018-08-25 02:22:01', 'Melakukan Transaksi'),
(351, 1, '2018-08-25 02:22:26', 'Melakukan Transaksi'),
(352, 1, '2018-08-25 02:23:00', 'Melakukan Transaksi'),
(353, 1, '2018-08-25 02:23:19', 'Melakukan Transaksi'),
(354, 1, '2018-08-25 02:23:47', 'Telah Logout'),
(355, 1, '2018-08-25 07:55:23', 'Telah Login'),
(356, 1, '2018-08-25 08:27:14', 'Melakukan Transaksi'),
(357, 1, '2018-08-25 08:27:35', 'Melakukan Transaksi'),
(358, 1, '2018-08-25 08:28:54', 'Melakukan Transaksi'),
(359, 1, '2018-08-25 08:29:14', 'Melakukan Transaksi'),
(360, 1, '2018-08-25 08:29:34', 'Melakukan Transaksi'),
(361, 1, '2018-08-25 08:29:48', 'Melakukan Transaksi'),
(362, 1, '2018-08-25 08:30:17', 'Melakukan Transaksi'),
(363, 1, '2018-08-25 08:38:21', 'Melakukan Transaksi'),
(364, 1, '2018-08-25 08:38:38', 'Melakukan Transaksi'),
(365, 1, '2018-08-25 08:38:58', 'Melakukan Transaksi'),
(366, 1, '2018-08-25 08:40:14', 'Melakukan Transaksi'),
(367, 1, '2018-08-25 08:40:34', 'Melakukan Transaksi'),
(368, 1, '2018-08-25 08:40:55', 'Melakukan Transaksi'),
(369, 1, '2018-08-25 08:41:12', 'Melakukan Transaksi'),
(370, 1, '2018-08-25 10:48:18', 'Telah Login'),
(371, 1, '2018-08-25 10:48:34', 'Melakukan Transaksi'),
(372, 1, '2018-08-25 10:50:57', 'Melakukan Transaksi'),
(373, 1, '2018-08-25 11:04:38', 'Melakukan Transaksi'),
(374, 1, '2018-08-25 11:05:14', 'Melakukan Transaksi'),
(375, 1, '2018-08-25 11:05:30', 'Melakukan Transaksi'),
(376, 1, '2018-08-25 11:05:48', 'Melakukan Transaksi'),
(377, 1, '2018-08-25 12:02:34', 'Telah Login'),
(378, 1, '2018-08-25 12:02:55', 'Melakukan Transaksi'),
(379, 1, '2018-08-25 12:03:12', 'Melakukan Transaksi'),
(380, 1, '2018-08-25 12:04:56', 'Melakukan Transaksi'),
(381, 1, '2018-08-25 12:05:13', 'Melakukan Transaksi'),
(382, 1, '2018-08-25 12:05:27', 'Melakukan Transaksi'),
(383, 1, '2018-08-25 12:05:50', 'Melakukan Transaksi'),
(384, 1, '2018-08-25 12:06:07', 'Melakukan Transaksi'),
(385, 1, '2018-08-25 12:06:24', 'Melakukan Transaksi'),
(386, 1, '2018-08-25 12:06:38', 'Melakukan Transaksi'),
(387, 1, '2018-08-25 12:07:24', 'Melakukan Transaksi'),
(388, 1, '2018-08-25 12:09:05', 'Melakukan Transaksi'),
(389, 1, '2018-08-25 12:09:23', 'Melakukan Transaksi'),
(390, 1, '2018-08-25 12:09:41', 'Melakukan Transaksi'),
(391, 1, '2018-08-25 12:09:56', 'Melakukan Transaksi'),
(392, 1, '2018-08-25 12:10:13', 'Melakukan Transaksi'),
(393, 1, '2018-08-25 12:10:31', 'Melakukan Transaksi'),
(394, 1, '2018-08-25 12:10:54', 'Melakukan Transaksi'),
(395, 1, '2018-08-25 12:11:14', 'Melakukan Transaksi'),
(396, 1, '2018-08-25 12:11:28', 'Melakukan Transaksi'),
(397, 1, '2018-08-25 12:11:42', 'Melakukan Transaksi'),
(398, 1, '2018-08-25 12:11:55', 'Melakukan Transaksi'),
(399, 1, '2018-08-25 12:12:12', 'Melakukan Transaksi'),
(400, 1, '2018-08-25 12:12:53', 'Melakukan Transaksi'),
(401, 1, '2018-08-25 12:13:11', 'Melakukan Transaksi'),
(402, 1, '2018-08-25 12:16:02', 'Melakukan Transaksi'),
(403, 1, '2018-08-25 12:16:17', 'Melakukan Transaksi'),
(404, 1, '2018-08-25 12:16:32', 'Melakukan Transaksi'),
(405, 1, '2018-08-25 12:16:47', 'Melakukan Transaksi'),
(406, 1, '2018-08-25 12:17:01', 'Melakukan Transaksi'),
(407, 1, '2018-08-25 12:17:16', 'Melakukan Transaksi'),
(408, 1, '2018-08-25 12:17:46', 'Melakukan Transaksi'),
(409, 1, '2018-08-25 12:17:59', 'Melakukan Transaksi'),
(410, 1, '2018-08-25 12:18:14', 'Melakukan Transaksi'),
(411, 1, '2018-08-25 12:18:30', 'Melakukan Transaksi'),
(412, 1, '2018-08-25 12:18:43', 'Melakukan Transaksi'),
(413, 1, '2018-08-25 12:18:58', 'Melakukan Transaksi'),
(414, 1, '2018-08-25 12:19:13', 'Melakukan Transaksi'),
(415, 1, '2018-08-25 12:19:26', 'Melakukan Transaksi'),
(416, 1, '2018-08-25 12:19:39', 'Melakukan Transaksi'),
(417, 1, '2018-08-25 12:19:53', 'Melakukan Transaksi'),
(418, 1, '2018-08-25 12:20:24', 'Melakukan Transaksi'),
(419, 1, '2018-08-25 12:20:55', 'Melakukan Transaksi'),
(420, 1, '2018-08-25 12:21:12', 'Melakukan Transaksi'),
(421, 1, '2018-08-25 12:21:28', 'Melakukan Transaksi'),
(422, 1, '2018-08-25 12:21:48', 'Melakukan Transaksi'),
(423, 1, '2018-08-25 12:22:04', 'Melakukan Transaksi'),
(424, 1, '2018-08-25 12:22:24', 'Melakukan Transaksi'),
(425, 1, '2018-08-25 12:23:33', 'Melakukan Transaksi'),
(426, 1, '2018-08-25 12:24:02', 'Melakukan Transaksi'),
(427, 1, '2018-08-25 12:24:23', 'Melakukan Transaksi'),
(428, 1, '2018-08-25 12:27:57', 'Melakukan Transaksi'),
(429, 1, '2018-08-25 12:28:12', 'Melakukan Transaksi'),
(430, 1, '2018-08-25 12:28:24', 'Melakukan Transaksi'),
(431, 1, '2018-08-25 12:28:37', 'Melakukan Transaksi'),
(432, 1, '2018-08-25 12:30:52', 'Melakukan Transaksi'),
(433, 1, '2018-08-25 12:31:07', 'Melakukan Transaksi'),
(434, 1, '2018-08-25 12:31:24', 'Melakukan Transaksi'),
(435, 1, '2018-08-25 12:31:37', 'Melakukan Transaksi'),
(436, 1, '2018-08-25 12:31:42', 'Menghapus Pembayaran'),
(437, 1, '2018-08-25 12:31:52', 'Melakukan Transaksi'),
(438, 1, '2018-08-25 12:32:04', 'Melakukan Transaksi'),
(439, 1, '2018-08-25 12:32:20', 'Melakukan Transaksi'),
(440, 1, '2018-08-25 12:32:35', 'Melakukan Transaksi'),
(441, 1, '2018-08-25 12:32:49', 'Melakukan Transaksi'),
(442, 1, '2018-08-25 12:37:19', 'Menghapus Pembayaran'),
(443, 1, '2018-08-25 12:37:38', 'Melakukan Transaksi'),
(444, 1, '2018-08-25 12:38:02', 'Menghapus Pembayaran'),
(445, 1, '2018-08-25 12:39:04', 'Melakukan Transaksi'),
(446, 1, '2018-08-25 12:39:38', 'Melakukan Transaksi'),
(447, 1, '2018-08-25 12:39:57', 'Melakukan Transaksi'),
(448, 1, '2018-08-25 12:42:57', 'Melakukan Transaksi'),
(449, 1, '2018-08-25 12:43:10', 'Melakukan Transaksi'),
(450, 1, '2018-08-25 12:43:30', 'Melakukan Transaksi'),
(451, 1, '2018-08-25 12:43:44', 'Melakukan Transaksi'),
(452, 1, '2018-08-25 12:43:56', 'Melakukan Transaksi'),
(453, 1, '2018-08-25 12:44:09', 'Melakukan Transaksi'),
(454, 1, '2018-08-25 12:44:21', 'Melakukan Transaksi'),
(455, 1, '2018-08-25 12:44:45', 'Melakukan Transaksi'),
(456, 1, '2018-08-25 12:44:58', 'Melakukan Transaksi'),
(457, 1, '2018-08-25 12:45:10', 'Melakukan Transaksi'),
(458, 1, '2018-08-25 12:45:24', 'Melakukan Transaksi'),
(459, 1, '2018-08-25 12:45:41', 'Melakukan Transaksi'),
(460, 1, '2018-08-25 12:45:56', 'Melakukan Transaksi'),
(461, 1, '2018-08-25 13:10:05', 'Melakukan Transaksi'),
(462, 1, '2018-08-25 13:10:20', 'Melakukan Transaksi'),
(463, 1, '2018-08-25 13:10:33', 'Melakukan Transaksi'),
(464, 1, '2018-08-25 13:10:48', 'Melakukan Transaksi'),
(465, 1, '2018-08-25 13:11:03', 'Melakukan Transaksi'),
(466, 1, '2018-08-25 13:27:39', 'Melakukan Transaksi'),
(467, 1, '2018-08-25 13:33:27', 'Melakukan Transaksi'),
(468, 1, '2018-08-25 13:33:55', 'Melakukan Transaksi'),
(469, 1, '2018-08-25 13:34:10', 'Melakukan Transaksi'),
(470, 1, '2018-08-25 13:34:30', 'Melakukan Transaksi'),
(471, 1, '2018-08-25 13:34:44', 'Melakukan Transaksi'),
(472, 1, '2018-08-25 13:35:00', 'Melakukan Transaksi'),
(473, 1, '2018-08-25 13:35:18', 'Melakukan Transaksi'),
(474, 1, '2018-08-25 13:35:30', 'Melakukan Transaksi'),
(475, 1, '2018-08-25 13:35:45', 'Melakukan Transaksi'),
(476, 1, '2018-08-25 13:35:59', 'Melakukan Transaksi'),
(477, 1, '2018-08-25 13:36:15', 'Melakukan Transaksi'),
(478, 1, '2018-08-25 13:36:28', 'Melakukan Transaksi'),
(479, 1, '2018-08-25 13:36:40', 'Melakukan Transaksi'),
(480, 1, '2018-08-25 13:36:53', 'Melakukan Transaksi'),
(481, 1, '2018-08-25 13:37:13', 'Melakukan Transaksi'),
(482, 1, '2018-08-25 13:37:27', 'Melakukan Transaksi'),
(483, 1, '2018-08-25 13:37:43', 'Melakukan Transaksi'),
(484, 1, '2018-08-25 13:37:56', 'Melakukan Transaksi'),
(485, 1, '2018-08-25 13:38:11', 'Melakukan Transaksi'),
(486, 1, '2018-08-25 13:40:05', 'Menghapus Pembayaran'),
(487, 1, '2018-08-25 13:40:35', 'Melakukan Transaksi'),
(488, 1, '2018-08-25 13:40:54', 'Melakukan Transaksi'),
(489, 1, '2018-08-25 13:41:14', 'Melakukan Transaksi'),
(490, 1, '2018-08-25 13:41:31', 'Melakukan Transaksi'),
(491, 1, '2018-08-25 13:41:44', 'Melakukan Transaksi'),
(492, 1, '2018-08-25 13:42:23', 'Melakukan Transaksi'),
(493, 1, '2018-08-25 13:42:50', 'Melakukan Transaksi'),
(494, 1, '2018-08-25 13:43:08', 'Melakukan Transaksi'),
(495, 1, '2018-08-25 13:43:21', 'Melakukan Transaksi'),
(496, 1, '2018-08-25 13:43:54', 'Melakukan Transaksi'),
(497, 1, '2018-08-25 13:44:42', 'Melakukan Transaksi'),
(498, 1, '2018-08-25 13:44:58', 'Melakukan Transaksi'),
(499, 1, '2018-08-25 13:45:20', 'Melakukan Transaksi'),
(500, 1, '2018-08-25 13:45:34', 'Melakukan Transaksi'),
(501, 1, '2018-08-25 13:45:46', 'Melakukan Transaksi'),
(502, 1, '2018-08-25 13:45:58', 'Melakukan Transaksi'),
(503, 1, '2018-08-25 13:46:10', 'Melakukan Transaksi'),
(504, 1, '2018-08-25 13:46:24', 'Melakukan Transaksi'),
(505, 1, '2018-08-25 13:46:38', 'Melakukan Transaksi'),
(506, 1, '2018-08-25 13:46:51', 'Melakukan Transaksi'),
(507, 1, '2018-08-25 13:47:13', 'Melakukan Transaksi'),
(508, 1, '2018-08-25 13:47:21', 'Menghapus Pembayaran'),
(509, 1, '2018-08-25 13:47:43', 'Melakukan Transaksi'),
(510, 1, '2018-08-25 13:47:54', 'Melakukan Transaksi'),
(511, 1, '2018-08-25 13:48:07', 'Melakukan Transaksi'),
(512, 1, '2018-08-25 13:48:19', 'Melakukan Transaksi'),
(513, 1, '2018-08-25 13:48:30', 'Melakukan Transaksi'),
(514, 1, '2018-08-25 13:48:42', 'Melakukan Transaksi'),
(515, 1, '2018-08-25 13:48:48', 'Menghapus Pembayaran'),
(516, 1, '2018-08-25 13:49:15', 'Melakukan Transaksi'),
(517, 1, '2018-08-25 13:49:32', 'Melakukan Transaksi'),
(518, 1, '2018-08-25 13:49:55', 'Melakukan Transaksi'),
(519, 1, '2018-08-25 13:50:32', 'Melakukan Transaksi'),
(520, 1, '2018-08-25 13:50:46', 'Melakukan Transaksi'),
(521, 1, '2018-08-25 13:51:06', 'Melakukan Transaksi'),
(522, 1, '2018-08-25 13:51:18', 'Melakukan Transaksi'),
(523, 1, '2018-08-25 13:51:32', 'Melakukan Transaksi'),
(524, 1, '2018-08-25 13:51:49', 'Melakukan Transaksi'),
(525, 1, '2018-08-25 13:54:07', 'Melakukan Transaksi'),
(526, 1, '2018-08-25 13:54:54', 'Melakukan Transaksi'),
(527, 1, '2018-08-25 13:55:41', 'Melakukan Transaksi'),
(528, 1, '2018-08-25 13:55:56', 'Melakukan Transaksi'),
(529, 1, '2018-08-25 13:56:22', 'Melakukan Transaksi'),
(530, 1, '2018-08-25 13:56:36', 'Melakukan Transaksi'),
(531, 1, '2018-08-25 13:56:49', 'Melakukan Transaksi'),
(532, 1, '2018-08-25 13:57:02', 'Melakukan Transaksi'),
(533, 1, '2018-08-25 13:57:16', 'Melakukan Transaksi'),
(534, 1, '2018-08-25 13:57:36', 'Melakukan Transaksi'),
(535, 1, '2018-08-25 13:57:51', 'Melakukan Transaksi'),
(536, 1, '2018-08-25 13:58:28', 'Melakukan Transaksi'),
(537, 1, '2018-08-25 13:58:43', 'Melakukan Transaksi'),
(538, 1, '2018-08-25 13:58:56', 'Melakukan Transaksi'),
(539, 1, '2018-08-25 13:59:16', 'Melakukan Transaksi'),
(540, 1, '2018-08-25 13:59:51', 'Melakukan Transaksi'),
(541, 1, '2018-08-25 14:00:04', 'Melakukan Transaksi'),
(542, 1, '2018-08-25 14:00:17', 'Melakukan Transaksi'),
(543, 1, '2018-08-25 14:02:20', 'Melakukan Transaksi'),
(544, 1, '2018-08-25 14:02:33', 'Melakukan Transaksi'),
(545, 1, '2018-08-25 14:02:48', 'Melakukan Transaksi'),
(546, 1, '2018-08-25 14:08:16', 'Menghapus Pembayaran'),
(547, 1, '2018-08-25 14:08:20', 'Menghapus Pembayaran'),
(548, 1, '2018-08-25 14:08:35', 'Telah Logout'),
(549, 1, '2018-08-25 23:24:26', 'Telah Login'),
(550, 1, '2018-08-25 23:25:29', 'Telah Logout'),
(551, 1, '2018-08-26 11:47:33', 'Telah Login'),
(552, 1, '2018-08-26 12:00:28', 'Telah Login'),
(553, 1, '2018-08-26 12:00:35', 'Telah Login'),
(554, 1, '2018-08-26 12:04:34', 'Melakukan Transaksi'),
(555, 1, '2018-08-26 12:04:59', 'Melakukan Transaksi'),
(556, 1, '2018-08-26 12:05:52', 'Melakukan Transaksi'),
(557, 1, '2018-08-26 12:06:13', 'Melakukan Transaksi'),
(558, 1, '2018-08-26 12:07:25', 'Melakukan Transaksi'),
(559, 1, '2018-08-26 12:07:46', 'Melakukan Transaksi'),
(560, 1, '2018-08-26 12:08:01', 'Melakukan Transaksi'),
(561, 1, '2018-08-26 12:08:36', 'Melakukan Transaksi'),
(562, 1, '2018-08-26 12:08:51', 'Menghapus Pembayaran'),
(563, 1, '2018-08-26 12:09:26', 'Melakukan Transaksi'),
(564, 1, '2018-08-26 12:26:18', 'Melakukan Transaksi'),
(565, 1, '2018-08-26 12:26:39', 'Melakukan Transaksi'),
(566, 1, '2018-08-26 12:27:12', 'Melakukan Transaksi'),
(567, 1, '2018-08-26 12:27:30', 'Melakukan Transaksi'),
(568, 1, '2018-08-26 12:27:45', 'Melakukan Transaksi'),
(569, 1, '2018-08-26 12:28:24', 'Melakukan Transaksi'),
(570, 1, '2018-08-26 12:28:41', 'Melakukan Transaksi'),
(571, 1, '2018-08-26 12:28:55', 'Melakukan Transaksi'),
(572, 1, '2018-08-26 12:29:12', 'Melakukan Transaksi'),
(573, 1, '2018-08-26 12:29:26', 'Melakukan Transaksi'),
(574, 1, '2018-08-26 12:29:40', 'Melakukan Transaksi'),
(575, 1, '2018-08-26 12:30:24', 'Melakukan Transaksi'),
(576, 1, '2018-08-26 12:30:41', 'Melakukan Transaksi'),
(577, 1, '2018-08-26 12:31:39', 'Melakukan Transaksi'),
(578, 1, '2018-08-26 12:33:18', 'Melakukan Transaksi'),
(579, 1, '2018-08-26 12:33:34', 'Melakukan Transaksi'),
(580, 1, '2018-08-26 12:33:57', 'Melakukan Transaksi'),
(581, 1, '2018-08-26 12:34:19', 'Melakukan Transaksi'),
(582, 1, '2018-08-26 12:35:05', 'Melakukan Transaksi'),
(583, 1, '2018-08-26 12:37:12', 'Melakukan Transaksi'),
(584, 1, '2018-08-26 12:37:33', 'Melakukan Transaksi'),
(585, 1, '2018-08-26 12:37:47', 'Melakukan Transaksi'),
(586, 1, '2018-08-26 12:38:22', 'Melakukan Transaksi'),
(587, 1, '2018-08-26 12:40:17', 'Melakukan Transaksi'),
(588, 1, '2018-08-26 12:40:34', 'Melakukan Transaksi'),
(589, 1, '2018-08-26 12:40:49', 'Melakukan Transaksi'),
(590, 1, '2018-08-26 12:41:11', 'Melakukan Transaksi'),
(591, 1, '2018-08-26 12:41:27', 'Melakukan Transaksi'),
(592, 1, '2018-08-26 12:48:55', 'Melakukan Transaksi'),
(593, 1, '2018-08-26 12:49:08', 'Melakukan Transaksi'),
(594, 1, '2018-08-26 12:49:37', 'Melakukan Transaksi'),
(595, 1, '2018-08-26 12:51:15', 'Menghapus Pembayaran'),
(596, 1, '2018-08-26 12:51:54', 'Melakukan Transaksi'),
(597, 1, '2018-08-26 12:52:11', 'Melakukan Transaksi'),
(598, 1, '2018-08-26 12:52:27', 'Melakukan Transaksi'),
(599, 1, '2018-08-26 12:56:05', 'Telah Logout'),
(600, 1, '2018-08-26 18:27:20', 'Telah Login'),
(601, 1, '2018-08-26 18:27:24', 'Telah Login'),
(602, 1, '2018-08-26 18:27:28', 'Telah Login'),
(603, 1, '2018-08-27 08:50:19', 'Telah Login'),
(604, 1, '2018-08-27 10:12:07', 'Telah Login'),
(605, 1, '2018-08-27 10:12:28', 'Telah Logout'),
(606, 0, '2018-08-27 10:12:30', 'Telah Logout'),
(607, 1, '2018-08-28 13:09:32', 'Telah Login'),
(608, 1, '2018-08-28 13:14:02', 'Melakukan Transaksi'),
(609, 1, '2018-08-28 13:14:19', 'Melakukan Transaksi'),
(610, 1, '2018-08-28 13:14:33', 'Melakukan Transaksi'),
(611, 1, '2018-08-28 13:14:44', 'Melakukan Transaksi'),
(612, 1, '2018-08-28 13:14:57', 'Melakukan Transaksi'),
(613, 1, '2018-08-28 13:16:06', 'Melakukan Transaksi'),
(614, 1, '2018-08-28 13:16:37', 'Melakukan Transaksi'),
(615, 1, '2018-08-28 13:16:52', 'Melakukan Transaksi'),
(616, 1, '2018-08-28 13:17:10', 'Melakukan Transaksi'),
(617, 1, '2018-08-28 13:17:27', 'Melakukan Transaksi'),
(618, 1, '2018-08-28 13:17:43', 'Melakukan Transaksi'),
(619, 1, '2018-08-28 13:40:18', 'Melakukan Transaksi'),
(620, 1, '2018-08-28 13:40:42', 'Melakukan Transaksi'),
(621, 1, '2018-08-28 13:40:57', 'Melakukan Transaksi'),
(622, 1, '2018-08-28 13:41:09', 'Melakukan Transaksi'),
(623, 1, '2018-08-28 13:41:56', 'Melakukan Transaksi'),
(624, 1, '2018-08-28 13:42:15', 'Melakukan Transaksi'),
(625, 1, '2018-08-28 13:42:29', 'Melakukan Transaksi'),
(626, 1, '2018-08-28 13:42:45', 'Melakukan Transaksi'),
(627, 1, '2018-08-28 13:42:56', 'Melakukan Transaksi'),
(628, 1, '2018-08-28 13:43:08', 'Melakukan Transaksi'),
(629, 1, '2018-08-28 13:43:21', 'Melakukan Transaksi'),
(630, 1, '2018-08-28 13:44:01', 'Melakukan Transaksi'),
(631, 1, '2018-08-28 13:44:15', 'Melakukan Transaksi'),
(632, 1, '2018-08-28 13:44:33', 'Melakukan Transaksi'),
(633, 1, '2018-08-28 13:48:19', 'Melakukan Transaksi'),
(634, 1, '2018-08-28 13:49:06', 'Melakukan Transaksi'),
(635, 1, '2018-08-28 13:49:24', 'Melakukan Transaksi'),
(636, 1, '2018-08-28 13:49:45', 'Melakukan Transaksi'),
(637, 1, '2018-08-28 13:50:07', 'Melakukan Transaksi'),
(638, 1, '2018-08-28 14:04:43', 'Melakukan Transaksi'),
(639, 1, '2018-08-28 14:05:42', 'Melakukan Transaksi'),
(640, 1, '2018-08-28 14:05:53', 'Melakukan Transaksi'),
(641, 1, '2018-08-28 14:36:18', 'Melakukan Transaksi'),
(642, 1, '2018-08-28 14:36:31', 'Melakukan Transaksi'),
(643, 1, '2018-08-28 14:44:04', 'Melakukan Transaksi'),
(644, 1, '2018-08-28 14:44:30', 'Melakukan Transaksi'),
(645, 1, '2018-08-28 14:45:11', 'Melakukan Transaksi'),
(646, 1, '2018-08-28 14:45:23', 'Melakukan Transaksi'),
(647, 1, '2018-08-28 14:45:37', 'Menghapus Pembayaran'),
(648, 1, '2018-08-28 15:13:27', 'Melakukan Transaksi'),
(649, 1, '2018-08-28 15:13:47', 'Melakukan Transaksi'),
(650, 1, '2018-08-29 14:10:39', 'Telah Login'),
(651, 1, '2018-08-29 14:45:47', 'Telah Login'),
(652, 1, '2018-08-29 14:49:16', 'Melakukan Transaksi'),
(653, 1, '2018-08-29 14:49:49', 'Melakukan Transaksi'),
(654, 1, '2018-08-29 15:43:09', 'Telah Login'),
(655, 1, '2018-08-29 15:44:40', 'Melakukan Transaksi'),
(656, 1, '2018-08-29 15:45:38', 'Melakukan Transaksi'),
(657, 1, '2018-08-29 15:46:26', 'Menghapus Pembayaran'),
(658, 1, '2018-08-29 15:47:11', 'Melakukan Transaksi'),
(659, 1, '2018-08-29 15:47:30', 'Melakukan Transaksi'),
(660, 1, '2018-08-29 15:47:43', 'Melakukan Transaksi'),
(661, 1, '2018-08-29 15:48:04', 'Melakukan Transaksi'),
(662, 1, '2018-08-29 15:48:20', 'Melakukan Transaksi'),
(663, 1, '2018-08-29 15:48:34', 'Melakukan Transaksi'),
(664, 1, '2018-08-29 15:49:02', 'Melakukan Transaksi'),
(665, 1, '2018-08-29 15:49:16', 'Melakukan Transaksi'),
(666, 1, '2018-08-29 15:49:35', 'Melakukan Transaksi'),
(667, 1, '2018-08-29 15:49:47', 'Melakukan Transaksi'),
(668, 1, '2018-08-29 15:50:19', 'Melakukan Transaksi'),
(669, 1, '2018-08-29 15:50:45', 'Melakukan Transaksi'),
(670, 1, '2018-08-29 15:51:10', 'Melakukan Transaksi'),
(671, 1, '2018-08-29 15:51:19', 'Melakukan Transaksi'),
(672, 1, '2018-08-29 15:51:42', 'Melakukan Transaksi'),
(673, 1, '2018-08-29 15:51:58', 'Melakukan Transaksi'),
(674, 1, '2018-08-29 15:52:23', 'Menghapus Pembayaran'),
(675, 1, '2018-08-29 17:02:37', 'Telah Login'),
(676, 1, '2018-08-29 17:05:41', 'Telah Logout'),
(677, 1, '2018-08-30 13:48:03', 'Telah Login'),
(678, 1, '2018-08-30 14:01:13', 'Melakukan Transaksi'),
(679, 1, '2018-08-30 14:04:12', 'Melakukan Transaksi'),
(680, 1, '2018-08-30 14:04:29', 'Melakukan Transaksi'),
(681, 1, '2018-08-30 14:04:48', 'Melakukan Transaksi'),
(682, 1, '2018-08-30 14:04:59', 'Melakukan Transaksi'),
(683, 1, '2018-08-30 14:06:03', 'Melakukan Transaksi'),
(684, 1, '2018-08-30 14:06:16', 'Melakukan Transaksi'),
(685, 1, '2018-08-30 14:06:53', 'Melakukan Transaksi'),
(686, 1, '2018-08-30 14:07:23', 'Melakukan Transaksi'),
(687, 1, '2018-08-30 14:07:40', 'Melakukan Transaksi'),
(688, 1, '2018-08-30 14:07:58', 'Melakukan Transaksi'),
(689, 1, '2018-08-30 14:08:17', 'Melakukan Transaksi'),
(690, 1, '2018-08-30 14:08:30', 'Melakukan Transaksi'),
(691, 1, '2018-08-30 18:11:36', 'Telah Login'),
(692, 1, '2018-08-30 18:14:43', 'Telah Logout'),
(693, 0, '2018-08-30 18:14:45', 'Telah Logout'),
(694, 1, '2018-08-31 14:48:25', 'Telah Login'),
(695, 1, '2018-08-31 15:18:34', 'Telah Logout'),
(696, 1, '2018-08-31 19:00:10', 'Telah Login'),
(697, 1, '2018-08-31 19:01:04', 'Telah Logout'),
(698, 1, '2018-09-01 08:10:35', 'Telah Login'),
(699, 1, '2018-09-01 08:10:59', 'Mengubah Siswa EMALIA FITARA'),
(700, 1, '2018-09-01 08:11:16', 'Telah Logout'),
(701, 1, '2018-09-01 13:24:43', 'Telah Login'),
(702, 1, '2018-09-01 13:28:03', 'Melakukan Transaksi'),
(703, 1, '2018-09-01 13:28:27', 'Melakukan Transaksi'),
(704, 1, '2018-09-01 13:28:48', 'Melakukan Transaksi'),
(705, 1, '2018-09-01 13:29:03', 'Melakukan Transaksi'),
(706, 1, '2018-09-01 13:29:19', 'Melakukan Transaksi'),
(707, 1, '2018-09-01 13:30:47', 'Melakukan Transaksi'),
(708, 1, '2018-09-01 13:35:41', 'Melakukan Transaksi'),
(709, 1, '2018-09-01 13:36:06', 'Melakukan Transaksi'),
(710, 1, '2018-09-01 13:36:20', 'Melakukan Transaksi'),
(711, 1, '2018-09-01 13:36:32', 'Melakukan Transaksi'),
(712, 1, '2018-09-01 13:36:49', 'Melakukan Transaksi'),
(713, 1, '2018-09-01 13:37:06', 'Melakukan Transaksi'),
(714, 1, '2018-09-01 13:37:23', 'Melakukan Transaksi'),
(715, 1, '2018-09-01 13:37:42', 'Melakukan Transaksi'),
(716, 1, '2018-09-01 13:38:00', 'Melakukan Transaksi'),
(717, 1, '2018-09-01 13:38:19', 'Melakukan Transaksi'),
(718, 1, '2018-09-01 13:38:33', 'Melakukan Transaksi'),
(719, 1, '2018-09-01 13:40:42', 'Melakukan Transaksi'),
(720, 1, '2018-09-01 13:41:00', 'Melakukan Transaksi'),
(721, 1, '2018-09-01 13:41:15', 'Melakukan Transaksi'),
(722, 1, '2018-09-01 13:41:41', 'Melakukan Transaksi'),
(723, 1, '2018-09-01 13:42:05', 'Melakukan Transaksi'),
(724, 1, '2018-09-01 13:43:36', 'Menghapus Pembayaran'),
(725, 1, '2018-09-01 13:43:57', 'Melakukan Transaksi'),
(726, 1, '2018-09-01 13:44:12', 'Melakukan Transaksi'),
(727, 1, '2018-09-01 13:44:35', 'Melakukan Transaksi'),
(728, 1, '2018-09-01 13:44:51', 'Melakukan Transaksi'),
(729, 1, '2018-09-01 13:45:14', 'Melakukan Transaksi'),
(730, 1, '2018-09-01 13:45:27', 'Melakukan Transaksi'),
(731, 1, '2018-09-01 14:32:30', 'Telah Logout'),
(732, 1, '2018-09-03 09:28:09', 'Telah Login'),
(733, 1, '2018-09-03 09:30:03', 'Melakukan Transaksi'),
(734, 1, '2018-09-03 09:30:18', 'Melakukan Transaksi'),
(735, 1, '2018-09-03 09:30:35', 'Melakukan Transaksi'),
(736, 1, '2018-09-03 09:30:56', 'Melakukan Transaksi'),
(737, 1, '2018-09-03 09:31:07', 'Melakukan Transaksi'),
(738, 1, '2018-09-03 09:31:30', 'Melakukan Transaksi'),
(739, 1, '2018-09-03 09:31:44', 'Melakukan Transaksi'),
(740, 1, '2018-09-03 09:32:29', 'Melakukan Transaksi'),
(741, 1, '2018-09-03 09:32:42', 'Melakukan Transaksi'),
(742, 1, '2018-09-03 09:33:01', 'Melakukan Transaksi'),
(743, 1, '2018-09-03 09:33:16', 'Melakukan Transaksi'),
(744, 1, '2018-09-03 09:33:27', 'Melakukan Transaksi'),
(745, 1, '2018-09-03 09:33:45', 'Melakukan Transaksi'),
(746, 1, '2018-09-03 09:34:07', 'Melakukan Transaksi'),
(747, 1, '2018-09-03 09:34:18', 'Melakukan Transaksi'),
(748, 1, '2018-09-03 09:34:29', 'Melakukan Transaksi'),
(749, 1, '2018-09-03 09:34:43', 'Melakukan Transaksi'),
(750, 1, '2018-09-03 09:35:06', 'Melakukan Transaksi'),
(751, 1, '2018-09-03 09:35:19', 'Melakukan Transaksi'),
(752, 1, '2018-09-03 09:35:47', 'Melakukan Transaksi'),
(753, 1, '2018-09-03 09:36:02', 'Melakukan Transaksi'),
(754, 1, '2018-09-03 09:36:28', 'Melakukan Transaksi'),
(755, 1, '2018-09-03 09:36:41', 'Melakukan Transaksi'),
(756, 1, '2018-09-03 09:36:56', 'Melakukan Transaksi'),
(757, 1, '2018-09-03 09:37:10', 'Melakukan Transaksi'),
(758, 1, '2018-09-03 09:37:41', 'Melakukan Transaksi'),
(759, 1, '2018-09-03 09:37:59', 'Menghapus Pembayaran'),
(760, 1, '2018-09-03 09:38:50', 'Melakukan Transaksi'),
(761, 1, '2018-09-03 09:39:03', 'Melakukan Transaksi'),
(762, 1, '2018-09-03 09:39:13', 'Melakukan Transaksi'),
(763, 1, '2018-09-03 09:39:24', 'Melakukan Transaksi'),
(764, 1, '2018-09-03 09:39:36', 'Melakukan Transaksi'),
(765, 1, '2018-09-03 09:39:48', 'Melakukan Transaksi'),
(766, 1, '2018-09-03 09:40:45', 'Melakukan Transaksi'),
(767, 1, '2018-09-03 09:42:23', 'Melakukan Transaksi'),
(768, 1, '2018-09-03 09:42:44', 'Melakukan Transaksi'),
(769, 1, '2018-09-03 09:42:56', 'Melakukan Transaksi'),
(770, 1, '2018-09-03 10:07:41', 'Melakukan Transaksi'),
(771, 1, '2018-09-03 10:07:59', 'Melakukan Transaksi'),
(772, 1, '2018-09-03 10:08:09', 'Melakukan Transaksi'),
(773, 1, '2018-09-03 10:08:37', 'Melakukan Transaksi'),
(774, 1, '2018-09-03 10:08:52', 'Melakukan Transaksi'),
(775, 1, '2018-09-03 10:09:03', 'Melakukan Transaksi'),
(776, 1, '2018-09-03 10:09:14', 'Melakukan Transaksi'),
(777, 1, '2018-09-03 10:09:27', 'Melakukan Transaksi'),
(778, 1, '2018-09-03 10:09:36', 'Melakukan Transaksi'),
(779, 1, '2018-09-03 10:10:04', 'Melakukan Transaksi'),
(780, 1, '2018-09-03 10:10:16', 'Melakukan Transaksi'),
(781, 1, '2018-09-03 10:10:30', 'Melakukan Transaksi'),
(782, 1, '2018-09-03 10:10:53', 'Melakukan Transaksi'),
(783, 1, '2018-09-03 10:11:07', 'Melakukan Transaksi'),
(784, 1, '2018-09-03 10:11:21', 'Melakukan Transaksi'),
(785, 1, '2018-09-03 10:11:42', 'Melakukan Transaksi'),
(786, 1, '2018-09-03 10:11:55', 'Melakukan Transaksi'),
(787, 1, '2018-09-03 10:12:18', 'Melakukan Transaksi'),
(788, 1, '2018-09-03 10:12:40', 'Melakukan Transaksi'),
(789, 1, '2018-09-03 10:12:56', 'Melakukan Transaksi'),
(790, 1, '2018-09-03 10:13:13', 'Melakukan Transaksi'),
(791, 1, '2018-09-03 10:13:26', 'Melakukan Transaksi'),
(792, 1, '2018-09-03 10:13:38', 'Melakukan Transaksi'),
(793, 1, '2018-09-03 10:13:52', 'Melakukan Transaksi'),
(794, 1, '2018-09-03 10:14:04', 'Melakukan Transaksi'),
(795, 1, '2018-09-03 10:14:16', 'Melakukan Transaksi'),
(796, 1, '2018-09-03 10:17:16', 'Melakukan Transaksi'),
(797, 1, '2018-09-03 10:17:29', 'Melakukan Transaksi'),
(798, 1, '2018-09-03 10:17:43', 'Melakukan Transaksi'),
(799, 1, '2018-09-03 10:17:58', 'Melakukan Transaksi'),
(800, 1, '2018-09-03 10:18:12', 'Melakukan Transaksi'),
(801, 1, '2018-09-03 10:18:25', 'Melakukan Transaksi'),
(802, 1, '2018-09-03 10:18:39', 'Melakukan Transaksi'),
(803, 1, '2018-09-03 10:19:03', 'Melakukan Transaksi'),
(804, 1, '2018-09-03 10:19:15', 'Melakukan Transaksi'),
(805, 1, '2018-09-03 10:38:16', 'Melakukan Transaksi'),
(806, 1, '2018-09-03 10:38:30', 'Melakukan Transaksi'),
(807, 1, '2018-09-03 10:38:42', 'Melakukan Transaksi'),
(808, 1, '2018-09-03 10:38:58', 'Melakukan Transaksi'),
(809, 1, '2018-09-03 10:39:12', 'Melakukan Transaksi'),
(810, 1, '2018-09-03 10:39:33', 'Melakukan Transaksi'),
(811, 1, '2018-09-03 10:40:10', 'Melakukan Transaksi'),
(812, 1, '2018-09-03 11:01:49', 'Melakukan Transaksi'),
(813, 1, '2018-09-03 11:01:59', 'Melakukan Transaksi'),
(814, 1, '2018-09-03 11:02:09', 'Melakukan Transaksi'),
(815, 1, '2018-09-03 11:02:20', 'Melakukan Transaksi'),
(816, 1, '2018-09-03 11:02:34', 'Melakukan Transaksi'),
(817, 1, '2018-09-03 11:02:50', 'Melakukan Transaksi'),
(818, 1, '2018-09-03 11:03:04', 'Melakukan Transaksi'),
(819, 1, '2018-09-03 11:03:15', 'Melakukan Transaksi'),
(820, 1, '2018-09-03 11:03:59', 'Melakukan Transaksi'),
(821, 1, '2018-09-03 11:04:12', 'Melakukan Transaksi'),
(822, 1, '2018-09-03 11:04:32', 'Menghapus Pembayaran'),
(823, 1, '2018-09-03 11:04:37', 'Menghapus Pembayaran'),
(824, 1, '2018-09-03 11:53:01', 'Telah Login'),
(825, 1, '2018-09-03 11:53:17', 'Melakukan Transaksi'),
(826, 1, '2018-09-03 11:53:31', 'Melakukan Transaksi'),
(827, 1, '2018-09-03 11:53:44', 'Melakukan Transaksi'),
(828, 1, '2018-09-03 11:53:56', 'Melakukan Transaksi'),
(829, 1, '2018-09-03 11:54:08', 'Melakukan Transaksi'),
(830, 1, '2018-09-03 11:54:22', 'Melakukan Transaksi'),
(831, 1, '2018-09-03 11:54:38', 'Melakukan Transaksi'),
(832, 1, '2018-09-03 11:54:50', 'Melakukan Transaksi'),
(833, 1, '2018-09-03 11:55:05', 'Melakukan Transaksi'),
(834, 1, '2018-09-03 11:55:24', 'Melakukan Transaksi'),
(835, 1, '2018-09-03 11:55:38', 'Melakukan Transaksi'),
(836, 1, '2018-09-03 11:56:10', 'Melakukan Transaksi'),
(837, 1, '2018-09-03 11:56:26', 'Melakukan Transaksi'),
(838, 1, '2018-09-03 12:02:33', 'Melakukan Transaksi'),
(839, 1, '2018-09-03 12:03:06', 'Melakukan Transaksi'),
(840, 1, '2018-09-03 12:08:51', 'Melakukan Transaksi'),
(841, 1, '2018-09-03 12:09:03', 'Melakukan Transaksi'),
(842, 1, '2018-09-03 12:09:19', 'Melakukan Transaksi'),
(843, 1, '2018-09-03 12:09:31', 'Melakukan Transaksi'),
(844, 1, '2018-09-03 12:09:49', 'Melakukan Transaksi'),
(845, 1, '2018-09-03 12:10:01', 'Melakukan Transaksi'),
(846, 1, '2018-09-03 12:10:18', 'Melakukan Transaksi'),
(847, 1, '2018-09-03 12:10:28', 'Melakukan Transaksi'),
(848, 1, '2018-09-03 12:10:38', 'Melakukan Transaksi'),
(849, 1, '2018-09-03 12:10:48', 'Melakukan Transaksi'),
(850, 1, '2018-09-03 12:11:04', 'Melakukan Transaksi'),
(851, 1, '2018-09-03 12:11:11', 'Menghapus Pembayaran'),
(852, 1, '2018-09-03 12:11:23', 'Melakukan Transaksi'),
(853, 1, '2018-09-03 12:11:36', 'Melakukan Transaksi'),
(854, 1, '2018-09-03 12:11:47', 'Melakukan Transaksi'),
(855, 1, '2018-09-03 12:12:01', 'Melakukan Transaksi'),
(856, 1, '2018-09-03 12:12:13', 'Melakukan Transaksi'),
(857, 1, '2018-09-03 12:12:22', 'Melakukan Transaksi'),
(858, 1, '2018-09-03 12:12:37', 'Melakukan Transaksi'),
(859, 1, '2018-09-03 12:12:49', 'Melakukan Transaksi'),
(860, 1, '2018-09-03 12:13:02', 'Melakukan Transaksi'),
(861, 1, '2018-09-03 12:13:13', 'Melakukan Transaksi'),
(862, 1, '2018-09-03 12:14:14', 'Melakukan Transaksi'),
(863, 1, '2018-09-03 12:14:46', 'Melakukan Transaksi'),
(864, 1, '2018-09-03 12:14:58', 'Melakukan Transaksi'),
(865, 1, '2018-09-03 12:15:10', 'Melakukan Transaksi'),
(866, 1, '2018-09-03 12:15:20', 'Melakukan Transaksi'),
(867, 1, '2018-09-03 12:15:35', 'Melakukan Transaksi'),
(868, 1, '2018-09-03 12:17:32', 'Melakukan Transaksi'),
(869, 1, '2018-09-03 12:17:45', 'Melakukan Transaksi'),
(870, 1, '2018-09-03 12:19:21', 'Melakukan Transaksi'),
(871, 1, '2018-09-03 12:27:16', 'Melakukan Transaksi'),
(872, 1, '2018-09-03 12:27:29', 'Melakukan Transaksi'),
(873, 1, '2018-09-03 12:28:29', 'Melakukan Transaksi'),
(874, 1, '2018-09-03 12:28:47', 'Melakukan Transaksi'),
(875, 1, '2018-09-03 12:28:57', 'Melakukan Transaksi'),
(876, 1, '2018-09-03 12:31:19', 'Melakukan Transaksi'),
(877, 1, '2018-09-03 12:31:42', 'Melakukan Transaksi'),
(878, 1, '2018-09-03 12:31:53', 'Melakukan Transaksi'),
(879, 1, '2018-09-03 12:32:04', 'Melakukan Transaksi'),
(880, 1, '2018-09-03 12:32:14', 'Melakukan Transaksi'),
(881, 1, '2018-09-03 12:32:23', 'Melakukan Transaksi'),
(882, 1, '2018-09-03 12:32:33', 'Melakukan Transaksi'),
(883, 1, '2018-09-03 12:32:43', 'Melakukan Transaksi'),
(884, 1, '2018-09-03 12:32:57', 'Melakukan Transaksi'),
(885, 1, '2018-09-03 12:33:06', 'Melakukan Transaksi'),
(886, 1, '2018-09-03 12:33:17', 'Melakukan Transaksi'),
(887, 1, '2018-09-03 12:33:33', 'Melakukan Transaksi'),
(888, 1, '2018-09-03 12:33:44', 'Melakukan Transaksi'),
(889, 1, '2018-09-03 12:33:54', 'Melakukan Transaksi'),
(890, 1, '2018-09-03 14:44:38', 'Telah Login'),
(891, 1, '2018-09-03 14:45:06', 'Melakukan Transaksi'),
(892, 1, '2018-09-03 14:45:21', 'Melakukan Transaksi'),
(893, 1, '2018-09-03 14:45:32', 'Melakukan Transaksi'),
(894, 1, '2018-09-03 14:45:46', 'Melakukan Transaksi'),
(895, 1, '2018-09-03 14:45:58', 'Melakukan Transaksi'),
(896, 1, '2018-09-03 14:46:08', 'Melakukan Transaksi'),
(897, 1, '2018-09-03 14:46:18', 'Melakukan Transaksi'),
(898, 1, '2018-09-03 14:46:30', 'Melakukan Transaksi'),
(899, 1, '2018-09-03 14:46:40', 'Melakukan Transaksi'),
(900, 1, '2018-09-03 14:46:52', 'Melakukan Transaksi'),
(901, 1, '2018-09-03 14:47:03', 'Melakukan Transaksi'),
(902, 1, '2018-09-03 14:47:13', 'Melakukan Transaksi'),
(903, 1, '2018-09-03 14:48:19', 'Melakukan Transaksi'),
(904, 1, '2018-09-03 14:48:35', 'Melakukan Transaksi'),
(905, 1, '2018-09-03 14:48:52', 'Melakukan Transaksi'),
(906, 1, '2018-09-03 14:49:35', 'Melakukan Transaksi'),
(907, 1, '2018-09-03 14:49:44', 'Melakukan Transaksi'),
(908, 1, '2018-09-03 14:50:09', 'Melakukan Transaksi'),
(909, 1, '2018-09-03 14:50:25', 'Melakukan Transaksi'),
(910, 1, '2018-09-03 14:50:47', 'Melakukan Transaksi'),
(911, 1, '2018-09-03 14:50:56', 'Melakukan Transaksi'),
(912, 1, '2018-09-03 14:51:09', 'Melakukan Transaksi'),
(913, 1, '2018-09-03 14:51:20', 'Melakukan Transaksi'),
(914, 1, '2018-09-03 14:51:35', 'Melakukan Transaksi'),
(915, 1, '2018-09-03 14:51:53', 'Melakukan Transaksi'),
(916, 1, '2018-09-03 14:52:15', 'Melakukan Transaksi'),
(917, 1, '2018-09-03 14:52:26', 'Melakukan Transaksi'),
(918, 1, '2018-09-03 14:52:39', 'Melakukan Transaksi'),
(919, 1, '2018-09-03 14:52:53', 'Melakukan Transaksi'),
(920, 1, '2018-09-03 14:53:03', 'Melakukan Transaksi'),
(921, 1, '2018-09-03 14:53:13', 'Melakukan Transaksi'),
(922, 1, '2018-09-03 14:53:55', 'Melakukan Transaksi'),
(923, 1, '2018-09-03 14:54:05', 'Melakukan Transaksi'),
(924, 1, '2018-09-03 14:54:21', 'Melakukan Transaksi'),
(925, 1, '2018-09-03 14:54:39', 'Melakukan Transaksi'),
(926, 1, '2018-09-03 14:54:50', 'Melakukan Transaksi'),
(927, 1, '2018-09-03 14:55:01', 'Melakukan Transaksi'),
(928, 1, '2018-09-03 14:55:12', 'Melakukan Transaksi'),
(929, 1, '2018-09-03 14:55:22', 'Melakukan Transaksi'),
(930, 1, '2018-09-03 14:56:21', 'Melakukan Transaksi'),
(931, 1, '2018-09-03 14:56:35', 'Melakukan Transaksi'),
(932, 1, '2018-09-03 14:56:48', 'Melakukan Transaksi'),
(933, 1, '2018-09-03 15:00:08', 'Melakukan Transaksi'),
(934, 1, '2018-09-03 15:00:21', 'Melakukan Transaksi'),
(935, 1, '2018-09-03 15:00:56', 'Melakukan Transaksi'),
(936, 1, '2018-09-03 15:01:08', 'Melakukan Transaksi'),
(937, 1, '2018-09-03 15:02:48', 'Melakukan Transaksi'),
(938, 1, '2018-09-03 15:03:01', 'Melakukan Transaksi'),
(939, 1, '2018-09-03 15:03:18', 'Melakukan Transaksi'),
(940, 1, '2018-09-03 15:03:44', 'Melakukan Transaksi'),
(941, 1, '2018-09-03 15:03:57', 'Melakukan Transaksi'),
(942, 1, '2018-09-03 15:04:10', 'Melakukan Transaksi'),
(943, 1, '2018-09-03 15:04:26', 'Melakukan Transaksi'),
(944, 1, '2018-09-03 15:04:35', 'Menghapus Pembayaran'),
(945, 1, '2018-09-03 15:04:59', 'Melakukan Transaksi'),
(946, 1, '2018-09-03 15:05:11', 'Melakukan Transaksi'),
(947, 1, '2018-09-03 15:05:28', 'Melakukan Transaksi'),
(948, 1, '2018-09-03 15:06:03', 'Melakukan Transaksi'),
(949, 1, '2018-09-03 15:06:18', 'Melakukan Transaksi'),
(950, 1, '2018-09-03 15:06:42', 'Melakukan Transaksi'),
(951, 1, '2018-09-03 15:06:55', 'Melakukan Transaksi'),
(952, 1, '2018-09-03 15:07:09', 'Melakukan Transaksi'),
(953, 1, '2018-09-03 15:07:27', 'Melakukan Transaksi'),
(954, 1, '2018-09-03 15:07:49', 'Melakukan Transaksi'),
(955, 1, '2018-09-03 15:08:03', 'Melakukan Transaksi'),
(956, 1, '2018-09-03 15:08:26', 'Melakukan Transaksi'),
(957, 1, '2018-09-03 15:22:02', 'Melakukan Transaksi'),
(958, 1, '2018-09-03 15:22:23', 'Melakukan Transaksi'),
(959, 1, '2018-09-03 15:23:07', 'Melakukan Transaksi'),
(960, 1, '2018-09-03 15:23:25', 'Menghapus Pembayaran'),
(961, 1, '2018-09-03 15:24:50', 'Melakukan Transaksi'),
(962, 1, '2018-09-03 15:25:03', 'Melakukan Transaksi'),
(963, 1, '2018-09-03 15:25:12', 'Melakukan Transaksi'),
(964, 1, '2018-09-03 15:25:25', 'Melakukan Transaksi'),
(965, 1, '2018-09-03 19:08:16', 'Telah Login'),
(966, 1, '2018-09-03 19:09:38', 'Telah Logout'),
(967, 1, '2018-09-04 09:17:20', 'Telah Login'),
(968, 1, '2018-09-04 09:21:04', 'Melakukan Transaksi'),
(969, 1, '2018-09-04 09:21:38', 'Melakukan Transaksi'),
(970, 1, '2018-09-04 09:21:49', 'Melakukan Transaksi'),
(971, 1, '2018-09-04 09:22:10', 'Melakukan Transaksi'),
(972, 1, '2018-09-04 09:22:21', 'Melakukan Transaksi'),
(973, 1, '2018-09-04 09:22:38', 'Melakukan Transaksi'),
(974, 1, '2018-09-04 09:22:50', 'Melakukan Transaksi'),
(975, 1, '2018-09-04 09:25:29', 'Melakukan Transaksi'),
(976, 1, '2018-09-04 09:25:40', 'Melakukan Transaksi'),
(977, 1, '2018-09-04 09:26:02', 'Melakukan Transaksi'),
(978, 1, '2018-09-04 09:26:25', 'Melakukan Transaksi'),
(979, 1, '2018-09-04 09:26:54', 'Melakukan Transaksi'),
(980, 1, '2018-09-04 09:27:11', 'Melakukan Transaksi'),
(981, 1, '2018-09-04 09:27:21', 'Menghapus Pembayaran'),
(982, 1, '2018-09-04 09:54:25', 'Melakukan Transaksi'),
(983, 1, '2018-09-04 09:54:45', 'Melakukan Transaksi'),
(984, 1, '2018-09-04 09:54:59', 'Melakukan Transaksi'),
(985, 1, '2018-09-04 09:55:13', 'Melakukan Transaksi'),
(986, 1, '2018-09-04 12:19:15', 'Telah Login'),
(987, 1, '2018-09-04 12:19:36', 'Melakukan Transaksi'),
(988, 1, '2018-09-04 12:19:53', 'Melakukan Transaksi'),
(989, 1, '2018-09-04 12:20:44', 'Melakukan Transaksi'),
(990, 1, '2018-09-04 12:21:05', 'Melakukan Transaksi'),
(991, 1, '2018-09-04 12:21:29', 'Melakukan Transaksi'),
(992, 1, '2018-09-04 12:21:44', 'Melakukan Transaksi'),
(993, 1, '2018-09-04 12:22:06', 'Melakukan Transaksi'),
(994, 1, '2018-09-04 18:02:12', 'Telah Login'),
(995, 1, '2018-09-04 18:18:24', 'Melakukan Transaksi'),
(996, 1, '2018-09-04 18:18:44', 'Melakukan Transaksi'),
(997, 1, '2018-09-04 18:21:04', 'Melakukan Transaksi'),
(998, 1, '2018-09-04 18:21:45', 'Melakukan Transaksi'),
(999, 1, '2018-09-04 18:22:15', 'Melakukan Transaksi'),
(1000, 1, '2018-09-04 18:22:30', 'Melakukan Transaksi'),
(1001, 1, '2018-09-04 18:22:48', 'Melakukan Transaksi'),
(1002, 1, '2018-09-04 18:23:05', 'Melakukan Transaksi'),
(1003, 1, '2018-09-04 18:23:21', 'Melakukan Transaksi'),
(1004, 1, '2018-09-04 18:23:42', 'Telah Login'),
(1005, 1, '2018-09-04 18:23:42', 'Melakukan Transaksi'),
(1006, 1, '2018-09-04 18:24:49', 'Melakukan Transaksi'),
(1007, 1, '2018-09-04 18:25:05', 'Melakukan Transaksi'),
(1008, 1, '2018-09-04 18:25:19', 'Melakukan Transaksi'),
(1009, 1, '2018-09-04 18:25:33', 'Melakukan Transaksi'),
(1010, 1, '2018-09-04 18:25:46', 'Melakukan Transaksi'),
(1011, 1, '2018-09-04 18:26:02', 'Telah Logout'),
(1012, 1, '2018-09-04 18:26:52', 'Melakukan Transaksi'),
(1013, 1, '2018-09-04 18:27:25', 'Melakukan Transaksi'),
(1014, 1, '2018-09-04 18:27:39', 'Melakukan Transaksi'),
(1015, 1, '2018-09-04 18:28:03', 'Melakukan Transaksi'),
(1016, 1, '2018-09-04 18:28:17', 'Melakukan Transaksi'),
(1017, 1, '2018-09-04 18:31:01', 'Melakukan Transaksi'),
(1018, 1, '2018-09-04 18:31:17', 'Melakukan Transaksi'),
(1019, 1, '2018-09-04 18:31:34', 'Melakukan Transaksi'),
(1020, 1, '2018-09-04 18:32:41', 'Melakukan Transaksi'),
(1021, 1, '2018-09-04 18:33:00', 'Melakukan Transaksi'),
(1022, 1, '2018-09-04 18:34:06', 'Melakukan Transaksi'),
(1023, 1, '2018-09-04 18:34:30', 'Melakukan Transaksi');
INSERT INTO `tbl_history` (`id_history`, `id_pegawai`, `waktu_history`, `keterangan_history`) VALUES
(1024, 1, '2018-09-04 18:34:46', 'Melakukan Transaksi'),
(1025, 1, '2018-09-04 18:35:03', 'Melakukan Transaksi'),
(1026, 1, '2018-09-04 18:35:20', 'Melakukan Transaksi'),
(1027, 1, '2018-09-04 18:36:01', 'Melakukan Transaksi'),
(1028, 1, '2018-09-04 18:46:26', 'Telah Login'),
(1029, 1, '2018-09-04 18:54:47', 'Telah Login'),
(1030, 1, '2018-09-04 18:56:28', 'Telah Logout'),
(1031, 1, '2018-09-04 19:00:34', 'Telah Login'),
(1032, 1, '2018-09-04 19:02:48', 'Telah Logout'),
(1033, 0, '2018-09-04 19:02:48', 'Telah Logout'),
(1034, 1, '2018-09-04 22:46:34', 'Telah Login'),
(1035, 1, '2018-09-04 22:53:22', 'Menambahkan Pembayaran Tunggakan 1618'),
(1036, 1, '2018-09-04 22:54:21', 'Menambahkan Pembayaran Tunggakan 1718'),
(1037, 1, '2018-09-04 22:54:37', 'Mengubah Pembayaran Tunggakan 1718'),
(1038, 1, '2018-09-04 22:55:29', 'Melakukan Transaksi'),
(1039, 1, '2018-09-04 22:55:49', 'Melakukan Transaksi'),
(1040, 1, '2018-09-04 22:56:56', 'Melakukan Transaksi'),
(1041, 1, '2018-09-04 22:57:15', 'Melakukan Transaksi'),
(1042, 1, '2018-09-04 22:57:34', 'Melakukan Transaksi'),
(1043, 1, '2018-09-04 22:57:56', 'Melakukan Transaksi'),
(1044, 1, '2018-09-04 22:59:49', 'Melakukan Transaksi'),
(1045, 1, '2018-09-04 23:06:23', 'Melakukan Transaksi'),
(1046, 1, '2018-09-04 23:06:42', 'Melakukan Transaksi'),
(1047, 1, '2018-09-04 23:07:01', 'Melakukan Transaksi'),
(1048, 1, '2018-09-04 23:07:30', 'Melakukan Transaksi'),
(1049, 1, '2018-09-04 23:08:44', 'Melakukan Transaksi'),
(1050, 1, '2018-09-04 23:09:36', 'Melakukan Transaksi'),
(1051, 1, '2018-09-04 23:10:00', 'Melakukan Transaksi'),
(1052, 1, '2018-09-04 23:10:22', 'Melakukan Transaksi'),
(1053, 1, '2018-09-04 23:13:19', 'Melakukan Transaksi'),
(1054, 1, '2018-09-04 23:13:41', 'Melakukan Transaksi'),
(1055, 1, '2018-09-04 23:14:30', 'Melakukan Transaksi'),
(1056, 1, '2018-09-04 23:14:53', 'Melakukan Transaksi'),
(1057, 1, '2018-09-04 23:15:14', 'Melakukan Transaksi'),
(1058, 1, '2018-09-04 23:16:28', 'Melakukan Transaksi'),
(1059, 1, '2018-09-04 23:16:37', 'Menghapus Pembayaran'),
(1060, 1, '2018-09-04 23:17:02', 'Melakukan Transaksi'),
(1061, 1, '2018-09-04 23:18:31', 'Melakukan Transaksi'),
(1062, 1, '2018-09-04 23:19:51', 'Melakukan Transaksi'),
(1063, 1, '2018-09-04 23:20:30', 'Melakukan Transaksi'),
(1064, 1, '2018-09-04 23:23:59', 'Menghapus Pembayaran'),
(1065, 1, '2018-09-04 23:26:19', 'Melakukan Transaksi'),
(1066, 1, '2018-09-04 23:26:51', 'Melakukan Transaksi'),
(1067, 1, '2018-09-04 23:27:19', 'Melakukan Transaksi'),
(1068, 1, '2018-09-04 23:27:44', 'Melakukan Transaksi'),
(1069, 1, '2018-09-04 23:28:13', 'Melakukan Transaksi'),
(1070, 1, '2018-09-04 23:30:28', 'Menghapus Pembayaran'),
(1071, 1, '2018-09-04 23:43:58', 'Telah Login'),
(1072, 1, '2018-09-04 23:46:48', 'Melakukan Transaksi'),
(1073, 1, '2018-09-04 23:47:34', 'Melakukan Transaksi'),
(1074, 1, '2018-09-04 23:47:54', 'Melakukan Transaksi'),
(1075, 1, '2018-09-04 23:48:15', 'Melakukan Transaksi'),
(1076, 1, '2018-09-04 23:48:34', 'Melakukan Transaksi'),
(1077, 1, '2018-09-04 23:48:57', 'Melakukan Transaksi'),
(1078, 1, '2018-09-04 23:49:21', 'Melakukan Transaksi'),
(1079, 1, '2018-09-04 23:51:21', 'Melakukan Transaksi'),
(1080, 1, '2018-09-04 23:51:48', 'Melakukan Transaksi'),
(1081, 1, '2018-09-04 23:52:20', 'Melakukan Transaksi'),
(1082, 1, '2018-09-04 23:52:55', 'Melakukan Transaksi'),
(1083, 1, '2018-09-04 23:56:54', 'Menghapus Pembayaran'),
(1084, 1, '2018-09-04 23:58:48', 'Menghapus Pembayaran'),
(1085, 1, '2018-09-05 00:03:53', 'Melakukan Transaksi'),
(1086, 1, '2018-09-05 08:03:11', 'Telah Login'),
(1087, 1, '2018-09-05 08:14:28', 'Telah Logout'),
(1088, 1, '2018-09-05 08:24:40', 'Telah Login'),
(1089, 1, '2018-09-05 08:30:55', 'Telah Logout'),
(1090, 1, '2018-09-05 10:34:02', 'Mengubah Pembayaran Tunggakan 1718'),
(1091, 1, '2018-09-05 10:34:22', 'Mengubah Pembayaran Tunggakan 1618'),
(1092, 1, '2018-09-05 10:35:25', 'Mengubah Pembayaran Tunggakan 1618'),
(1093, 1, '2018-09-05 10:36:42', 'Mengubah Pembayaran Tunggakan 1618'),
(1094, 1, '2018-09-05 10:39:37', 'Mengubah Pembayaran Tunggakan 1618'),
(1095, 1, '2018-09-05 10:42:07', 'Mengubah Siswa ZAINUL ARIFIN'),
(1096, 1, '2018-09-05 10:44:34', 'Mengubah Pembayaran Tunggakan 1618'),
(1097, 1, '2018-09-05 10:55:25', 'Melakukan Transaksi'),
(1098, 1, '2018-09-05 10:57:01', 'Menghapus Pembayaran'),
(1099, 1, '2018-09-05 10:58:13', 'Menambahkan Siswa RISAL SOLIKHIN'),
(1100, 1, '2018-09-05 10:58:30', 'Mengubah Siswa IKBAR RAFIDAN KURNIAWAN '),
(1101, 1, '2018-09-05 10:58:49', 'Telah Logout'),
(1102, 1, '2018-09-05 11:01:08', 'Telah Login'),
(1103, 1, '2018-09-05 11:07:24', 'Mengubah Siswa BAYU SETYO UTOMO'),
(1104, 1, '2018-09-05 11:08:04', 'Mengubah Siswa BAYU SETYO UTOMO'),
(1105, 1, '2018-09-05 11:08:53', 'Mengubah Siswa EKA YUSUF TAUFANI'),
(1106, 1, '2018-09-05 11:09:04', 'Mengubah Siswa FAJRUL FALAKH'),
(1107, 1, '2018-09-05 11:09:23', 'Mengubah Siswa GUNTUR MAULANA PUTRA'),
(1108, 1, '2018-09-05 11:09:35', 'Mengubah Siswa JONI IBRAHIM'),
(1109, 1, '2018-09-05 11:09:51', 'Mengubah Siswa MOCH. KHAFID ARIZAL'),
(1110, 1, '2018-09-05 11:10:02', 'Mengubah Siswa MOCHAMMAD IQBAL MAULANA'),
(1111, 1, '2018-09-05 11:10:16', 'Mengubah Siswa MOHAMAT ROJAL'),
(1112, 1, '2018-09-05 11:10:27', 'Mengubah Siswa MOHAMMAD ANDREANSYAH'),
(1113, 1, '2018-09-05 11:10:40', 'Mengubah Siswa MOKHAMAD SATIO HUTOMO'),
(1114, 1, '2018-09-05 11:10:52', 'Mengubah Siswa MUCHAMAD YUSRIL MAHENDRA'),
(1115, 1, '2018-09-05 11:11:05', 'Mengubah Siswa MUHAMMAD ADITIYA'),
(1116, 1, '2018-09-05 11:11:17', 'Mengubah Siswa MUHAMMAD DAFFA FALIKHUDDIN'),
(1117, 1, '2018-09-05 11:11:31', 'Mengubah Siswa MUKHAMMAD RIDUWAN'),
(1118, 1, '2018-09-05 11:11:43', 'Mengubah Siswa NAUVIYATUL KARIMAH'),
(1119, 1, '2018-09-05 11:11:55', 'Mengubah Siswa NIA SAFITRI'),
(1120, 1, '2018-09-05 11:12:06', 'Mengubah Siswa REDIAN JUNIA ANGGARA'),
(1121, 1, '2018-09-05 11:12:21', 'Mengubah Siswa RISMA ANGGRAINI'),
(1122, 1, '2018-09-05 11:12:31', 'Mengubah Siswa RYAN RAMADHAN MULYO'),
(1123, 1, '2018-09-05 11:12:42', 'Mengubah Siswa SAIFUL ANWAR'),
(1124, 1, '2018-09-05 11:12:52', 'Mengubah Siswa SARIF HIDAYATULLOH'),
(1125, 1, '2018-09-05 11:13:02', 'Mengubah Siswa SITI FATIMAH'),
(1126, 1, '2018-09-05 11:13:13', 'Mengubah Siswa WAHYU ADIN PANGESTU '),
(1127, 1, '2018-09-05 11:19:41', 'Mengubah Siswa ACHMAD PRASTIYO'),
(1128, 1, '2018-09-05 11:19:53', 'Mengubah Siswa AKHMAD SYAHRUL ANANG'),
(1129, 1, '2018-09-05 11:20:07', 'Mengubah Siswa AKHMAD VERY IRAWAN'),
(1130, 1, '2018-09-05 11:20:18', 'Mengubah Siswa ANDIK PRASETYO'),
(1131, 1, '2018-09-05 11:20:47', 'Mengubah Siswa ANGGA DIMAS KURNIAWAN'),
(1132, 1, '2018-09-05 11:20:59', 'Mengubah Siswa BAHRUL ULUM'),
(1133, 1, '2018-09-05 11:21:12', 'Mengubah Siswa CANDRA FIRMANTO'),
(1134, 1, '2018-09-05 11:21:25', 'Mengubah Siswa DIMAS SAPUTRA'),
(1135, 1, '2018-09-05 11:21:58', 'Mengubah Siswa FEBI LAICHROMI'),
(1136, 1, '2018-09-05 11:22:10', 'Mengubah Siswa IQBAL REZA MUBARAQ'),
(1137, 1, '2018-09-05 11:22:28', 'Mengubah Siswa KHOIRUL ANAM'),
(1138, 1, '2018-09-05 11:22:40', 'Mengubah Siswa MOCHAMMAD CHOIRUL ANAM'),
(1139, 1, '2018-09-05 11:22:55', 'Mengubah Siswa MUCHAMAD MASHUDI'),
(1140, 1, '2018-09-05 11:23:39', 'Mengubah Siswa MUHAMMAD FITRA ARDIANSYAH'),
(1141, 1, '2018-09-05 11:23:55', 'Mengubah Siswa MUHAMMAD RISKI'),
(1142, 1, '2018-09-05 11:24:09', 'Mengubah Siswa MUKHAMAD RIZQI MAHARDIKA'),
(1143, 1, '2018-09-05 11:24:25', 'Mengubah Siswa MUKHAMMAD DAVID'),
(1144, 1, '2018-09-05 11:24:38', 'Mengubah Siswa MUKHAMMAD MASYKUR'),
(1145, 1, '2018-09-05 11:24:53', 'Mengubah Siswa MUKHAMMAD TAUFIQ HIDAYAT'),
(1146, 1, '2018-09-05 11:25:08', 'Mengubah Siswa NURUL HUDA'),
(1147, 1, '2018-09-05 11:25:20', 'Mengubah Siswa RUDI ARDIANSYAH'),
(1148, 1, '2018-09-05 11:25:32', 'Mengubah Siswa SOFIAN NABILAL AKBAR'),
(1149, 1, '2018-09-05 11:25:43', 'Mengubah Siswa TAUFIK QURRAHMAN SALEH'),
(1150, 1, '2018-09-05 11:29:01', 'Mengubah Siswa ABDULLOH'),
(1151, 1, '2018-09-05 11:29:19', 'Mengubah Siswa ABI MAULANA'),
(1152, 1, '2018-09-05 11:29:32', 'Mengubah Siswa ACHMAD FADLI'),
(1153, 1, '2018-09-05 11:29:42', 'Mengubah Siswa ACHMAD SOLICHAN'),
(1154, 1, '2018-09-05 11:29:54', 'Mengubah Siswa ACHMAD YASIN NUR FAHMI'),
(1155, 1, '2018-09-05 11:30:04', 'Mengubah Siswa AGUNG PRASETYO'),
(1156, 1, '2018-09-05 11:30:15', 'Mengubah Siswa AKHMAD KHUSNI ROMDHONI'),
(1157, 1, '2018-09-05 11:30:30', 'Mengubah Siswa AKHMAD RIZAL SUBAWEH'),
(1158, 1, '2018-09-05 11:30:43', 'Mengubah Siswa EKO RACHMADANI'),
(1159, 1, '2018-09-05 11:31:03', 'Mengubah Siswa FATKHUR ROCHMAN'),
(1160, 1, '2018-09-05 11:32:20', 'Mengubah Siswa M REYNALDI PUTRA '),
(1161, 1, '2018-09-05 11:33:15', 'Mengubah Siswa M. ANGGA SYARIFUDDIN'),
(1162, 1, '2018-09-05 11:33:46', 'Mengubah Siswa MOCHAMAD HAFIZD'),
(1163, 1, '2018-09-05 11:34:37', 'Mengubah Siswa MUCHAMAD TRYO BUDIANTO'),
(1164, 1, '2018-09-05 11:35:11', 'Mengubah Siswa MUHAMMAD IRFAN WIDIANTO'),
(1165, 1, '2018-09-05 11:35:22', 'Mengubah Siswa MUHAMMAD RIDHO MAULUDDIN'),
(1166, 1, '2018-09-05 11:35:38', 'Mengubah Siswa MUKHAMAD FARKHAN FUADI'),
(1167, 1, '2018-09-05 11:36:40', 'Mengubah Siswa NUR AKBAR FAHUDIN'),
(1168, 1, '2018-09-05 11:36:55', 'Mengubah Siswa RAHMAT WILDAN SIDDIQI'),
(1169, 1, '2018-09-05 11:37:16', 'Mengubah Siswa SATRIA PERMANA WIBISONO'),
(1170, 1, '2018-09-05 11:37:31', 'Mengubah Siswa SULTHON ARIF'),
(1171, 1, '2018-09-05 11:37:43', 'Mengubah Siswa ZAINUL HASAN'),
(1172, 1, '2018-09-05 11:37:55', 'Mengubah Siswa ZAINUL MUNIR'),
(1173, 0, '2018-09-05 13:32:10', 'Telah Logout'),
(1174, 1, '2018-09-05 17:49:54', 'Telah Login'),
(1175, 1, '2018-09-05 17:54:58', 'Telah Login'),
(1176, 1, '2018-09-05 17:54:58', 'Telah Login'),
(1177, 1, '2018-09-06 03:29:34', 'Telah Login'),
(1178, 1, '2018-09-06 03:32:11', 'Melakukan Transaksi'),
(1179, 1, '2018-09-06 03:32:49', 'Melakukan Transaksi'),
(1180, 1, '2018-09-06 03:33:15', 'Melakukan Transaksi'),
(1181, 1, '2018-09-06 03:37:47', 'Melakukan Transaksi'),
(1182, 1, '2018-09-06 03:38:17', 'Melakukan Transaksi'),
(1183, 1, '2018-09-06 03:38:39', 'Melakukan Transaksi'),
(1184, 1, '2018-09-06 03:39:01', 'Melakukan Transaksi'),
(1185, 1, '2018-09-06 03:39:24', 'Melakukan Transaksi'),
(1186, 1, '2018-09-06 03:39:48', 'Melakukan Transaksi'),
(1187, 1, '2018-09-06 03:40:16', 'Melakukan Transaksi'),
(1188, 1, '2018-09-06 03:40:39', 'Melakukan Transaksi'),
(1189, 1, '2018-09-06 03:41:09', 'Melakukan Transaksi'),
(1190, 1, '2018-09-06 03:41:44', 'Melakukan Transaksi'),
(1191, 1, '2018-09-06 03:42:10', 'Melakukan Transaksi'),
(1192, 1, '2018-09-06 03:43:21', 'Melakukan Transaksi'),
(1193, 1, '2018-09-06 03:43:43', 'Melakukan Transaksi'),
(1194, 1, '2018-09-06 03:44:07', 'Melakukan Transaksi'),
(1195, 1, '2018-09-06 03:44:30', 'Melakukan Transaksi'),
(1196, 1, '2018-09-06 03:45:07', 'Melakukan Transaksi'),
(1197, 1, '2018-09-06 03:45:33', 'Melakukan Transaksi'),
(1198, 1, '2018-09-06 03:45:57', 'Melakukan Transaksi'),
(1199, 1, '2018-09-06 03:46:45', 'Melakukan Transaksi'),
(1200, 1, '2018-09-06 03:47:09', 'Melakukan Transaksi'),
(1201, 1, '2018-09-06 03:47:41', 'Melakukan Transaksi'),
(1202, 1, '2018-09-06 03:48:04', 'Melakukan Transaksi'),
(1203, 1, '2018-09-06 04:04:04', 'Menghapus Pembayaran'),
(1204, 1, '2018-09-06 04:04:35', 'Menghapus Pembayaran'),
(1205, 1, '2018-09-06 04:04:55', 'Menghapus Pembayaran'),
(1206, 1, '2018-09-06 04:07:28', 'Menambahkan Pembayaran Tunggakan 1618 (2)'),
(1207, 1, '2018-09-06 04:09:41', 'Melakukan Transaksi'),
(1208, 1, '2018-09-06 04:11:54', 'Menghapus Pembayaran'),
(1209, 1, '2018-09-06 04:12:01', 'Menghapus Pembayaran'),
(1210, 1, '2018-09-06 04:12:38', 'Mengubah Pembayaran Tunggakan 1618'),
(1211, 1, '2018-09-06 04:14:42', 'Menambahkan Pembayaran Tunggakan 1718'),
(1212, 1, '2018-09-06 04:15:00', 'Mengubah Pembayaran Tunggakan 1618'),
(1213, 1, '2018-09-06 04:16:26', 'Melakukan Transaksi'),
(1214, 1, '2018-09-06 04:16:42', 'Menghapus Pembayaran'),
(1215, 1, '2018-09-06 04:17:25', 'Menghapus Pembayaran'),
(1216, 1, '2018-09-06 04:24:14', 'Melakukan Transaksi'),
(1217, 1, '2018-09-06 04:24:35', 'Melakukan Transaksi'),
(1218, 1, '2018-09-06 04:24:58', 'Melakukan Transaksi'),
(1219, 1, '2018-09-06 04:25:42', 'Melakukan Transaksi'),
(1220, 1, '2018-09-06 04:26:03', 'Melakukan Transaksi'),
(1221, 1, '2018-09-06 04:26:21', 'Melakukan Transaksi'),
(1222, 1, '2018-09-06 04:26:50', 'Melakukan Transaksi'),
(1223, 1, '2018-09-06 04:27:06', 'Melakukan Transaksi'),
(1224, 1, '2018-09-06 04:27:17', 'Melakukan Transaksi'),
(1225, 1, '2018-09-06 04:27:31', 'Melakukan Transaksi'),
(1226, 1, '2018-09-06 04:27:49', 'Melakukan Transaksi'),
(1227, 1, '2018-09-06 04:28:08', 'Melakukan Transaksi'),
(1228, 1, '2018-09-06 04:28:28', 'Melakukan Transaksi'),
(1229, 1, '2018-09-06 04:28:51', 'Melakukan Transaksi'),
(1230, 30, '2018-09-07 08:23:08', 'Telah Login'),
(1231, 10, '2018-09-07 09:09:44', 'Telah Login'),
(1232, 1, '2018-09-09 20:35:35', 'Telah Login'),
(1233, 1, '2018-09-09 20:38:55', 'Melakukan Transaksi'),
(1234, 1, '2018-09-09 20:39:14', 'Melakukan Transaksi'),
(1235, 1, '2018-09-09 20:39:36', 'Melakukan Transaksi'),
(1236, 1, '2018-09-09 20:39:55', 'Melakukan Transaksi'),
(1237, 1, '2018-09-09 20:40:16', 'Melakukan Transaksi'),
(1238, 1, '2018-09-09 20:40:44', 'Melakukan Transaksi'),
(1239, 1, '2018-09-09 20:41:12', 'Melakukan Transaksi'),
(1240, 1, '2018-09-09 20:42:24', 'Melakukan Transaksi'),
(1241, 1, '2018-09-09 20:42:43', 'Melakukan Transaksi'),
(1242, 1, '2018-09-09 20:43:18', 'Melakukan Transaksi'),
(1243, 1, '2018-09-09 20:43:36', 'Melakukan Transaksi'),
(1244, 1, '2018-09-09 20:44:32', 'Melakukan Transaksi'),
(1245, 1, '2018-09-09 20:46:47', 'Melakukan Transaksi'),
(1246, 1, '2018-09-09 20:47:11', 'Melakukan Transaksi'),
(1247, 1, '2018-09-09 20:47:32', 'Melakukan Transaksi'),
(1248, 1, '2018-09-09 20:47:48', 'Melakukan Transaksi'),
(1249, 1, '2018-09-09 20:48:02', 'Melakukan Transaksi'),
(1250, 1, '2018-09-09 20:48:20', 'Melakukan Transaksi'),
(1251, 1, '2018-09-09 20:48:37', 'Melakukan Transaksi'),
(1252, 1, '2018-09-09 20:48:54', 'Melakukan Transaksi'),
(1253, 1, '2018-09-09 20:49:11', 'Melakukan Transaksi'),
(1254, 1, '2018-09-09 20:50:38', 'Melakukan Transaksi'),
(1255, 1, '2018-09-09 20:51:20', 'Melakukan Transaksi'),
(1256, 1, '2018-09-09 20:51:44', 'Melakukan Transaksi'),
(1257, 1, '2018-09-09 20:52:00', 'Melakukan Transaksi'),
(1258, 1, '2018-09-09 20:52:16', 'Melakukan Transaksi'),
(1259, 1, '2018-09-09 20:52:35', 'Melakukan Transaksi'),
(1260, 1, '2018-09-09 20:53:14', 'Melakukan Transaksi'),
(1261, 1, '2018-09-09 20:53:29', 'Melakukan Transaksi'),
(1262, 1, '2018-09-09 20:53:43', 'Melakukan Transaksi'),
(1263, 1, '2018-09-09 20:54:09', 'Melakukan Transaksi'),
(1264, 1, '2018-09-09 20:54:24', 'Melakukan Transaksi'),
(1265, 1, '2018-09-09 20:54:40', 'Melakukan Transaksi'),
(1266, 1, '2018-09-09 20:56:23', 'Melakukan Transaksi'),
(1267, 1, '2018-09-09 20:56:50', 'Melakukan Transaksi'),
(1268, 1, '2018-09-09 20:57:05', 'Melakukan Transaksi'),
(1269, 1, '2018-09-09 20:57:22', 'Melakukan Transaksi'),
(1270, 1, '2018-09-09 20:57:38', 'Melakukan Transaksi'),
(1271, 1, '2018-09-09 20:57:54', 'Melakukan Transaksi'),
(1272, 1, '2018-09-09 20:58:17', 'Melakukan Transaksi'),
(1273, 1, '2018-09-09 20:58:33', 'Melakukan Transaksi'),
(1274, 1, '2018-09-09 20:58:55', 'Melakukan Transaksi'),
(1275, 1, '2018-09-09 20:59:12', 'Melakukan Transaksi'),
(1276, 1, '2018-09-09 20:59:26', 'Melakukan Transaksi'),
(1277, 1, '2018-09-09 21:01:20', 'Melakukan Transaksi'),
(1278, 1, '2018-09-09 21:01:50', 'Melakukan Transaksi'),
(1279, 1, '2018-09-09 21:02:17', 'Melakukan Transaksi'),
(1280, 1, '2018-09-09 21:02:33', 'Melakukan Transaksi'),
(1281, 1, '2018-09-09 21:02:50', 'Melakukan Transaksi'),
(1282, 1, '2018-09-09 21:03:09', 'Melakukan Transaksi'),
(1283, 1, '2018-09-09 21:03:24', 'Melakukan Transaksi'),
(1284, 1, '2018-09-09 21:06:35', 'Melakukan Transaksi'),
(1285, 1, '2018-09-09 21:06:56', 'Melakukan Transaksi'),
(1286, 1, '2018-09-09 21:07:12', 'Melakukan Transaksi'),
(1287, 1, '2018-09-09 21:07:27', 'Melakukan Transaksi'),
(1288, 1, '2018-09-09 21:07:42', 'Melakukan Transaksi'),
(1289, 1, '2018-09-09 21:08:01', 'Melakukan Transaksi'),
(1290, 1, '2018-09-09 21:08:17', 'Melakukan Transaksi'),
(1291, 1, '2018-09-09 21:08:37', 'Melakukan Transaksi'),
(1292, 1, '2018-09-09 21:08:54', 'Melakukan Transaksi'),
(1293, 1, '2018-09-09 21:09:10', 'Melakukan Transaksi'),
(1294, 1, '2018-09-09 21:09:25', 'Melakukan Transaksi'),
(1295, 1, '2018-09-09 21:09:41', 'Melakukan Transaksi'),
(1296, 1, '2018-09-09 21:09:59', 'Melakukan Transaksi'),
(1297, 1, '2018-09-09 21:10:16', 'Melakukan Transaksi'),
(1298, 1, '2018-09-09 21:10:34', 'Melakukan Transaksi'),
(1299, 1, '2018-09-09 21:10:50', 'Melakukan Transaksi'),
(1300, 1, '2018-09-09 21:11:04', 'Melakukan Transaksi'),
(1301, 1, '2018-09-09 21:11:20', 'Melakukan Transaksi'),
(1302, 1, '2018-09-09 21:11:35', 'Melakukan Transaksi'),
(1303, 1, '2018-09-09 21:11:52', 'Melakukan Transaksi'),
(1304, 1, '2018-09-09 21:12:08', 'Melakukan Transaksi'),
(1305, 1, '2018-09-09 21:12:33', 'Melakukan Transaksi'),
(1306, 1, '2018-09-09 21:12:49', 'Melakukan Transaksi'),
(1307, 1, '2018-09-09 21:13:05', 'Melakukan Transaksi'),
(1308, 1, '2018-09-09 21:13:25', 'Melakukan Transaksi'),
(1309, 1, '2018-09-09 21:14:01', 'Melakukan Transaksi'),
(1310, 1, '2018-09-09 21:14:19', 'Melakukan Transaksi'),
(1311, 1, '2018-09-09 21:14:34', 'Melakukan Transaksi'),
(1312, 1, '2018-09-09 21:14:47', 'Menghapus Pembayaran'),
(1313, 1, '2018-09-09 21:15:07', 'Menghapus Pembayaran'),
(1314, 1, '2018-09-09 21:15:52', 'Melakukan Transaksi'),
(1315, 1, '2018-09-09 21:16:32', 'Melakukan Transaksi'),
(1316, 1, '2018-09-09 21:16:51', 'Melakukan Transaksi'),
(1317, 1, '2018-09-09 21:17:08', 'Melakukan Transaksi'),
(1318, 1, '2018-09-09 21:17:24', 'Melakukan Transaksi'),
(1319, 1, '2018-09-09 21:18:21', 'Melakukan Transaksi'),
(1320, 1, '2018-09-09 21:18:41', 'Melakukan Transaksi'),
(1321, 1, '2018-09-09 21:18:55', 'Melakukan Transaksi'),
(1322, 1, '2018-09-09 21:19:11', 'Melakukan Transaksi'),
(1323, 1, '2018-09-09 21:19:33', 'Melakukan Transaksi'),
(1324, 1, '2018-09-09 21:19:48', 'Melakukan Transaksi'),
(1325, 1, '2018-09-09 21:20:07', 'Melakukan Transaksi'),
(1326, 1, '2018-09-09 21:20:20', 'Melakukan Transaksi'),
(1327, 1, '2018-09-09 21:20:40', 'Melakukan Transaksi'),
(1328, 1, '2018-09-09 21:20:56', 'Melakukan Transaksi'),
(1329, 1, '2018-09-09 21:21:11', 'Melakukan Transaksi'),
(1330, 1, '2018-09-09 21:21:27', 'Melakukan Transaksi'),
(1331, 1, '2018-09-09 21:21:42', 'Melakukan Transaksi'),
(1332, 1, '2018-09-09 21:21:55', 'Melakukan Transaksi'),
(1333, 1, '2018-09-09 21:22:13', 'Melakukan Transaksi'),
(1334, 1, '2018-09-09 21:22:28', 'Melakukan Transaksi'),
(1335, 1, '2018-09-09 21:22:52', 'Melakukan Transaksi'),
(1336, 1, '2018-09-09 21:23:06', 'Melakukan Transaksi'),
(1337, 1, '2018-09-09 21:23:22', 'Melakukan Transaksi'),
(1338, 1, '2018-09-09 21:23:41', 'Melakukan Transaksi'),
(1339, 1, '2018-09-09 21:23:56', 'Melakukan Transaksi'),
(1340, 1, '2018-09-09 21:24:13', 'Melakukan Transaksi'),
(1341, 1, '2018-09-09 21:27:02', 'Melakukan Transaksi'),
(1342, 1, '2018-09-09 21:27:21', 'Melakukan Transaksi'),
(1343, 1, '2018-09-09 21:27:38', 'Melakukan Transaksi'),
(1344, 1, '2018-09-09 21:27:55', 'Melakukan Transaksi'),
(1345, 1, '2018-09-09 21:28:13', 'Melakukan Transaksi'),
(1346, 1, '2018-09-09 21:29:15', 'Melakukan Transaksi'),
(1347, 1, '2018-09-09 21:29:34', 'Melakukan Transaksi'),
(1348, 1, '2018-09-09 21:29:53', 'Melakukan Transaksi'),
(1349, 1, '2018-09-09 21:30:10', 'Melakukan Transaksi'),
(1350, 1, '2018-09-09 21:30:28', 'Melakukan Transaksi'),
(1351, 1, '2018-09-09 21:30:51', 'Menghapus Pembayaran'),
(1352, 1, '2018-09-09 21:31:27', 'Melakukan Transaksi'),
(1353, 1, '2018-09-09 21:31:43', 'Melakukan Transaksi'),
(1354, 1, '2018-09-09 21:31:57', 'Melakukan Transaksi'),
(1355, 1, '2018-09-09 21:32:15', 'Melakukan Transaksi'),
(1356, 1, '2018-09-09 21:32:47', 'Melakukan Transaksi'),
(1357, 1, '2018-09-09 21:34:09', 'Melakukan Transaksi'),
(1358, 1, '2018-09-09 21:34:25', 'Melakukan Transaksi'),
(1359, 1, '2018-09-09 21:34:44', 'Melakukan Transaksi'),
(1360, 1, '2018-09-09 21:35:00', 'Melakukan Transaksi'),
(1361, 1, '2018-09-09 21:35:25', 'Melakukan Transaksi'),
(1362, 1, '2018-09-09 21:35:48', 'Melakukan Transaksi'),
(1363, 1, '2018-09-09 21:36:04', 'Melakukan Transaksi'),
(1364, 1, '2018-09-09 21:36:21', 'Melakukan Transaksi'),
(1365, 1, '2018-09-09 21:36:36', 'Melakukan Transaksi'),
(1366, 1, '2018-09-09 21:36:56', 'Melakukan Transaksi'),
(1367, 1, '2018-09-09 22:04:42', 'Melakukan Transaksi'),
(1368, 1, '2018-09-09 22:04:59', 'Melakukan Transaksi'),
(1369, 1, '2018-09-09 22:05:19', 'Melakukan Transaksi'),
(1370, 1, '2018-09-09 22:05:35', 'Melakukan Transaksi'),
(1371, 1, '2018-09-09 22:05:51', 'Melakukan Transaksi'),
(1372, 1, '2018-09-09 22:06:09', 'Melakukan Transaksi'),
(1373, 1, '2018-09-09 22:06:24', 'Melakukan Transaksi'),
(1374, 1, '2018-09-09 22:06:41', 'Melakukan Transaksi'),
(1375, 1, '2018-09-09 22:06:56', 'Melakukan Transaksi'),
(1376, 1, '2018-09-09 22:07:16', 'Melakukan Transaksi'),
(1377, 1, '2018-09-09 22:07:33', 'Melakukan Transaksi'),
(1378, 1, '2018-09-09 22:07:48', 'Melakukan Transaksi'),
(1379, 1, '2018-09-09 22:08:51', 'Melakukan Transaksi'),
(1380, 1, '2018-09-09 22:09:06', 'Melakukan Transaksi'),
(1381, 1, '2018-09-09 22:09:21', 'Melakukan Transaksi'),
(1382, 1, '2018-09-09 22:09:36', 'Melakukan Transaksi'),
(1383, 1, '2018-09-09 22:10:13', 'Melakukan Transaksi'),
(1384, 1, '2018-09-09 22:14:10', 'Melakukan Transaksi'),
(1385, 1, '2018-09-09 22:14:28', 'Melakukan Transaksi'),
(1386, 1, '2018-09-09 22:14:48', 'Melakukan Transaksi'),
(1387, 1, '2018-09-09 22:18:17', 'Melakukan Transaksi'),
(1388, 1, '2018-09-09 22:18:40', 'Melakukan Transaksi'),
(1389, 1, '2018-09-09 22:18:53', 'Melakukan Transaksi'),
(1390, 1, '2018-09-09 22:19:09', 'Melakukan Transaksi'),
(1391, 1, '2018-09-09 22:19:23', 'Melakukan Transaksi'),
(1392, 1, '2018-09-09 22:19:40', 'Melakukan Transaksi'),
(1393, 1, '2018-09-09 22:19:54', 'Melakukan Transaksi'),
(1394, 1, '2018-09-09 22:20:33', 'Melakukan Transaksi'),
(1395, 1, '2018-09-09 22:20:54', 'Melakukan Transaksi'),
(1396, 1, '2018-09-09 22:21:14', 'Melakukan Transaksi'),
(1397, 1, '2018-09-09 22:21:30', 'Melakukan Transaksi'),
(1398, 1, '2018-09-09 22:21:49', 'Melakukan Transaksi'),
(1399, 1, '2018-09-09 22:22:07', 'Melakukan Transaksi'),
(1400, 1, '2018-09-09 22:22:21', 'Melakukan Transaksi'),
(1401, 1, '2018-09-09 22:22:35', 'Melakukan Transaksi'),
(1402, 1, '2018-09-09 22:22:48', 'Melakukan Transaksi'),
(1403, 1, '2018-09-09 22:23:13', 'Melakukan Transaksi'),
(1404, 1, '2018-09-09 22:23:29', 'Melakukan Transaksi'),
(1405, 1, '2018-09-09 22:23:46', 'Melakukan Transaksi'),
(1406, 1, '2018-09-09 22:24:04', 'Melakukan Transaksi'),
(1407, 1, '2018-09-09 22:24:22', 'Melakukan Transaksi'),
(1408, 1, '2018-09-09 22:24:40', 'Melakukan Transaksi'),
(1409, 1, '2018-09-09 22:24:54', 'Melakukan Transaksi'),
(1410, 1, '2018-09-09 22:25:10', 'Melakukan Transaksi'),
(1411, 1, '2018-09-09 22:25:35', 'Melakukan Transaksi'),
(1412, 1, '2018-09-09 23:28:11', 'Telah Login'),
(1413, 1, '2018-09-09 23:28:41', 'Melakukan Transaksi'),
(1414, 1, '2018-09-09 23:28:58', 'Melakukan Transaksi'),
(1415, 1, '2018-09-09 23:29:16', 'Melakukan Transaksi'),
(1416, 1, '2018-09-09 23:29:31', 'Melakukan Transaksi'),
(1417, 1, '2018-09-09 23:29:46', 'Melakukan Transaksi'),
(1418, 1, '2018-09-09 23:30:07', 'Melakukan Transaksi'),
(1419, 1, '2018-09-09 23:30:24', 'Melakukan Transaksi'),
(1420, 1, '2018-09-09 23:30:44', 'Melakukan Transaksi'),
(1421, 1, '2018-09-09 23:31:00', 'Melakukan Transaksi'),
(1422, 1, '2018-09-09 23:31:17', 'Melakukan Transaksi'),
(1423, 1, '2018-09-09 23:32:26', 'Melakukan Transaksi'),
(1424, 1, '2018-09-09 23:33:28', 'Melakukan Transaksi'),
(1425, 1, '2018-09-09 23:33:53', 'Melakukan Transaksi'),
(1426, 1, '2018-09-09 23:34:11', 'Melakukan Transaksi'),
(1427, 1, '2018-09-09 23:34:30', 'Melakukan Transaksi'),
(1428, 1, '2018-09-09 23:34:45', 'Melakukan Transaksi'),
(1429, 1, '2018-09-09 23:35:02', 'Melakukan Transaksi'),
(1430, 1, '2018-09-09 23:35:21', 'Melakukan Transaksi'),
(1431, 1, '2018-09-09 23:35:36', 'Melakukan Transaksi'),
(1432, 1, '2018-09-09 23:35:53', 'Melakukan Transaksi'),
(1433, 1, '2018-09-09 23:36:08', 'Melakukan Transaksi'),
(1434, 1, '2018-09-09 23:36:28', 'Melakukan Transaksi'),
(1435, 1, '2018-09-09 23:37:07', 'Melakukan Transaksi'),
(1436, 1, '2018-09-09 23:37:24', 'Melakukan Transaksi'),
(1437, 1, '2018-09-09 23:37:44', 'Melakukan Transaksi'),
(1438, 1, '2018-09-09 23:38:02', 'Melakukan Transaksi'),
(1439, 1, '2018-09-09 23:38:22', 'Melakukan Transaksi'),
(1440, 1, '2018-09-09 23:38:42', 'Melakukan Transaksi'),
(1441, 1, '2018-09-09 23:38:56', 'Melakukan Transaksi'),
(1442, 1, '2018-09-09 23:39:19', 'Melakukan Transaksi'),
(1443, 1, '2018-09-09 23:39:35', 'Melakukan Transaksi'),
(1444, 1, '2018-09-09 23:39:52', 'Melakukan Transaksi'),
(1445, 1, '2018-09-09 23:40:34', 'Melakukan Transaksi'),
(1446, 1, '2018-09-09 23:40:57', 'Menghapus Pembayaran'),
(1447, 1, '2018-09-09 23:42:12', 'Melakukan Transaksi'),
(1448, 1, '2018-09-09 23:42:33', 'Melakukan Transaksi'),
(1449, 1, '2018-09-09 23:42:50', 'Melakukan Transaksi'),
(1450, 1, '2018-09-09 23:43:09', 'Melakukan Transaksi'),
(1451, 1, '2018-09-09 23:43:45', 'Telah Logout'),
(1452, 1, '2018-09-10 07:33:34', 'Telah Login'),
(1453, 1, '2018-09-10 07:35:06', 'Telah Logout'),
(1454, 1, '2018-09-10 08:02:29', 'Telah Login'),
(1455, 1, '2018-09-10 08:03:14', 'Melakukan Transaksi'),
(1456, 1, '2018-09-10 08:03:31', 'Melakukan Transaksi'),
(1457, 1, '2018-09-10 08:03:41', 'Melakukan Transaksi'),
(1458, 1, '2018-09-10 08:03:59', 'Melakukan Transaksi'),
(1459, 1, '2018-09-10 08:04:11', 'Melakukan Transaksi'),
(1460, 1, '2018-09-10 08:04:21', 'Melakukan Transaksi'),
(1461, 1, '2018-09-10 08:04:40', 'Melakukan Transaksi'),
(1462, 1, '2018-09-10 08:04:55', 'Melakukan Transaksi'),
(1463, 1, '2018-09-10 08:05:07', 'Melakukan Transaksi'),
(1464, 1, '2018-09-10 08:05:18', 'Melakukan Transaksi'),
(1465, 1, '2018-09-10 08:05:30', 'Melakukan Transaksi'),
(1466, 1, '2018-09-10 08:05:40', 'Melakukan Transaksi'),
(1467, 1, '2018-09-10 08:05:51', 'Melakukan Transaksi'),
(1468, 1, '2018-09-10 08:06:00', 'Melakukan Transaksi'),
(1469, 1, '2018-09-10 08:06:15', 'Melakukan Transaksi'),
(1470, 1, '2018-09-10 08:06:27', 'Melakukan Transaksi'),
(1471, 1, '2018-09-10 08:06:43', 'Melakukan Transaksi'),
(1472, 1, '2018-09-10 08:06:58', 'Melakukan Transaksi'),
(1473, 1, '2018-09-10 08:07:14', 'Melakukan Transaksi'),
(1474, 1, '2018-09-10 08:07:31', 'Melakukan Transaksi'),
(1475, 1, '2018-09-10 08:07:39', 'Melakukan Transaksi'),
(1476, 1, '2018-09-10 08:07:48', 'Melakukan Transaksi'),
(1477, 1, '2018-09-10 08:07:59', 'Melakukan Transaksi'),
(1478, 1, '2018-09-10 08:08:12', 'Melakukan Transaksi'),
(1479, 1, '2018-09-10 08:08:27', 'Melakukan Transaksi'),
(1480, 1, '2018-09-10 08:08:41', 'Melakukan Transaksi'),
(1481, 1, '2018-09-10 08:08:52', 'Melakukan Transaksi'),
(1482, 1, '2018-09-10 08:09:00', 'Melakukan Transaksi'),
(1483, 1, '2018-09-10 08:09:10', 'Melakukan Transaksi'),
(1484, 1, '2018-09-10 08:09:22', 'Melakukan Transaksi'),
(1485, 1, '2018-09-10 08:09:32', 'Melakukan Transaksi'),
(1486, 1, '2018-09-10 08:10:02', 'Melakukan Transaksi'),
(1487, 1, '2018-09-10 08:10:21', 'Melakukan Transaksi'),
(1488, 1, '2018-09-10 08:10:31', 'Melakukan Transaksi'),
(1489, 1, '2018-09-10 08:10:43', 'Melakukan Transaksi'),
(1490, 1, '2018-09-10 08:11:00', 'Melakukan Transaksi'),
(1491, 1, '2018-09-10 08:11:09', 'Melakukan Transaksi'),
(1492, 1, '2018-09-10 08:11:19', 'Melakukan Transaksi'),
(1493, 1, '2018-09-10 08:11:28', 'Melakukan Transaksi'),
(1494, 1, '2018-09-10 08:11:45', 'Melakukan Transaksi'),
(1495, 1, '2018-09-10 08:12:00', 'Melakukan Transaksi'),
(1496, 1, '2018-09-10 08:12:12', 'Melakukan Transaksi'),
(1497, 1, '2018-09-10 08:12:26', 'Melakukan Transaksi'),
(1498, 1, '2018-09-10 08:12:47', 'Melakukan Transaksi'),
(1499, 1, '2018-09-10 08:13:07', 'Melakukan Transaksi'),
(1500, 1, '2018-09-10 08:13:22', 'Melakukan Transaksi'),
(1501, 1, '2018-09-10 08:15:31', 'Melakukan Transaksi'),
(1502, 1, '2018-09-10 08:15:51', 'Melakukan Transaksi'),
(1503, 1, '2018-09-10 08:18:09', 'Melakukan Transaksi'),
(1504, 1, '2018-09-10 08:18:35', 'Melakukan Transaksi'),
(1505, 1, '2018-09-10 08:32:05', 'Melakukan Transaksi'),
(1506, 1, '2018-09-10 08:32:15', 'Melakukan Transaksi'),
(1507, 1, '2018-09-10 08:33:36', 'Melakukan Transaksi'),
(1508, 1, '2018-09-10 08:33:45', 'Melakukan Transaksi'),
(1509, 1, '2018-09-10 08:33:57', 'Melakukan Transaksi'),
(1510, 1, '2018-09-10 08:34:07', 'Melakukan Transaksi'),
(1511, 1, '2018-09-10 08:34:15', 'Melakukan Transaksi'),
(1512, 1, '2018-09-10 08:34:23', 'Melakukan Transaksi'),
(1513, 1, '2018-09-10 08:34:31', 'Melakukan Transaksi'),
(1514, 1, '2018-09-10 08:36:01', 'Melakukan Transaksi'),
(1515, 1, '2018-09-10 08:36:18', 'Melakukan Transaksi'),
(1516, 1, '2018-09-10 08:36:27', 'Melakukan Transaksi'),
(1517, 1, '2018-09-10 08:36:34', 'Melakukan Transaksi'),
(1518, 1, '2018-09-10 08:36:43', 'Melakukan Transaksi'),
(1519, 1, '2018-09-10 08:36:57', 'Melakukan Transaksi'),
(1520, 1, '2018-09-10 08:37:05', 'Melakukan Transaksi'),
(1521, 1, '2018-09-10 08:51:58', 'Melakukan Transaksi'),
(1522, 1, '2018-09-10 08:52:16', 'Melakukan Transaksi'),
(1523, 1, '2018-09-10 08:53:43', 'Melakukan Transaksi'),
(1524, 1, '2018-09-10 08:53:58', 'Melakukan Transaksi'),
(1525, 1, '2018-09-10 08:54:06', 'Melakukan Transaksi'),
(1526, 1, '2018-09-10 08:54:14', 'Melakukan Transaksi'),
(1527, 1, '2018-09-10 08:54:25', 'Melakukan Transaksi'),
(1528, 1, '2018-09-10 08:54:33', 'Melakukan Transaksi'),
(1529, 1, '2018-09-10 08:54:47', 'Melakukan Transaksi'),
(1530, 1, '2018-09-10 08:58:52', 'Melakukan Transaksi'),
(1531, 1, '2018-09-10 08:59:00', 'Melakukan Transaksi'),
(1532, 1, '2018-09-10 08:59:15', 'Melakukan Transaksi'),
(1533, 1, '2018-09-10 08:59:24', 'Melakukan Transaksi'),
(1534, 1, '2018-09-10 09:00:26', 'Melakukan Transaksi'),
(1535, 1, '2018-09-10 09:00:54', 'Melakukan Transaksi'),
(1536, 1, '2018-09-10 09:01:05', 'Melakukan Transaksi'),
(1537, 1, '2018-09-10 09:01:14', 'Melakukan Transaksi'),
(1538, 1, '2018-09-10 09:01:25', 'Melakukan Transaksi'),
(1539, 1, '2018-09-10 09:01:35', 'Melakukan Transaksi'),
(1540, 1, '2018-09-10 09:01:44', 'Melakukan Transaksi'),
(1541, 1, '2018-09-10 09:07:39', 'Melakukan Transaksi'),
(1542, 1, '2018-09-10 09:07:48', 'Melakukan Transaksi'),
(1543, 1, '2018-09-10 09:07:58', 'Melakukan Transaksi'),
(1544, 1, '2018-09-10 09:08:07', 'Melakukan Transaksi'),
(1545, 1, '2018-09-10 09:08:19', 'Melakukan Transaksi'),
(1546, 1, '2018-09-10 09:17:44', 'Melakukan Transaksi'),
(1547, 1, '2018-09-10 09:17:53', 'Melakukan Transaksi'),
(1548, 1, '2018-09-10 09:18:03', 'Melakukan Transaksi'),
(1549, 1, '2018-09-10 09:21:17', 'Melakukan Transaksi'),
(1550, 1, '2018-09-10 09:21:35', 'Melakukan Transaksi'),
(1551, 1, '2018-09-10 09:21:45', 'Melakukan Transaksi'),
(1552, 1, '2018-09-10 09:21:53', 'Melakukan Transaksi'),
(1553, 1, '2018-09-10 09:22:06', 'Melakukan Transaksi'),
(1554, 1, '2018-09-10 09:22:15', 'Melakukan Transaksi'),
(1555, 1, '2018-09-10 09:22:25', 'Melakukan Transaksi'),
(1556, 1, '2018-09-10 09:22:33', 'Melakukan Transaksi'),
(1557, 1, '2018-09-10 09:22:48', 'Melakukan Transaksi'),
(1558, 1, '2018-09-10 09:22:58', 'Melakukan Transaksi'),
(1559, 1, '2018-09-10 09:23:09', 'Melakukan Transaksi'),
(1560, 1, '2018-09-10 09:23:24', 'Melakukan Transaksi'),
(1561, 1, '2018-09-10 09:23:33', 'Melakukan Transaksi'),
(1562, 1, '2018-09-10 09:23:43', 'Melakukan Transaksi'),
(1563, 1, '2018-09-10 09:23:52', 'Melakukan Transaksi'),
(1564, 1, '2018-09-10 09:24:05', 'Melakukan Transaksi'),
(1565, 1, '2018-09-10 09:24:31', 'Melakukan Transaksi'),
(1566, 1, '2018-09-10 09:24:59', 'Melakukan Transaksi'),
(1567, 1, '2018-09-10 09:25:11', 'Melakukan Transaksi'),
(1568, 1, '2018-09-10 09:25:46', 'Melakukan Transaksi'),
(1569, 1, '2018-09-10 16:08:41', 'Telah Login'),
(1570, 1, '2018-09-10 16:14:10', 'Telah Logout'),
(1571, 1, '2018-09-11 02:50:59', 'Telah Login'),
(1572, 1, '2018-09-11 02:52:05', 'Melakukan Transaksi'),
(1573, 1, '2018-09-11 02:54:15', 'Telah Login'),
(1574, 1, '2018-09-11 02:54:48', 'Melakukan Transaksi'),
(1575, 1, '2018-09-11 02:55:02', 'Melakukan Transaksi'),
(1576, 1, '2018-09-11 02:55:20', 'Melakukan Transaksi'),
(1577, 1, '2018-09-11 02:55:35', 'Melakukan Transaksi'),
(1578, 1, '2018-09-11 02:55:51', 'Melakukan Transaksi'),
(1579, 1, '2018-09-11 02:56:07', 'Melakukan Transaksi'),
(1580, 1, '2018-09-11 02:56:29', 'Melakukan Transaksi'),
(1581, 1, '2018-09-11 02:58:35', 'Telah Login'),
(1582, 1, '2018-09-11 03:00:03', 'Melakukan Transaksi'),
(1583, 1, '2018-09-11 03:00:27', 'Melakukan Transaksi'),
(1584, 1, '2018-09-11 03:00:48', 'Melakukan Transaksi'),
(1585, 1, '2018-09-11 03:01:06', 'Melakukan Transaksi'),
(1586, 1, '2018-09-11 03:01:22', 'Melakukan Transaksi'),
(1587, 1, '2018-09-11 03:01:38', 'Melakukan Transaksi'),
(1588, 1, '2018-09-11 03:01:58', 'Melakukan Transaksi'),
(1589, 1, '2018-09-11 03:02:15', 'Melakukan Transaksi'),
(1590, 1, '2018-09-11 03:02:35', 'Melakukan Transaksi'),
(1591, 1, '2018-09-11 03:02:53', 'Melakukan Transaksi'),
(1592, 1, '2018-09-11 03:03:11', 'Melakukan Transaksi'),
(1593, 1, '2018-09-11 03:03:27', 'Melakukan Transaksi'),
(1594, 1, '2018-09-11 03:03:43', 'Melakukan Transaksi'),
(1595, 1, '2018-09-11 03:04:00', 'Melakukan Transaksi'),
(1596, 1, '2018-09-11 03:04:17', 'Melakukan Transaksi'),
(1597, 1, '2018-09-11 03:04:35', 'Melakukan Transaksi'),
(1598, 1, '2018-09-11 03:04:55', 'Melakukan Transaksi'),
(1599, 1, '2018-09-11 03:05:14', 'Melakukan Transaksi'),
(1600, 1, '2018-09-11 03:05:32', 'Melakukan Transaksi'),
(1601, 1, '2018-09-11 03:06:00', 'Melakukan Transaksi'),
(1602, 1, '2018-09-11 03:06:19', 'Melakukan Transaksi'),
(1603, 1, '2018-09-11 03:06:40', 'Melakukan Transaksi'),
(1604, 1, '2018-09-11 03:06:59', 'Melakukan Transaksi'),
(1605, 1, '2018-09-11 03:07:15', 'Melakukan Transaksi'),
(1606, 1, '2018-09-11 03:07:33', 'Melakukan Transaksi'),
(1607, 1, '2018-09-11 03:07:54', 'Melakukan Transaksi'),
(1608, 1, '2018-09-11 03:08:11', 'Melakukan Transaksi'),
(1609, 1, '2018-09-11 03:08:28', 'Melakukan Transaksi'),
(1610, 1, '2018-09-11 03:08:44', 'Melakukan Transaksi'),
(1611, 1, '2018-09-11 03:09:03', 'Melakukan Transaksi'),
(1612, 1, '2018-09-11 03:09:19', 'Melakukan Transaksi'),
(1613, 1, '2018-09-11 03:09:35', 'Melakukan Transaksi'),
(1614, 1, '2018-09-11 03:09:51', 'Melakukan Transaksi'),
(1615, 1, '2018-09-11 03:10:09', 'Melakukan Transaksi'),
(1616, 1, '2018-09-11 03:10:26', 'Melakukan Transaksi'),
(1617, 1, '2018-09-11 03:10:44', 'Melakukan Transaksi'),
(1618, 1, '2018-09-11 03:11:03', 'Melakukan Transaksi'),
(1619, 1, '2018-09-11 03:11:32', 'Melakukan Transaksi'),
(1620, 1, '2018-09-11 03:11:49', 'Melakukan Transaksi'),
(1621, 1, '2018-09-11 03:12:05', 'Melakukan Transaksi'),
(1622, 1, '2018-09-11 03:12:22', 'Melakukan Transaksi'),
(1623, 1, '2018-09-11 03:12:38', 'Melakukan Transaksi'),
(1624, 1, '2018-09-11 03:12:53', 'Melakukan Transaksi'),
(1625, 1, '2018-09-11 03:13:15', 'Melakukan Transaksi'),
(1626, 1, '2018-09-11 03:13:30', 'Melakukan Transaksi'),
(1627, 1, '2018-09-11 03:13:47', 'Melakukan Transaksi'),
(1628, 1, '2018-09-11 03:14:03', 'Melakukan Transaksi'),
(1629, 1, '2018-09-11 03:14:19', 'Melakukan Transaksi'),
(1630, 1, '2018-09-11 03:14:37', 'Melakukan Transaksi'),
(1631, 1, '2018-09-11 03:15:11', 'Melakukan Transaksi'),
(1632, 1, '2018-09-11 03:15:27', 'Melakukan Transaksi'),
(1633, 1, '2018-09-11 03:15:45', 'Melakukan Transaksi'),
(1634, 1, '2018-09-11 03:16:02', 'Melakukan Transaksi'),
(1635, 1, '2018-09-11 03:16:20', 'Melakukan Transaksi'),
(1636, 1, '2018-09-11 03:17:00', 'Melakukan Transaksi'),
(1637, 1, '2018-09-11 03:17:18', 'Melakukan Transaksi'),
(1638, 1, '2018-09-11 03:17:39', 'Melakukan Transaksi'),
(1639, 1, '2018-09-11 03:17:55', 'Melakukan Transaksi'),
(1640, 1, '2018-09-11 03:19:38', 'Melakukan Transaksi'),
(1641, 1, '2018-09-11 03:19:55', 'Melakukan Transaksi'),
(1642, 1, '2018-09-11 03:20:11', 'Melakukan Transaksi'),
(1643, 1, '2018-09-11 03:20:28', 'Melakukan Transaksi'),
(1644, 1, '2018-09-11 03:21:49', 'Melakukan Transaksi'),
(1645, 1, '2018-09-11 03:22:06', 'Melakukan Transaksi'),
(1646, 1, '2018-09-11 03:22:23', 'Melakukan Transaksi'),
(1647, 1, '2018-09-11 03:22:40', 'Melakukan Transaksi'),
(1648, 1, '2018-09-11 03:22:56', 'Melakukan Transaksi'),
(1649, 1, '2018-09-11 03:23:12', 'Melakukan Transaksi'),
(1650, 1, '2018-09-11 03:23:29', 'Melakukan Transaksi'),
(1651, 1, '2018-09-11 03:23:54', 'Melakukan Transaksi'),
(1652, 1, '2018-09-11 03:24:13', 'Melakukan Transaksi'),
(1653, 1, '2018-09-11 03:24:34', 'Melakukan Transaksi'),
(1654, 1, '2018-09-11 03:24:49', 'Melakukan Transaksi'),
(1655, 1, '2018-09-11 03:25:07', 'Melakukan Transaksi'),
(1656, 1, '2018-09-11 03:25:23', 'Melakukan Transaksi'),
(1657, 1, '2018-09-11 03:25:40', 'Melakukan Transaksi'),
(1658, 1, '2018-09-11 03:25:56', 'Melakukan Transaksi'),
(1659, 1, '2018-09-11 03:26:14', 'Melakukan Transaksi'),
(1660, 1, '2018-09-11 03:26:35', 'Melakukan Transaksi'),
(1661, 1, '2018-09-11 03:26:51', 'Melakukan Transaksi'),
(1662, 1, '2018-09-11 03:27:11', 'Melakukan Transaksi'),
(1663, 1, '2018-09-11 03:28:11', 'Melakukan Transaksi'),
(1664, 1, '2018-09-11 03:28:28', 'Melakukan Transaksi'),
(1665, 1, '2018-09-11 03:28:46', 'Melakukan Transaksi'),
(1666, 1, '2018-09-11 03:29:04', 'Melakukan Transaksi'),
(1667, 1, '2018-09-11 03:29:22', 'Melakukan Transaksi'),
(1668, 1, '2018-09-11 03:29:40', 'Melakukan Transaksi'),
(1669, 1, '2018-09-11 03:29:57', 'Melakukan Transaksi'),
(1670, 1, '2018-09-11 03:30:36', 'Melakukan Transaksi'),
(1671, 1, '2018-09-11 03:30:54', 'Melakukan Transaksi'),
(1672, 1, '2018-09-11 03:31:19', 'Melakukan Transaksi'),
(1673, 1, '2018-09-11 03:31:39', 'Melakukan Transaksi'),
(1674, 1, '2018-09-11 03:31:56', 'Melakukan Transaksi'),
(1675, 1, '2018-09-11 03:32:14', 'Melakukan Transaksi'),
(1676, 1, '2018-09-11 03:32:30', 'Melakukan Transaksi'),
(1677, 1, '2018-09-11 03:32:46', 'Melakukan Transaksi'),
(1678, 1, '2018-09-11 03:33:03', 'Melakukan Transaksi'),
(1679, 1, '2018-09-11 03:33:20', 'Melakukan Transaksi'),
(1680, 1, '2018-09-11 03:33:43', 'Melakukan Transaksi'),
(1681, 1, '2018-09-11 03:35:21', 'Melakukan Transaksi'),
(1682, 1, '2018-09-11 03:35:40', 'Melakukan Transaksi'),
(1683, 1, '2018-09-11 03:35:57', 'Melakukan Transaksi'),
(1684, 1, '2018-09-11 03:36:16', 'Melakukan Transaksi'),
(1685, 1, '2018-09-11 03:36:36', 'Melakukan Transaksi'),
(1686, 1, '2018-09-11 03:36:53', 'Melakukan Transaksi'),
(1687, 1, '2018-09-11 03:37:13', 'Melakukan Transaksi'),
(1688, 1, '2018-09-11 03:38:08', 'Melakukan Transaksi'),
(1689, 1, '2018-09-11 03:38:25', 'Melakukan Transaksi'),
(1690, 1, '2018-09-11 03:38:45', 'Melakukan Transaksi'),
(1691, 1, '2018-09-11 03:39:05', 'Melakukan Transaksi'),
(1692, 1, '2018-09-11 03:39:28', 'Melakukan Transaksi'),
(1693, 1, '2018-09-11 03:39:45', 'Melakukan Transaksi'),
(1694, 1, '2018-09-11 03:40:07', 'Melakukan Transaksi'),
(1695, 1, '2018-09-11 03:40:27', 'Melakukan Transaksi'),
(1696, 1, '2018-09-11 03:41:32', 'Melakukan Transaksi'),
(1697, 1, '2018-09-11 03:41:50', 'Melakukan Transaksi'),
(1698, 1, '2018-09-11 03:42:08', 'Melakukan Transaksi'),
(1699, 1, '2018-09-11 03:42:29', 'Melakukan Transaksi'),
(1700, 1, '2018-09-11 03:42:49', 'Melakukan Transaksi'),
(1701, 1, '2018-09-11 03:43:06', 'Melakukan Transaksi'),
(1702, 1, '2018-09-11 03:43:20', 'Melakukan Transaksi'),
(1703, 1, '2018-09-11 03:43:35', 'Melakukan Transaksi'),
(1704, 1, '2018-09-11 03:43:55', 'Melakukan Transaksi'),
(1705, 1, '2018-09-11 03:44:15', 'Melakukan Transaksi'),
(1706, 1, '2018-09-11 03:44:46', 'Melakukan Transaksi'),
(1707, 1, '2018-09-11 03:45:06', 'Melakukan Transaksi'),
(1708, 1, '2018-09-11 03:45:29', 'Melakukan Transaksi'),
(1709, 1, '2018-09-11 03:46:01', 'Melakukan Transaksi'),
(1710, 1, '2018-09-11 03:46:27', 'Melakukan Transaksi'),
(1711, 1, '2018-09-11 03:46:43', 'Melakukan Transaksi'),
(1712, 1, '2018-09-11 03:46:59', 'Melakukan Transaksi'),
(1713, 1, '2018-09-11 03:47:18', 'Melakukan Transaksi'),
(1714, 1, '2018-09-11 03:47:38', 'Melakukan Transaksi'),
(1715, 1, '2018-09-11 03:47:57', 'Melakukan Transaksi'),
(1716, 1, '2018-09-11 03:48:16', 'Melakukan Transaksi'),
(1717, 1, '2018-09-11 03:48:35', 'Melakukan Transaksi'),
(1718, 1, '2018-09-11 03:49:05', 'Melakukan Transaksi'),
(1719, 1, '2018-09-11 03:49:30', 'Melakukan Transaksi'),
(1720, 1, '2018-09-11 03:49:47', 'Melakukan Transaksi'),
(1721, 1, '2018-09-11 03:50:06', 'Melakukan Transaksi'),
(1722, 1, '2018-09-11 03:50:26', 'Melakukan Transaksi'),
(1723, 1, '2018-09-11 03:50:48', 'Melakukan Transaksi'),
(1724, 1, '2018-09-11 03:51:08', 'Melakukan Transaksi'),
(1725, 1, '2018-09-11 03:51:28', 'Melakukan Transaksi'),
(1726, 1, '2018-09-11 03:51:46', 'Melakukan Transaksi'),
(1727, 1, '2018-09-11 03:52:07', 'Melakukan Transaksi'),
(1728, 1, '2018-09-11 03:52:25', 'Melakukan Transaksi'),
(1729, 1, '2018-09-11 03:53:06', 'Melakukan Transaksi'),
(1730, 1, '2018-09-11 03:53:28', 'Melakukan Transaksi'),
(1731, 1, '2018-09-11 03:53:47', 'Melakukan Transaksi'),
(1732, 1, '2018-09-11 03:54:05', 'Melakukan Transaksi'),
(1733, 1, '2018-09-11 03:54:33', 'Melakukan Transaksi'),
(1734, 1, '2018-09-11 03:54:52', 'Melakukan Transaksi'),
(1735, 1, '2018-09-11 03:55:15', 'Melakukan Transaksi'),
(1736, 1, '2018-09-11 03:55:35', 'Melakukan Transaksi'),
(1737, 1, '2018-09-11 03:56:04', 'Melakukan Transaksi'),
(1738, 1, '2018-09-11 03:58:02', 'Melakukan Transaksi'),
(1739, 1, '2018-09-11 03:58:29', 'Melakukan Transaksi'),
(1740, 1, '2018-09-11 03:58:50', 'Melakukan Transaksi'),
(1741, 1, '2018-09-11 03:59:13', 'Melakukan Transaksi'),
(1742, 1, '2018-09-11 08:15:21', 'Telah Login'),
(1743, 1, '2018-09-12 09:06:27', 'Telah Login'),
(1744, 1, '2018-09-12 09:07:13', 'Melakukan Transaksi'),
(1745, 1, '2018-09-12 09:07:30', 'Melakukan Transaksi'),
(1746, 1, '2018-09-12 09:07:50', 'Melakukan Transaksi'),
(1747, 1, '2018-09-12 09:08:09', 'Melakukan Transaksi'),
(1748, 1, '2018-09-12 09:09:12', 'Melakukan Transaksi'),
(1749, 1, '2018-09-12 09:09:47', 'Melakukan Transaksi'),
(1750, 1, '2018-09-12 09:10:03', 'Melakukan Transaksi'),
(1751, 1, '2018-09-12 09:10:20', 'Melakukan Transaksi'),
(1752, 1, '2018-09-12 09:10:41', 'Melakukan Transaksi'),
(1753, 1, '2018-09-12 09:10:54', 'Melakukan Transaksi'),
(1754, 1, '2018-09-12 09:11:06', 'Melakukan Transaksi'),
(1755, 1, '2018-09-12 09:34:47', 'Melakukan Transaksi'),
(1756, 1, '2018-09-12 09:35:00', 'Melakukan Transaksi'),
(1757, 1, '2018-09-12 09:35:19', 'Melakukan Transaksi'),
(1758, 1, '2018-09-12 09:35:30', 'Melakukan Transaksi'),
(1759, 1, '2018-09-12 09:35:44', 'Melakukan Transaksi'),
(1760, 1, '2018-09-12 09:36:03', 'Melakukan Transaksi'),
(1761, 1, '2018-09-12 09:36:21', 'Melakukan Transaksi'),
(1762, 1, '2018-09-12 09:36:40', 'Melakukan Transaksi'),
(1763, 1, '2018-09-12 09:36:51', 'Melakukan Transaksi'),
(1764, 1, '2018-09-12 09:37:18', 'Melakukan Transaksi'),
(1765, 1, '2018-09-12 10:13:48', 'Telah Login'),
(1766, 1, '2018-09-12 10:14:11', 'Melakukan Transaksi'),
(1767, 1, '2018-09-12 10:15:05', 'Melakukan Transaksi'),
(1768, 1, '2018-09-12 10:15:26', 'Melakukan Transaksi'),
(1769, 1, '2018-09-12 10:15:46', 'Melakukan Transaksi'),
(1770, 1, '2018-09-12 10:16:03', 'Melakukan Transaksi'),
(1771, 1, '2018-09-12 11:06:00', 'Telah Login'),
(1772, 1, '2018-09-12 11:09:26', 'Telah Logout'),
(1773, 1, '2018-09-13 06:11:40', 'Telah Login'),
(1774, 25, '2018-09-13 07:58:41', 'Telah Login'),
(1775, 1, '2018-09-13 09:27:14', 'Telah Login'),
(1776, 1, '2018-09-13 09:30:52', 'Mengubah Siswa ABD. RAHMAN REZA'),
(1777, 1, '2018-09-13 09:34:53', 'Melakukan Transaksi'),
(1778, 1, '2018-09-13 09:35:11', 'Melakukan Transaksi'),
(1779, 1, '2018-09-13 09:35:22', 'Melakukan Transaksi'),
(1780, 1, '2018-09-13 09:35:39', 'Melakukan Transaksi'),
(1781, 1, '2018-09-13 09:35:57', 'Menghapus Pembayaran'),
(1782, 1, '2018-09-13 09:36:49', 'Melakukan Transaksi'),
(1783, 1, '2018-09-13 09:37:05', 'Melakukan Transaksi'),
(1784, 1, '2018-09-13 09:37:15', 'Melakukan Transaksi'),
(1785, 1, '2018-09-13 09:37:31', 'Melakukan Transaksi'),
(1786, 1, '2018-09-13 09:37:44', 'Melakukan Transaksi'),
(1787, 1, '2018-09-13 09:37:54', 'Melakukan Transaksi'),
(1788, 1, '2018-09-13 09:38:15', 'Melakukan Transaksi'),
(1789, 1, '2018-09-13 09:38:30', 'Melakukan Transaksi'),
(1790, 1, '2018-09-13 09:38:43', 'Melakukan Transaksi'),
(1791, 1, '2018-09-13 09:38:58', 'Melakukan Transaksi'),
(1792, 1, '2018-09-13 09:39:16', 'Melakukan Transaksi'),
(1793, 1, '2018-09-13 09:39:34', 'Melakukan Transaksi'),
(1794, 1, '2018-09-13 09:39:50', 'Melakukan Transaksi'),
(1795, 1, '2018-09-13 09:40:17', 'Melakukan Transaksi'),
(1796, 1, '2018-09-13 09:42:55', 'Melakukan Transaksi'),
(1797, 1, '2018-09-13 09:43:08', 'Melakukan Transaksi'),
(1798, 1, '2018-09-13 09:43:21', 'Melakukan Transaksi'),
(1799, 1, '2018-09-13 09:43:43', 'Melakukan Transaksi'),
(1800, 1, '2018-09-13 09:44:17', 'Melakukan Transaksi'),
(1801, 1, '2018-09-13 09:44:51', 'Melakukan Transaksi'),
(1802, 1, '2018-09-13 09:45:14', 'Melakukan Transaksi'),
(1803, 1, '2018-09-13 09:46:20', 'Melakukan Transaksi'),
(1804, 1, '2018-09-13 09:46:31', 'Melakukan Transaksi'),
(1805, 1, '2018-09-13 09:48:34', 'Melakukan Transaksi'),
(1806, 1, '2018-09-13 09:48:46', 'Melakukan Transaksi'),
(1807, 1, '2018-09-13 09:49:26', 'Melakukan Transaksi'),
(1808, 1, '2018-09-13 09:49:44', 'Melakukan Transaksi'),
(1809, 1, '2018-09-13 09:49:56', 'Melakukan Transaksi'),
(1810, 1, '2018-09-13 09:50:06', 'Melakukan Transaksi'),
(1811, 1, '2018-09-13 09:50:27', 'Melakukan Transaksi'),
(1812, 1, '2018-09-13 09:50:53', 'Melakukan Transaksi'),
(1813, 1, '2018-09-13 09:51:05', 'Melakukan Transaksi'),
(1814, 1, '2018-09-13 09:51:16', 'Melakukan Transaksi'),
(1815, 1, '2018-09-13 09:51:37', 'Melakukan Transaksi'),
(1816, 1, '2018-09-13 09:51:51', 'Melakukan Transaksi'),
(1817, 1, '2018-09-13 09:52:12', 'Melakukan Transaksi'),
(1818, 1, '2018-09-13 09:52:28', 'Melakukan Transaksi'),
(1819, 1, '2018-09-13 09:52:41', 'Melakukan Transaksi'),
(1820, 1, '2018-09-13 09:52:55', 'Melakukan Transaksi'),
(1821, 1, '2018-09-13 09:53:11', 'Melakukan Transaksi'),
(1822, 1, '2018-09-13 09:53:22', 'Melakukan Transaksi'),
(1823, 1, '2018-09-13 09:54:24', 'Melakukan Transaksi'),
(1824, 1, '2018-09-13 09:54:36', 'Melakukan Transaksi'),
(1825, 1, '2018-09-13 11:14:54', 'Telah Login'),
(1826, 1, '2018-09-13 11:15:35', 'Menghapus Siswa '),
(1827, 1, '2018-09-13 11:15:57', 'Telah Logout'),
(1828, 1, '2018-09-13 11:42:14', 'Telah Login'),
(1829, 1, '2018-09-14 08:59:23', 'Telah Login'),
(1830, 1, '2018-09-14 09:00:19', 'Telah Logout'),
(1831, 1, '2018-09-14 10:17:48', 'Telah Login'),
(1832, 1, '2018-09-14 10:18:30', 'Melakukan Transaksi'),
(1833, 1, '2018-09-14 10:28:41', 'Melakukan Transaksi'),
(1834, 1, '2018-09-14 10:29:04', 'Melakukan Transaksi'),
(1835, 1, '2018-09-14 10:29:24', 'Melakukan Transaksi'),
(1836, 1, '2018-09-14 10:29:50', 'Melakukan Transaksi'),
(1837, 1, '2018-09-14 10:35:11', 'Telah Login'),
(1838, 1, '2018-09-14 10:35:52', 'Telah Logout'),
(1839, 1, '2018-09-15 09:17:14', 'Telah Login'),
(1840, 1, '2018-09-15 09:17:40', 'Melakukan Transaksi'),
(1841, 1, '2018-09-15 09:17:56', 'Melakukan Transaksi'),
(1842, 1, '2018-09-15 09:18:12', 'Melakukan Transaksi'),
(1843, 1, '2018-09-15 09:18:27', 'Melakukan Transaksi'),
(1844, 1, '2018-09-15 10:12:34', 'Telah Login'),
(1845, 1, '2018-09-15 10:12:51', 'Melakukan Transaksi'),
(1846, 1, '2018-09-15 12:41:48', 'Telah Login'),
(1847, 1, '2018-09-15 12:45:12', 'Melakukan Transaksi'),
(1848, 1, '2018-09-15 12:45:33', 'Melakukan Transaksi'),
(1849, 1, '2018-09-15 12:45:46', 'Melakukan Transaksi'),
(1850, 1, '2018-09-15 12:45:58', 'Melakukan Transaksi'),
(1851, 1, '2018-09-15 12:46:09', 'Melakukan Transaksi'),
(1852, 1, '2018-09-15 12:46:20', 'Melakukan Transaksi'),
(1853, 1, '2018-09-15 12:46:36', 'Melakukan Transaksi'),
(1854, 1, '2018-09-15 13:36:55', 'Melakukan Transaksi'),
(1855, 1, '2018-09-15 13:37:11', 'Melakukan Transaksi'),
(1856, 1, '2018-09-15 13:37:22', 'Melakukan Transaksi'),
(1857, 1, '2018-09-15 13:37:47', 'Melakukan Transaksi'),
(1858, 1, '2018-09-15 13:38:04', 'Melakukan Transaksi'),
(1859, 1, '2018-09-15 13:38:21', 'Melakukan Transaksi'),
(1860, 1, '2018-09-15 13:38:38', 'Melakukan Transaksi'),
(1861, 1, '2018-09-15 13:38:50', 'Melakukan Transaksi'),
(1862, 1, '2018-09-15 13:39:00', 'Melakukan Transaksi'),
(1863, 1, '2018-09-15 13:39:10', 'Melakukan Transaksi'),
(1864, 29, '2018-09-15 14:25:55', 'Telah Login'),
(1865, 17, '2018-09-15 15:49:52', 'Telah Login'),
(1866, 8, '2018-09-15 18:50:57', 'Telah Login'),
(1867, 30, '2018-09-15 20:58:38', 'Telah Login'),
(1868, 10, '2018-09-15 21:26:26', 'Telah Login'),
(1869, 1, '2018-09-17 09:33:35', 'Telah Login'),
(1870, 1, '2018-09-17 09:34:02', 'Telah Logout'),
(1871, 29, '2018-09-17 10:32:02', 'Telah Login'),
(1872, 1, '2018-09-17 10:34:19', 'Telah Login'),
(1873, 29, '2018-09-17 10:36:22', 'Telah Logout'),
(1874, 1, '2018-09-17 11:37:37', 'Telah Login'),
(1875, 1, '2018-09-17 11:37:44', 'Telah Login'),
(1876, 1, '2018-09-17 11:38:02', 'Melakukan Transaksi'),
(1877, 1, '2018-09-17 11:38:22', 'Melakukan Transaksi'),
(1878, 1, '2018-09-17 11:38:49', 'Melakukan Transaksi'),
(1879, 30, '2018-09-17 11:58:27', 'Telah Login'),
(1880, 1, '2018-09-17 12:35:37', 'Telah Login'),
(1881, 1, '2018-09-17 12:35:56', 'Melakukan Transaksi'),
(1882, 1, '2018-09-17 12:36:08', 'Melakukan Transaksi'),
(1883, 20, '2018-09-17 12:38:53', 'Telah Login'),
(1884, 1, '2018-09-17 12:48:20', 'Melakukan Transaksi'),
(1885, 1, '2018-09-17 12:48:32', 'Melakukan Transaksi'),
(1886, 1, '2018-09-17 12:48:55', 'Melakukan Transaksi'),
(1887, 1, '2018-09-17 12:49:10', 'Melakukan Transaksi'),
(1888, 1, '2018-09-17 12:49:21', 'Melakukan Transaksi'),
(1889, 1, '2018-09-17 13:09:31', 'Melakukan Transaksi'),
(1890, 1, '2018-09-17 13:09:51', 'Melakukan Transaksi'),
(1891, 1, '2018-09-17 13:10:07', 'Melakukan Transaksi'),
(1892, 1, '2018-09-17 13:10:21', 'Melakukan Transaksi'),
(1893, 1, '2018-09-17 13:11:44', 'Melakukan Transaksi'),
(1894, 30, '2018-09-17 14:07:25', 'Telah Login'),
(1895, 30, '2018-09-17 17:32:42', 'Telah Login'),
(1896, 1, '2018-09-18 07:55:31', 'Telah Login'),
(1897, 30, '2018-09-18 08:04:11', 'Telah Login'),
(1898, 1, '2018-09-18 08:09:44', 'Melakukan Transaksi'),
(1899, 1, '2018-09-18 08:10:09', 'Melakukan Transaksi'),
(1900, 1, '2018-09-18 08:10:25', 'Melakukan Transaksi'),
(1901, 1, '2018-09-18 08:10:40', 'Melakukan Transaksi'),
(1902, 1, '2018-09-18 08:10:59', 'Melakukan Transaksi'),
(1903, 1, '2018-09-18 08:11:33', 'Melakukan Transaksi'),
(1904, 1, '2018-09-18 08:11:51', 'Melakukan Transaksi'),
(1905, 1, '2018-09-18 08:12:39', 'Melakukan Transaksi'),
(1906, 1, '2018-09-18 08:13:02', 'Melakukan Transaksi'),
(1907, 1, '2018-09-18 08:13:22', 'Melakukan Transaksi'),
(1908, 30, '2018-09-18 11:33:16', 'Telah Login'),
(1909, 30, '2018-09-18 11:39:15', 'Telah Login'),
(1910, 1, '2018-09-18 14:25:50', 'Telah Login'),
(1911, 1, '2018-09-18 14:26:25', 'Telah Logout'),
(1912, 1, '2018-09-18 14:51:58', 'Telah Login'),
(1913, 1, '2018-09-18 14:54:00', 'Menambahkan Pembayaran UTS Gasal 1819'),
(1914, 30, '2018-09-18 15:02:38', 'Telah Login'),
(1915, 20, '2018-09-19 07:35:35', 'Telah Login'),
(1916, 30, '2018-09-19 07:48:49', 'Telah Login'),
(1917, 13, '2018-09-19 09:51:24', 'Telah Login'),
(1918, 21, '2018-09-19 10:05:52', 'Telah Login'),
(1919, 13, '2018-09-19 10:20:57', 'Telah Login');
INSERT INTO `tbl_history` (`id_history`, `id_pegawai`, `waktu_history`, `keterangan_history`) VALUES
(1920, 13, '2018-09-19 10:20:58', 'Telah Login'),
(1921, 29, '2018-09-19 10:21:12', 'Telah Login'),
(1922, 29, '2018-09-19 10:42:55', 'Telah Logout'),
(1923, 30, '2018-09-19 12:30:27', 'Telah Login'),
(1924, 1, '2018-09-20 07:34:53', 'Telah Login'),
(1925, 1, '2018-09-20 07:35:48', 'Mengubah Pengguna Yuwanita Indriani, S.Pd'),
(1926, 1, '2018-09-20 07:35:52', 'Telah Logout'),
(1927, 1, '2018-09-20 07:36:08', 'Telah Login'),
(1928, 1, '2018-09-20 07:36:34', 'Telah Logout'),
(1929, 2, '2018-09-20 07:36:48', 'Telah Login'),
(1930, 2, '2018-09-20 07:40:33', 'Telah Logout'),
(1931, 30, '2018-09-20 10:56:14', 'Telah Login'),
(1932, 10, '2018-09-20 12:03:01', 'Telah Login'),
(1933, 10, '2018-09-20 12:03:58', 'Telah Logout'),
(1934, 1, '2018-09-20 16:49:02', 'Telah Login'),
(1935, 1, '2018-09-20 17:03:20', 'Telah Login'),
(1936, 1, '2018-09-20 17:04:26', 'Melakukan Transaksi'),
(1937, 1, '2018-09-20 17:04:46', 'Melakukan Transaksi'),
(1938, 1, '2018-09-20 17:05:06', 'Melakukan Transaksi'),
(1939, 1, '2018-09-20 17:05:23', 'Melakukan Transaksi'),
(1940, 1, '2018-09-20 17:05:39', 'Melakukan Transaksi'),
(1941, 30, '2018-09-20 18:40:57', 'Telah Login'),
(1942, 2, '2018-09-21 07:23:21', 'Telah Login'),
(1943, 2, '2018-09-21 07:30:18', 'Telah Login'),
(1944, 2, '2018-09-21 07:32:15', 'Telah Logout'),
(1945, 2, '2018-09-21 07:42:53', 'Telah Login'),
(1946, 2, '2018-09-21 07:45:12', 'Telah Logout'),
(1947, 30, '2018-09-21 08:43:42', 'Telah Login'),
(1948, 8, '2018-09-21 09:06:42', 'Telah Login'),
(1949, 8, '2018-09-21 09:15:41', 'Telah Logout'),
(1950, 25, '2018-09-21 09:22:31', 'Telah Login'),
(1951, 1, '2018-09-21 09:56:50', 'Telah Login'),
(1952, 1, '2018-09-21 11:48:09', 'Telah Login'),
(1953, 1, '2018-09-21 11:48:57', 'Melakukan Transaksi'),
(1954, 1, '2018-09-21 11:50:28', 'Telah Login'),
(1955, 1, '2018-09-21 11:51:43', 'Melakukan Transaksi'),
(1956, 1, '2018-09-21 11:51:59', 'Melakukan Transaksi'),
(1957, 1, '2018-09-21 11:52:29', 'Melakukan Transaksi'),
(1958, 1, '2018-09-21 11:52:57', 'Melakukan Transaksi'),
(1959, 1, '2018-09-21 11:53:16', 'Melakukan Transaksi'),
(1960, 1, '2018-09-21 11:53:35', 'Melakukan Transaksi'),
(1961, 1, '2018-09-21 11:53:45', 'Melakukan Transaksi'),
(1962, 1, '2018-09-21 11:53:56', 'Melakukan Transaksi'),
(1963, 1, '2018-09-21 11:54:12', 'Melakukan Transaksi'),
(1964, 1, '2018-09-21 11:54:35', 'Melakukan Transaksi'),
(1965, 1, '2018-09-21 11:54:48', 'Melakukan Transaksi'),
(1966, 1, '2018-09-21 11:55:10', 'Melakukan Transaksi'),
(1967, 1, '2018-09-21 11:55:31', 'Melakukan Transaksi'),
(1968, 1, '2018-09-21 11:56:02', 'Melakukan Transaksi'),
(1969, 1, '2018-09-21 11:56:33', 'Melakukan Transaksi'),
(1970, 1, '2018-09-21 11:56:51', 'Melakukan Transaksi'),
(1971, 1, '2018-09-21 11:57:18', 'Melakukan Transaksi'),
(1972, 1, '2018-09-21 11:57:43', 'Melakukan Transaksi'),
(1973, 1, '2018-09-21 11:58:00', 'Melakukan Transaksi'),
(1974, 1, '2018-09-21 11:58:12', 'Melakukan Transaksi'),
(1975, 1, '2018-09-21 11:58:29', 'Melakukan Transaksi'),
(1976, 1, '2018-09-21 11:58:42', 'Melakukan Transaksi'),
(1977, 1, '2018-09-21 11:58:55', 'Melakukan Transaksi'),
(1978, 1, '2018-09-21 11:59:13', 'Melakukan Transaksi'),
(1979, 1, '2018-09-21 11:59:24', 'Melakukan Transaksi'),
(1980, 1, '2018-09-21 11:59:45', 'Melakukan Transaksi'),
(1981, 1, '2018-09-21 12:00:19', 'Melakukan Transaksi'),
(1982, 1, '2018-09-21 12:00:54', 'Melakukan Transaksi'),
(1983, 1, '2018-09-21 12:11:05', 'Melakukan Transaksi'),
(1984, 1, '2018-09-21 12:11:17', 'Melakukan Transaksi'),
(1985, 1, '2018-09-21 12:11:33', 'Melakukan Transaksi'),
(1986, 1, '2018-09-21 12:11:51', 'Melakukan Transaksi'),
(1987, 1, '2018-09-21 12:12:09', 'Menghapus Pembayaran'),
(1988, 1, '2018-09-21 12:12:27', 'Melakukan Transaksi'),
(1989, 1, '2018-09-21 12:12:38', 'Melakukan Transaksi'),
(1990, 1, '2018-09-21 12:13:04', 'Melakukan Transaksi'),
(1991, 1, '2018-09-21 12:13:23', 'Melakukan Transaksi'),
(1992, 1, '2018-09-21 12:13:40', 'Melakukan Transaksi'),
(1993, 1, '2018-09-21 12:13:52', 'Melakukan Transaksi'),
(1994, 1, '2018-09-21 12:14:07', 'Melakukan Transaksi'),
(1995, 1, '2018-09-21 12:14:17', 'Melakukan Transaksi'),
(1996, 1, '2018-09-21 12:14:43', 'Melakukan Transaksi'),
(1997, 1, '2018-09-21 12:15:03', 'Melakukan Transaksi'),
(1998, 1, '2018-09-21 12:15:20', 'Melakukan Transaksi'),
(1999, 1, '2018-09-21 12:16:18', 'Melakukan Transaksi'),
(2000, 1, '2018-09-21 12:16:35', 'Melakukan Transaksi'),
(2001, 1, '2018-09-21 12:16:55', 'Melakukan Transaksi'),
(2002, 1, '2018-09-21 12:17:13', 'Melakukan Transaksi'),
(2003, 1, '2018-09-21 12:17:28', 'Melakukan Transaksi'),
(2004, 1, '2018-09-21 12:17:43', 'Melakukan Transaksi'),
(2005, 1, '2018-09-21 12:19:59', 'Melakukan Transaksi'),
(2006, 1, '2018-09-21 12:20:11', 'Menghapus Pembayaran'),
(2007, 1, '2018-09-21 12:20:27', 'Melakukan Transaksi'),
(2008, 1, '2018-09-21 12:20:40', 'Melakukan Transaksi'),
(2009, 1, '2018-09-21 12:20:50', 'Telah Logout'),
(2010, 30, '2018-09-21 18:09:49', 'Telah Login'),
(2011, 2, '2018-09-22 07:37:51', 'Telah Login'),
(2012, 1, '2018-09-22 08:07:26', 'Telah Login'),
(2013, 1, '2018-09-22 08:07:51', 'Melakukan Transaksi'),
(2014, 1, '2018-09-22 08:08:43', 'Melakukan Transaksi'),
(2015, 1, '2018-09-22 08:09:35', 'Melakukan Transaksi'),
(2016, 1, '2018-09-22 08:09:51', 'Melakukan Transaksi'),
(2017, 1, '2018-09-22 08:10:12', 'Melakukan Transaksi'),
(2018, 1, '2018-09-22 08:10:33', 'Melakukan Transaksi'),
(2019, 1, '2018-09-22 08:10:48', 'Melakukan Transaksi'),
(2020, 1, '2018-09-22 08:11:05', 'Melakukan Transaksi'),
(2021, 1, '2018-09-22 08:12:11', 'Melakukan Transaksi'),
(2022, 2, '2018-09-22 08:38:16', 'Telah Login'),
(2023, 2, '2018-09-22 08:42:30', 'Telah Logout'),
(2024, 2, '2018-09-22 09:40:25', 'Telah Login'),
(2025, 2, '2018-09-22 09:41:16', 'Telah Logout'),
(2026, 0, '2018-09-22 09:41:24', 'Telah Logout'),
(2027, 2, '2018-09-24 08:27:01', 'Telah Login'),
(2028, 2, '2018-09-24 08:28:24', 'Melakukan Transaksi'),
(2029, 2, '2018-09-24 08:45:33', 'Telah Logout'),
(2030, 0, '2018-09-24 08:45:37', 'Telah Logout'),
(2031, 0, '2018-09-24 08:45:40', 'Telah Logout'),
(2032, 0, '2018-09-24 08:45:42', 'Telah Logout'),
(2033, 2, '2018-09-24 09:38:41', 'Telah Login'),
(2034, 2, '2018-09-24 09:43:33', 'Melakukan Transaksi'),
(2035, 2, '2018-09-24 09:44:30', 'Melakukan Transaksi'),
(2036, 2, '2018-09-24 09:50:57', 'Melakukan Transaksi'),
(2037, 2, '2018-09-24 09:53:37', 'Melakukan Transaksi'),
(2038, 2, '2018-09-24 09:54:31', 'Melakukan Transaksi'),
(2039, 2, '2018-09-24 10:16:24', 'Melakukan Transaksi'),
(2040, 2, '2018-09-24 10:17:35', 'Melakukan Transaksi'),
(2041, 2, '2018-09-24 10:19:21', 'Melakukan Transaksi'),
(2042, 2, '2018-09-24 10:20:48', 'Melakukan Transaksi'),
(2043, 2, '2018-09-24 10:22:13', 'Melakukan Transaksi'),
(2044, 2, '2018-09-24 10:22:58', 'Melakukan Transaksi'),
(2045, 2, '2018-09-24 10:23:59', 'Melakukan Transaksi'),
(2046, 2, '2018-09-24 10:24:36', 'Melakukan Transaksi'),
(2047, 2, '2018-09-24 10:25:17', 'Melakukan Transaksi'),
(2048, 2, '2018-09-24 10:37:00', 'Melakukan Transaksi'),
(2049, 2, '2018-09-24 10:38:13', 'Melakukan Transaksi'),
(2050, 1, '2018-09-24 10:41:38', 'Telah Login'),
(2051, 1, '2018-09-24 10:41:44', 'Telah Login'),
(2052, 2, '2018-09-24 10:42:57', 'Melakukan Transaksi'),
(2053, 1, '2018-09-24 10:43:01', 'Melakukan Transaksi'),
(2054, 1, '2018-09-24 10:43:13', 'Melakukan Transaksi'),
(2055, 1, '2018-09-24 10:43:40', 'Melakukan Transaksi'),
(2056, 1, '2018-09-24 10:43:52', 'Melakukan Transaksi'),
(2057, 1, '2018-09-24 10:44:21', 'Melakukan Transaksi'),
(2058, 1, '2018-09-24 10:45:05', 'Melakukan Transaksi'),
(2059, 1, '2018-09-24 10:45:22', 'Melakukan Transaksi'),
(2060, 1, '2018-09-24 10:45:42', 'Melakukan Transaksi'),
(2061, 1, '2018-09-24 10:46:11', 'Melakukan Transaksi'),
(2062, 1, '2018-09-24 10:46:30', 'Melakukan Transaksi'),
(2063, 2, '2018-09-24 10:46:39', 'Melakukan Transaksi'),
(2064, 1, '2018-09-24 10:46:49', 'Melakukan Transaksi'),
(2065, 1, '2018-09-24 10:47:19', 'Melakukan Transaksi'),
(2066, 2, '2018-09-24 10:47:41', 'Melakukan Transaksi'),
(2067, 1, '2018-09-24 10:47:54', 'Melakukan Transaksi'),
(2068, 1, '2018-09-24 10:48:15', 'Melakukan Transaksi'),
(2069, 1, '2018-09-24 10:48:31', 'Melakukan Transaksi'),
(2070, 1, '2018-09-24 10:48:59', 'Melakukan Transaksi'),
(2071, 1, '2018-09-24 10:49:37', 'Melakukan Transaksi'),
(2072, 1, '2018-09-24 10:49:55', 'Melakukan Transaksi'),
(2073, 1, '2018-09-24 10:50:18', 'Melakukan Transaksi'),
(2074, 1, '2018-09-24 10:50:30', 'Melakukan Transaksi'),
(2075, 2, '2018-09-24 10:50:48', 'Melakukan Transaksi'),
(2076, 1, '2018-09-24 10:50:52', 'Melakukan Transaksi'),
(2077, 1, '2018-09-24 10:51:04', 'Melakukan Transaksi'),
(2078, 1, '2018-09-24 10:51:14', 'Melakukan Transaksi'),
(2079, 1, '2018-09-24 10:51:32', 'Melakukan Transaksi'),
(2080, 2, '2018-09-24 10:53:02', 'Melakukan Transaksi'),
(2081, 1, '2018-09-24 10:54:08', 'Melakukan Transaksi'),
(2082, 1, '2018-09-24 10:54:21', 'Melakukan Transaksi'),
(2083, 1, '2018-09-24 10:54:39', 'Melakukan Transaksi'),
(2084, 1, '2018-09-24 10:54:52', 'Melakukan Transaksi'),
(2085, 1, '2018-09-24 10:55:45', 'Melakukan Transaksi'),
(2086, 1, '2018-09-24 10:56:01', 'Melakukan Transaksi'),
(2087, 1, '2018-09-24 10:56:17', 'Melakukan Transaksi'),
(2088, 1, '2018-09-24 10:56:31', 'Melakukan Transaksi'),
(2089, 1, '2018-09-24 10:56:51', 'Melakukan Transaksi'),
(2090, 1, '2018-09-24 10:57:07', 'Melakukan Transaksi'),
(2091, 1, '2018-09-24 10:57:17', 'Melakukan Transaksi'),
(2092, 1, '2018-09-24 10:57:33', 'Melakukan Transaksi'),
(2093, 1, '2018-09-24 10:57:57', 'Melakukan Transaksi'),
(2094, 2, '2018-09-24 10:58:11', 'Melakukan Transaksi'),
(2095, 1, '2018-09-24 10:58:19', 'Melakukan Transaksi'),
(2096, 1, '2018-09-24 10:58:39', 'Melakukan Transaksi'),
(2097, 1, '2018-09-24 10:58:52', 'Melakukan Transaksi'),
(2098, 2, '2018-09-24 10:59:21', 'Melakukan Transaksi'),
(2099, 2, '2018-09-24 11:00:13', 'Melakukan Transaksi'),
(2100, 2, '2018-09-24 11:01:14', 'Melakukan Transaksi'),
(2101, 1, '2018-09-24 11:01:19', 'Melakukan Transaksi'),
(2102, 1, '2018-09-24 11:01:35', 'Melakukan Transaksi'),
(2103, 2, '2018-09-24 11:01:51', 'Melakukan Transaksi'),
(2104, 1, '2018-09-24 11:02:14', 'Melakukan Transaksi'),
(2105, 1, '2018-09-24 11:02:23', 'Melakukan Transaksi'),
(2106, 1, '2018-09-24 11:02:38', 'Melakukan Transaksi'),
(2107, 1, '2018-09-24 11:02:54', 'Melakukan Transaksi'),
(2108, 1, '2018-09-24 11:03:19', 'Melakukan Transaksi'),
(2109, 1, '2018-09-24 11:03:33', 'Melakukan Transaksi'),
(2110, 1, '2018-09-24 11:03:50', 'Melakukan Transaksi'),
(2111, 1, '2018-09-24 11:04:05', 'Melakukan Transaksi'),
(2112, 1, '2018-09-24 11:04:15', 'Melakukan Transaksi'),
(2113, 2, '2018-09-24 11:13:22', 'Telah Logout'),
(2114, 0, '2018-09-24 11:13:25', 'Telah Logout'),
(2115, 1, '2018-09-24 11:13:33', 'Telah Logout'),
(2116, 1, '2018-09-24 11:14:37', 'Telah Login'),
(2117, 1, '2018-09-24 11:16:04', 'Mengubah Pengguna ADRIANI NGESTI R.'),
(2118, 2, '2018-09-24 13:48:10', 'Telah Login'),
(2119, 2, '2018-09-24 13:52:00', 'Melakukan Transaksi'),
(2120, 2, '2018-09-24 13:55:48', 'Telah Logout'),
(2121, 2, '2018-09-24 14:06:48', 'Telah Login'),
(2122, 2, '2018-09-24 14:07:20', 'Melakukan Transaksi'),
(2123, 2, '2018-09-24 14:08:00', 'Melakukan Transaksi'),
(2124, 2, '2018-09-24 14:08:49', 'Melakukan Transaksi'),
(2125, 2, '2018-09-24 14:09:36', 'Telah Logout'),
(2126, 1, '2018-09-24 15:01:44', 'Telah Login'),
(2127, 1, '2018-09-24 15:02:35', 'Melakukan Transaksi'),
(2128, 1, '2018-09-24 15:02:47', 'Melakukan Transaksi'),
(2129, 1, '2018-09-24 15:03:18', 'Melakukan Transaksi'),
(2130, 2, '2018-09-25 07:06:06', 'Telah Login'),
(2131, 2, '2018-09-25 07:07:02', 'Melakukan Transaksi'),
(2132, 2, '2018-09-25 07:19:13', 'Melakukan Transaksi'),
(2133, 2, '2018-09-25 07:22:35', 'Melakukan Transaksi'),
(2134, 2, '2018-09-25 07:23:33', 'Melakukan Transaksi'),
(2135, 2, '2018-09-25 07:26:46', 'Telah Logout'),
(2136, 0, '2018-09-25 07:26:46', 'Telah Logout'),
(2137, 30, '2018-09-25 07:37:22', 'Telah Login'),
(2138, 2, '2018-09-25 08:00:37', 'Telah Login'),
(2139, 2, '2018-09-25 08:01:23', 'Melakukan Transaksi'),
(2140, 2, '2018-09-25 08:03:30', 'Telah Logout'),
(2141, 2, '2018-09-25 08:19:42', 'Telah Login'),
(2142, 2, '2018-09-25 08:20:17', 'Melakukan Transaksi'),
(2143, 2, '2018-09-25 08:20:57', 'Melakukan Transaksi'),
(2144, 2, '2018-09-25 08:21:35', 'Melakukan Transaksi'),
(2145, 2, '2018-09-25 08:22:17', 'Melakukan Transaksi'),
(2146, 2, '2018-09-25 08:30:05', 'Telah Logout'),
(2147, 2, '2018-09-25 09:37:26', 'Telah Login'),
(2148, 2, '2018-09-25 09:38:31', 'Melakukan Transaksi'),
(2149, 2, '2018-09-25 09:39:20', 'Melakukan Transaksi'),
(2150, 2, '2018-09-25 09:43:43', 'Melakukan Transaksi'),
(2151, 2, '2018-09-25 09:44:29', 'Melakukan Transaksi'),
(2152, 2, '2018-09-25 09:45:09', 'Melakukan Transaksi'),
(2153, 2, '2018-09-25 09:45:47', 'Melakukan Transaksi'),
(2154, 1, '2018-09-25 09:46:02', 'Telah Login'),
(2155, 1, '2018-09-25 09:46:40', 'Melakukan Transaksi'),
(2156, 1, '2018-09-25 09:46:55', 'Melakukan Transaksi'),
(2157, 2, '2018-09-25 09:47:43', 'Telah Login'),
(2158, 2, '2018-09-25 09:55:42', 'Telah Logout'),
(2159, 2, '2018-09-25 10:00:39', 'Telah Login'),
(2160, 2, '2018-09-25 10:16:28', 'Melakukan Transaksi'),
(2161, 2, '2018-09-25 10:51:21', 'Telah Login'),
(2162, 2, '2018-09-25 10:52:04', 'Melakukan Transaksi'),
(2163, 2, '2018-09-25 10:52:56', 'Melakukan Transaksi'),
(2164, 2, '2018-09-25 10:55:03', 'Telah Logout'),
(2165, 0, '2018-09-25 10:55:04', 'Telah Logout'),
(2166, 1, '2018-09-25 12:39:07', 'Telah Login'),
(2167, 1, '2018-09-25 12:39:37', 'Melakukan Transaksi'),
(2168, 1, '2018-09-25 12:39:49', 'Melakukan Transaksi'),
(2169, 1, '2018-09-25 12:40:09', 'Melakukan Transaksi'),
(2170, 1, '2018-09-25 12:40:23', 'Melakukan Transaksi'),
(2171, 1, '2018-09-25 12:40:43', 'Melakukan Transaksi'),
(2172, 1, '2018-09-25 12:41:05', 'Melakukan Transaksi'),
(2173, 1, '2018-09-25 12:41:23', 'Melakukan Transaksi'),
(2174, 1, '2018-09-25 12:41:36', 'Melakukan Transaksi'),
(2175, 1, '2018-09-25 12:41:47', 'Melakukan Transaksi'),
(2176, 1, '2018-09-25 12:42:02', 'Melakukan Transaksi'),
(2177, 1, '2018-09-25 12:42:23', 'Melakukan Transaksi'),
(2178, 1, '2018-09-25 12:42:41', 'Melakukan Transaksi'),
(2179, 1, '2018-09-25 12:43:01', 'Melakukan Transaksi'),
(2180, 1, '2018-09-25 13:25:06', 'Telah Login'),
(2181, 2, '2018-09-25 13:42:39', 'Telah Login'),
(2182, 2, '2018-09-25 13:45:10', 'Melakukan Transaksi'),
(2183, 2, '2018-09-25 13:46:58', 'Telah Logout'),
(2184, 0, '2018-09-25 13:47:21', 'Telah Logout'),
(2185, 2, '2018-09-25 14:12:10', 'Telah Login'),
(2186, 2, '2018-09-25 14:12:51', 'Melakukan Transaksi'),
(2187, 2, '2018-09-25 14:17:37', 'Telah Logout'),
(2188, 1, '2018-09-25 15:16:06', 'Telah Login'),
(2189, 1, '2018-09-25 15:18:57', 'Telah Login'),
(2190, 25, '2018-09-26 07:18:18', 'Telah Login'),
(2191, 27, '2018-09-26 07:45:40', 'Telah Login'),
(2192, 27, '2018-09-26 07:47:11', 'Telah Logout'),
(2193, 0, '2018-09-26 07:47:13', 'Telah Logout'),
(2194, 1, '2018-09-26 08:29:07', 'Telah Login'),
(2195, 2, '2018-09-26 09:37:32', 'Telah Login'),
(2196, 2, '2018-09-26 09:38:13', 'Melakukan Transaksi'),
(2197, 2, '2018-09-26 09:40:10', 'Melakukan Transaksi'),
(2198, 2, '2018-09-26 09:42:18', 'Melakukan Transaksi'),
(2199, 2, '2018-09-26 09:44:02', 'Melakukan Transaksi'),
(2200, 2, '2018-09-26 09:45:51', 'Melakukan Transaksi'),
(2201, 2, '2018-09-26 09:47:20', 'Melakukan Transaksi'),
(2202, 2, '2018-09-26 09:50:04', 'Melakukan Transaksi'),
(2203, 2, '2018-09-26 09:52:02', 'Melakukan Transaksi'),
(2204, 2, '2018-09-26 09:53:11', 'Melakukan Transaksi'),
(2205, 2, '2018-09-26 09:54:37', 'Melakukan Transaksi'),
(2206, 2, '2018-09-26 09:56:39', 'Melakukan Transaksi'),
(2207, 2, '2018-09-26 09:57:24', 'Melakukan Transaksi'),
(2208, 2, '2018-09-26 09:58:36', 'Melakukan Transaksi'),
(2209, 2, '2018-09-26 09:59:22', 'Melakukan Transaksi'),
(2210, 2, '2018-09-26 10:00:05', 'Melakukan Transaksi'),
(2211, 2, '2018-09-26 10:09:17', 'Melakukan Transaksi'),
(2212, 2, '2018-09-26 10:11:12', 'Telah Logout'),
(2213, 1, '2018-09-26 10:44:44', 'Telah Login'),
(2214, 2, '2018-09-26 11:29:14', 'Telah Login'),
(2215, 2, '2018-09-26 11:31:10', 'Melakukan Transaksi'),
(2216, 2, '2018-09-26 11:33:53', 'Melakukan Transaksi'),
(2217, 2, '2018-09-26 11:38:32', 'Telah Logout'),
(2218, 2, '2018-09-26 11:51:04', 'Telah Login'),
(2219, 11, '2018-09-26 11:55:38', 'Telah Login'),
(2220, 2, '2018-09-26 11:56:23', 'Telah Logout'),
(2221, 2, '2018-09-26 13:14:36', 'Telah Login'),
(2222, 2, '2018-09-26 13:15:12', 'Melakukan Transaksi'),
(2223, 1, '2018-09-26 13:16:55', 'Telah Login'),
(2224, 1, '2018-09-26 13:17:59', 'Melakukan Transaksi'),
(2225, 1, '2018-09-26 13:18:25', 'Melakukan Transaksi'),
(2226, 1, '2018-09-26 15:27:42', 'Telah Login'),
(2227, 1, '2018-09-26 15:28:20', 'Melakukan Transaksi'),
(2228, 1, '2018-09-26 15:28:32', 'Melakukan Transaksi'),
(2229, 1, '2018-09-26 15:28:47', 'Melakukan Transaksi'),
(2230, 1, '2018-09-26 15:29:57', 'Melakukan Transaksi'),
(2231, 1, '2018-09-26 15:30:14', 'Melakukan Transaksi'),
(2232, 1, '2018-09-26 15:30:25', 'Melakukan Transaksi'),
(2233, 1, '2018-09-26 15:30:35', 'Melakukan Transaksi'),
(2234, 1, '2018-09-26 15:31:04', 'Melakukan Transaksi'),
(2235, 1, '2018-09-26 15:31:23', 'Melakukan Transaksi'),
(2236, 1, '2018-09-26 15:31:39', 'Melakukan Transaksi'),
(2237, 1, '2018-09-26 15:31:50', 'Melakukan Transaksi'),
(2238, 1, '2018-09-26 15:32:13', 'Melakukan Transaksi'),
(2239, 1, '2018-09-26 15:32:27', 'Melakukan Transaksi'),
(2240, 1, '2018-09-26 15:32:39', 'Melakukan Transaksi'),
(2241, 1, '2018-09-26 15:32:48', 'Melakukan Transaksi'),
(2242, 1, '2018-09-26 15:32:58', 'Melakukan Transaksi'),
(2243, 1, '2018-09-26 15:33:09', 'Melakukan Transaksi'),
(2244, 1, '2018-09-26 15:37:43', 'Melakukan Transaksi'),
(2245, 1, '2018-09-26 15:37:52', 'Melakukan Transaksi'),
(2246, 1, '2018-09-26 15:38:08', 'Melakukan Transaksi'),
(2247, 1, '2018-09-26 15:38:29', 'Melakukan Transaksi'),
(2248, 1, '2018-09-26 15:38:47', 'Melakukan Transaksi'),
(2249, 1, '2018-09-26 15:39:06', 'Melakukan Transaksi'),
(2250, 1, '2018-09-26 15:41:27', 'Melakukan Transaksi'),
(2251, 1, '2018-09-26 15:41:44', 'Melakukan Transaksi'),
(2252, 1, '2018-09-26 15:42:02', 'Melakukan Transaksi'),
(2253, 1, '2018-09-26 15:49:53', 'Melakukan Transaksi'),
(2254, 1, '2018-09-26 15:55:38', 'Melakukan Transaksi'),
(2255, 1, '2018-09-26 15:55:54', 'Melakukan Transaksi'),
(2256, 1, '2018-09-26 15:56:14', 'Melakukan Transaksi'),
(2257, 1, '2018-09-26 15:56:26', 'Melakukan Transaksi'),
(2258, 1, '2018-09-26 15:56:48', 'Melakukan Transaksi'),
(2259, 1, '2018-09-26 15:59:41', 'Melakukan Transaksi'),
(2260, 1, '2018-09-26 15:59:57', 'Melakukan Transaksi'),
(2261, 1, '2018-09-26 16:00:11', 'Melakukan Transaksi'),
(2262, 1, '2018-09-26 16:00:24', 'Melakukan Transaksi'),
(2263, 1, '2018-09-26 16:00:38', 'Melakukan Transaksi'),
(2264, 1, '2018-09-26 16:09:19', 'Melakukan Transaksi'),
(2265, 1, '2018-09-26 16:09:35', 'Melakukan Transaksi'),
(2266, 1, '2018-09-26 16:09:46', 'Melakukan Transaksi'),
(2267, 1, '2018-09-26 16:09:59', 'Melakukan Transaksi'),
(2268, 30, '2018-09-26 18:35:37', 'Telah Login'),
(2269, 2, '2018-09-27 07:24:00', 'Telah Login'),
(2270, 2, '2018-09-27 07:37:54', 'Melakukan Transaksi'),
(2271, 2, '2018-09-27 07:38:32', 'Melakukan Transaksi'),
(2272, 2, '2018-09-27 07:39:09', 'Melakukan Transaksi'),
(2273, 2, '2018-09-27 07:39:46', 'Melakukan Transaksi'),
(2274, 2, '2018-09-27 07:40:39', 'Melakukan Transaksi'),
(2275, 2, '2018-09-27 07:41:33', 'Melakukan Transaksi'),
(2276, 2, '2018-09-27 07:42:07', 'Melakukan Transaksi'),
(2277, 2, '2018-09-27 07:48:21', 'Melakukan Transaksi'),
(2278, 2, '2018-09-27 07:48:45', 'Melakukan Transaksi'),
(2279, 2, '2018-09-27 07:55:14', 'Melakukan Transaksi'),
(2280, 2, '2018-09-27 08:02:27', 'Melakukan Transaksi'),
(2281, 2, '2018-09-27 08:08:47', 'Melakukan Transaksi'),
(2282, 1, '2018-09-27 08:09:37', 'Telah Login'),
(2283, 2, '2018-09-27 09:41:13', 'Telah Login'),
(2284, 2, '2018-09-27 09:41:44', 'Melakukan Transaksi'),
(2285, 2, '2018-09-27 09:42:59', 'Telah Login'),
(2286, 2, '2018-09-27 09:43:55', 'Melakukan Transaksi'),
(2287, 2, '2018-09-27 09:45:00', 'Melakukan Transaksi'),
(2288, 2, '2018-09-27 09:46:08', 'Melakukan Transaksi'),
(2289, 2, '2018-09-27 09:47:00', 'Melakukan Transaksi'),
(2290, 2, '2018-09-27 09:48:16', 'Melakukan Transaksi'),
(2291, 2, '2018-09-27 09:50:58', 'Melakukan Transaksi'),
(2292, 2, '2018-09-27 09:54:24', 'Melakukan Transaksi'),
(2293, 2, '2018-09-27 09:56:16', 'Melakukan Transaksi'),
(2294, 2, '2018-09-27 09:57:57', 'Melakukan Transaksi'),
(2295, 2, '2018-09-27 09:58:53', 'Melakukan Transaksi'),
(2296, 2, '2018-09-27 09:59:38', 'Melakukan Transaksi'),
(2297, 2, '2018-09-27 11:28:57', 'Telah Login'),
(2298, 2, '2018-09-27 11:29:33', 'Melakukan Transaksi'),
(2299, 2, '2018-09-27 11:30:20', 'Melakukan Transaksi'),
(2300, 1, '2018-09-27 11:30:50', 'Telah Login'),
(2301, 1, '2018-09-27 11:31:24', 'Menambahkan Siswa ARUM AISAFITRI'),
(2302, 1, '2018-09-27 11:31:29', 'Telah Logout'),
(2303, 2, '2018-09-27 11:32:04', 'Telah Logout'),
(2304, 0, '2018-09-27 11:32:07', 'Telah Logout'),
(2305, 2, '2018-09-27 12:37:18', 'Telah Login'),
(2306, 2, '2018-09-27 12:37:50', 'Melakukan Transaksi'),
(2307, 2, '2018-09-27 12:38:42', 'Melakukan Transaksi'),
(2308, 2, '2018-09-27 12:40:41', 'Melakukan Transaksi'),
(2309, 2, '2018-09-27 12:41:07', 'Telah Logout'),
(2310, 0, '2018-09-27 12:41:16', 'Telah Logout'),
(2311, 1, '2018-09-27 15:21:25', 'Telah Login'),
(2312, 1, '2018-09-27 15:23:31', 'Melakukan Transaksi'),
(2313, 1, '2018-09-27 15:23:46', 'Menghapus Pembayaran'),
(2314, 1, '2018-09-27 15:24:16', 'Melakukan Transaksi'),
(2315, 1, '2018-09-27 15:24:29', 'Melakukan Transaksi'),
(2316, 1, '2018-09-27 15:25:13', 'Melakukan Transaksi'),
(2317, 1, '2018-09-27 15:25:25', 'Melakukan Transaksi'),
(2318, 1, '2018-09-27 15:25:50', 'Melakukan Transaksi'),
(2319, 1, '2018-09-27 15:26:08', 'Melakukan Transaksi'),
(2320, 1, '2018-09-27 15:26:21', 'Melakukan Transaksi'),
(2321, 1, '2018-09-27 15:26:35', 'Melakukan Transaksi'),
(2322, 1, '2018-09-27 15:26:56', 'Melakukan Transaksi'),
(2323, 1, '2018-09-27 15:27:12', 'Melakukan Transaksi'),
(2324, 1, '2018-09-27 15:27:22', 'Melakukan Transaksi'),
(2325, 1, '2018-09-27 15:27:41', 'Melakukan Transaksi'),
(2326, 1, '2018-09-27 15:27:59', 'Melakukan Transaksi'),
(2327, 1, '2018-09-27 15:28:14', 'Melakukan Transaksi'),
(2328, 1, '2018-09-27 15:28:26', 'Melakukan Transaksi'),
(2329, 1, '2018-09-27 15:30:07', 'Melakukan Transaksi'),
(2330, 1, '2018-09-27 15:30:20', 'Melakukan Transaksi'),
(2331, 1, '2018-09-27 15:30:37', 'Melakukan Transaksi'),
(2332, 1, '2018-09-27 15:31:01', 'Melakukan Transaksi'),
(2333, 1, '2018-09-27 15:31:15', 'Melakukan Transaksi'),
(2334, 1, '2018-09-27 15:31:30', 'Melakukan Transaksi'),
(2335, 1, '2018-09-27 15:31:46', 'Melakukan Transaksi'),
(2336, 1, '2018-09-27 15:32:03', 'Melakukan Transaksi'),
(2337, 1, '2018-09-27 15:32:13', 'Melakukan Transaksi'),
(2338, 1, '2018-09-27 15:32:33', 'Melakukan Transaksi'),
(2339, 1, '2018-09-27 15:32:42', 'Melakukan Transaksi'),
(2340, 1, '2018-09-27 15:32:52', 'Melakukan Transaksi'),
(2341, 1, '2018-09-27 15:33:10', 'Melakukan Transaksi'),
(2342, 1, '2018-09-27 15:33:30', 'Melakukan Transaksi'),
(2343, 1, '2018-09-27 15:33:45', 'Melakukan Transaksi'),
(2344, 1, '2018-09-27 20:02:20', 'Telah Login'),
(2345, 1, '2018-09-27 20:11:05', 'Menambahkan Pengguna Esty'),
(2346, 1, '2018-09-27 20:11:20', 'Telah Logout'),
(2347, 33, '2018-09-27 20:12:26', 'Telah Login'),
(2348, 33, '2018-09-27 20:14:35', 'Telah Logout'),
(2349, 1, '2018-09-27 20:16:06', 'Telah Login'),
(2350, 1, '2018-09-27 20:28:28', 'Telah Logout'),
(2351, 32, '2018-09-27 20:30:08', 'Telah Login'),
(2352, 32, '2018-09-27 20:31:18', 'Telah Logout'),
(2353, 32, '2018-09-27 20:32:29', 'Telah Login'),
(2354, 32, '2018-09-27 20:33:26', 'Telah Logout'),
(2355, 1, '2018-09-27 20:33:40', 'Telah Login'),
(2356, 1, '2018-09-27 20:34:31', 'Menghapus Pengguna'),
(2357, 2, '2018-09-28 07:00:57', 'Telah Login'),
(2358, 2, '2018-09-28 07:01:04', 'Telah Login'),
(2359, 2, '2018-09-28 07:07:34', 'Melakukan Transaksi'),
(2360, 2, '2018-09-28 07:08:29', 'Melakukan Transaksi'),
(2361, 2, '2018-09-28 07:09:16', 'Melakukan Transaksi'),
(2362, 2, '2018-09-28 07:15:38', 'Melakukan Transaksi'),
(2363, 2, '2018-09-28 07:16:38', 'Melakukan Transaksi'),
(2364, 2, '2018-09-28 07:17:10', 'Melakukan Transaksi'),
(2365, 2, '2018-09-28 07:17:52', 'Melakukan Transaksi'),
(2366, 2, '2018-09-28 07:18:25', 'Melakukan Transaksi'),
(2367, 1, '2018-09-28 07:24:01', 'Telah Login'),
(2368, 2, '2018-09-28 07:25:59', 'Melakukan Transaksi'),
(2369, 2, '2018-09-28 07:27:56', 'Melakukan Transaksi'),
(2370, 2, '2018-09-28 07:28:28', 'Melakukan Transaksi'),
(2371, 2, '2018-09-28 07:29:17', 'Melakukan Transaksi'),
(2372, 2, '2018-09-28 07:30:48', 'Melakukan Transaksi'),
(2373, 2, '2018-09-28 07:31:21', 'Melakukan Transaksi'),
(2374, 2, '2018-09-28 07:31:55', 'Melakukan Transaksi'),
(2375, 2, '2018-09-28 07:32:30', 'Melakukan Transaksi'),
(2376, 2, '2018-09-28 07:34:16', 'Melakukan Transaksi'),
(2377, 2, '2018-09-28 07:34:47', 'Melakukan Transaksi'),
(2378, 2, '2018-09-28 07:35:28', 'Melakukan Transaksi'),
(2379, 2, '2018-09-28 07:35:58', 'Melakukan Transaksi'),
(2380, 2, '2018-09-28 07:36:27', 'Melakukan Transaksi'),
(2381, 2, '2018-09-28 07:37:34', 'Melakukan Transaksi'),
(2382, 2, '2018-09-28 07:41:19', 'Melakukan Transaksi'),
(2383, 1, '2018-09-28 07:41:28', 'Melakukan Transaksi'),
(2384, 1, '2018-09-28 07:41:53', 'Melakukan Transaksi'),
(2385, 1, '2018-09-28 07:42:10', 'Melakukan Transaksi'),
(2386, 1, '2018-09-28 07:42:25', 'Melakukan Transaksi'),
(2387, 2, '2018-09-28 07:42:40', 'Melakukan Transaksi'),
(2388, 2, '2018-09-28 07:43:20', 'Melakukan Transaksi'),
(2389, 2, '2018-09-28 07:43:57', 'Melakukan Transaksi'),
(2390, 2, '2018-09-28 07:44:31', 'Melakukan Transaksi'),
(2391, 2, '2018-09-28 07:45:05', 'Melakukan Transaksi'),
(2392, 2, '2018-09-28 07:45:41', 'Melakukan Transaksi'),
(2393, 2, '2018-09-28 07:46:32', 'Melakukan Transaksi'),
(2394, 2, '2018-09-28 07:47:01', 'Melakukan Transaksi'),
(2395, 2, '2018-09-28 07:47:44', 'Melakukan Transaksi'),
(2396, 2, '2018-09-28 07:48:18', 'Melakukan Transaksi'),
(2397, 2, '2018-09-28 07:58:54', 'Telah Logout'),
(2398, 2, '2018-09-28 09:25:11', 'Telah Login'),
(2399, 2, '2018-09-28 09:26:57', 'Melakukan Transaksi'),
(2400, 2, '2018-09-28 09:27:32', 'Melakukan Transaksi'),
(2401, 2, '2018-09-28 09:28:20', 'Melakukan Transaksi'),
(2402, 2, '2018-09-28 09:29:54', 'Melakukan Transaksi'),
(2403, 2, '2018-09-28 09:30:50', 'Melakukan Transaksi'),
(2404, 2, '2018-09-28 09:31:57', 'Melakukan Transaksi'),
(2405, 2, '2018-09-28 09:33:08', 'Melakukan Transaksi'),
(2406, 2, '2018-09-28 09:33:41', 'Melakukan Transaksi'),
(2407, 2, '2018-09-28 09:35:07', 'Melakukan Transaksi'),
(2408, 2, '2018-09-28 09:35:44', 'Melakukan Transaksi'),
(2409, 2, '2018-09-28 09:36:20', 'Melakukan Transaksi'),
(2410, 2, '2018-09-28 09:38:34', 'Melakukan Transaksi'),
(2411, 2, '2018-09-28 09:39:45', 'Melakukan Transaksi'),
(2412, 2, '2018-09-28 09:41:40', 'Melakukan Transaksi'),
(2413, 2, '2018-09-28 09:42:58', 'Melakukan Transaksi'),
(2414, 2, '2018-09-28 09:45:34', 'Melakukan Transaksi'),
(2415, 2, '2018-09-28 09:48:31', 'Melakukan Transaksi'),
(2416, 2, '2018-09-28 09:49:26', 'Melakukan Transaksi'),
(2417, 2, '2018-09-28 09:51:18', 'Melakukan Transaksi'),
(2418, 2, '2018-09-28 09:52:43', 'Melakukan Transaksi'),
(2419, 2, '2018-09-28 09:55:07', 'Melakukan Transaksi'),
(2420, 2, '2018-09-28 09:55:40', 'Melakukan Transaksi'),
(2421, 2, '2018-09-28 09:56:25', 'Melakukan Transaksi'),
(2422, 2, '2018-09-28 09:57:42', 'Melakukan Transaksi'),
(2423, 2, '2018-09-28 09:58:38', 'Melakukan Transaksi'),
(2424, 2, '2018-09-28 10:12:16', 'Melakukan Transaksi'),
(2425, 2, '2018-09-28 10:13:57', 'Melakukan Transaksi'),
(2426, 2, '2018-09-28 10:14:32', 'Melakukan Transaksi'),
(2427, 2, '2018-09-28 10:14:59', 'Melakukan Transaksi'),
(2428, 2, '2018-09-28 10:15:53', 'Melakukan Transaksi'),
(2429, 2, '2018-09-28 10:46:19', 'Telah Login'),
(2430, 2, '2018-09-28 10:57:26', 'Melakukan Transaksi'),
(2431, 2, '2018-09-28 10:58:43', 'Melakukan Transaksi'),
(2432, 2, '2018-09-28 10:59:23', 'Melakukan Transaksi'),
(2433, 2, '2018-09-28 11:00:06', 'Melakukan Transaksi'),
(2434, 2, '2018-09-28 11:01:36', 'Melakukan Transaksi'),
(2435, 2, '2018-09-28 11:02:13', 'Melakukan Transaksi'),
(2436, 2, '2018-09-28 11:02:43', 'Melakukan Transaksi'),
(2437, 2, '2018-09-28 11:03:21', 'Melakukan Transaksi'),
(2438, 2, '2018-09-28 11:03:51', 'Melakukan Transaksi'),
(2439, 2, '2018-09-28 11:06:12', 'Melakukan Transaksi'),
(2440, 2, '2018-09-28 11:07:07', 'Melakukan Transaksi'),
(2441, 2, '2018-09-28 11:07:49', 'Melakukan Transaksi'),
(2442, 2, '2018-09-28 11:09:54', 'Melakukan Transaksi'),
(2443, 2, '2018-09-28 11:10:26', 'Melakukan Transaksi'),
(2444, 2, '2018-09-28 11:13:35', 'Melakukan Transaksi'),
(2445, 2, '2018-09-28 11:14:34', 'Melakukan Transaksi'),
(2446, 2, '2018-09-28 11:16:04', 'Telah Logout'),
(2447, 2, '2018-09-28 11:24:33', 'Telah Login'),
(2448, 2, '2018-09-28 11:25:20', 'Melakukan Transaksi'),
(2449, 2, '2018-09-28 11:25:54', 'Melakukan Transaksi'),
(2450, 2, '2018-09-28 11:26:20', 'Melakukan Transaksi'),
(2451, 2, '2018-09-28 11:26:55', 'Melakukan Transaksi'),
(2452, 2, '2018-09-28 11:27:30', 'Melakukan Transaksi'),
(2453, 2, '2018-09-28 11:28:47', 'Melakukan Transaksi'),
(2454, 2, '2018-09-28 11:29:17', 'Melakukan Transaksi'),
(2455, 2, '2018-09-28 11:30:18', 'Telah Logout'),
(2456, 0, '2018-09-28 11:30:22', 'Telah Logout'),
(2457, 1, '2018-09-28 13:34:07', 'Telah Login'),
(2458, 1, '2018-09-28 13:34:21', 'Telah Logout'),
(2459, 1, '2018-09-28 13:34:36', 'Telah Login'),
(2460, 1, '2018-09-28 13:59:45', 'Melakukan Transaksi'),
(2461, 1, '2018-09-28 14:00:02', 'Melakukan Transaksi'),
(2462, 1, '2018-09-28 14:01:41', 'Melakukan Transaksi'),
(2463, 1, '2018-09-28 14:02:07', 'Melakukan Transaksi'),
(2464, 1, '2018-09-28 14:02:18', 'Melakukan Transaksi'),
(2465, 1, '2018-09-28 14:02:57', 'Melakukan Transaksi'),
(2466, 1, '2018-09-28 14:03:19', 'Melakukan Transaksi'),
(2467, 1, '2018-09-28 14:03:35', 'Melakukan Transaksi'),
(2468, 1, '2018-09-28 14:03:51', 'Melakukan Transaksi'),
(2469, 1, '2018-09-28 14:04:25', 'Melakukan Transaksi'),
(2470, 1, '2018-09-28 14:04:44', 'Melakukan Transaksi'),
(2471, 1, '2018-09-28 14:05:03', 'Melakukan Transaksi'),
(2472, 1, '2018-09-28 14:05:23', 'Melakukan Transaksi'),
(2473, 1, '2018-09-28 14:05:52', 'Melakukan Transaksi'),
(2474, 1, '2018-09-28 14:16:52', 'Melakukan Transaksi'),
(2475, 1, '2018-09-28 14:17:09', 'Melakukan Transaksi'),
(2476, 1, '2018-09-28 14:31:25', 'Melakukan Transaksi'),
(2477, 1, '2018-09-28 14:31:46', 'Melakukan Transaksi'),
(2478, 1, '2018-09-28 14:32:03', 'Melakukan Transaksi'),
(2479, 1, '2018-09-28 14:48:13', 'Melakukan Transaksi'),
(2480, 1, '2018-09-28 14:49:14', 'Melakukan Transaksi'),
(2481, 1, '2018-09-28 14:49:31', 'Melakukan Transaksi'),
(2482, 1, '2018-09-28 14:50:06', 'Melakukan Transaksi'),
(2483, 1, '2018-09-28 14:50:17', 'Melakukan Transaksi'),
(2484, 1, '2018-09-28 14:51:47', 'Melakukan Transaksi'),
(2485, 1, '2018-09-28 14:52:04', 'Melakukan Transaksi'),
(2486, 1, '2018-09-28 14:52:18', 'Melakukan Transaksi'),
(2487, 1, '2018-09-28 14:52:30', 'Melakukan Transaksi'),
(2488, 1, '2018-09-28 14:53:06', 'Melakukan Transaksi'),
(2489, 1, '2018-09-28 14:53:25', 'Melakukan Transaksi'),
(2490, 1, '2018-09-28 14:53:41', 'Melakukan Transaksi'),
(2491, 1, '2018-09-28 14:53:55', 'Melakukan Transaksi'),
(2492, 1, '2018-09-28 14:54:06', 'Melakukan Transaksi'),
(2493, 1, '2018-09-28 14:54:37', 'Melakukan Transaksi'),
(2494, 1, '2018-09-28 14:54:56', 'Melakukan Transaksi'),
(2495, 1, '2018-09-28 14:55:39', 'Telah Logout'),
(2496, 2, '2018-09-29 07:10:52', 'Telah Login'),
(2497, 2, '2018-09-29 07:11:59', 'Telah Login'),
(2498, 2, '2018-09-29 07:12:18', 'Telah Login'),
(2499, 2, '2018-09-29 07:24:03', 'Melakukan Transaksi'),
(2500, 2, '2018-09-29 07:24:49', 'Melakukan Transaksi'),
(2501, 2, '2018-09-29 07:25:29', 'Melakukan Transaksi'),
(2502, 2, '2018-09-29 07:26:37', 'Melakukan Transaksi'),
(2503, 2, '2018-09-29 07:28:49', 'Telah Login'),
(2504, 2, '2018-09-29 07:29:44', 'Melakukan Transaksi'),
(2505, 2, '2018-09-29 07:30:18', 'Melakukan Transaksi'),
(2506, 2, '2018-09-29 07:32:36', 'Melakukan Transaksi'),
(2507, 2, '2018-09-29 07:33:25', 'Melakukan Transaksi'),
(2508, 2, '2018-09-29 07:34:14', 'Melakukan Transaksi'),
(2509, 2, '2018-09-29 07:34:57', 'Melakukan Transaksi'),
(2510, 2, '2018-09-29 07:39:08', 'Telah Login'),
(2511, 2, '2018-09-29 07:41:53', 'Telah Login'),
(2512, 2, '2018-09-29 07:53:06', 'Telah Login'),
(2513, 2, '2018-09-29 07:53:41', 'Melakukan Transaksi'),
(2514, 2, '2018-09-29 07:54:14', 'Melakukan Transaksi'),
(2515, 2, '2018-09-29 07:56:01', 'Melakukan Transaksi'),
(2516, 2, '2018-09-29 07:58:13', 'Menghapus Transaksi'),
(2517, 2, '2018-09-29 07:59:14', 'Melakukan Transaksi'),
(2518, 2, '2018-09-29 08:00:46', 'Melakukan Transaksi'),
(2519, 2, '2018-09-29 08:01:39', 'Melakukan Transaksi'),
(2520, 2, '2018-09-29 08:02:22', 'Melakukan Transaksi'),
(2521, 2, '2018-09-29 08:03:20', 'Melakukan Transaksi'),
(2522, 2, '2018-09-29 08:06:33', 'Melakukan Transaksi'),
(2523, 2, '2018-09-29 08:07:18', 'Melakukan Transaksi'),
(2524, 2, '2018-09-29 08:08:51', 'Melakukan Transaksi'),
(2525, 2, '2018-09-29 08:09:20', 'Melakukan Transaksi'),
(2526, 2, '2018-09-29 08:09:49', 'Melakukan Transaksi'),
(2527, 2, '2018-09-29 08:10:28', 'Melakukan Transaksi'),
(2528, 2, '2018-09-29 08:11:01', 'Melakukan Transaksi'),
(2529, 2, '2018-09-29 08:12:02', 'Melakukan Transaksi'),
(2530, 2, '2018-09-29 08:12:33', 'Melakukan Transaksi'),
(2531, 2, '2018-09-29 08:13:15', 'Melakukan Transaksi'),
(2532, 2, '2018-09-29 08:13:45', 'Melakukan Transaksi'),
(2533, 2, '2018-09-29 08:19:44', 'Melakukan Transaksi'),
(2534, 2, '2018-09-29 08:21:26', 'Melakukan Transaksi'),
(2535, 2, '2018-09-29 08:22:14', 'Melakukan Transaksi'),
(2536, 2, '2018-09-29 08:23:02', 'Melakukan Transaksi'),
(2537, 2, '2018-09-29 08:29:25', 'Melakukan Transaksi'),
(2538, 2, '2018-09-29 08:29:50', 'Melakukan Transaksi'),
(2539, 2, '2018-09-29 08:30:57', 'Melakukan Transaksi'),
(2540, 2, '2018-09-29 08:32:10', 'Melakukan Transaksi'),
(2541, 1, '2018-09-29 08:38:21', 'Telah Login'),
(2542, 2, '2018-09-29 08:41:08', 'Melakukan Transaksi'),
(2543, 2, '2018-09-29 08:42:08', 'Melakukan Transaksi'),
(2544, 2, '2018-09-29 08:43:10', 'Melakukan Transaksi'),
(2545, 2, '2018-09-29 08:43:51', 'Melakukan Transaksi'),
(2546, 2, '2018-09-29 08:44:28', 'Melakukan Transaksi'),
(2547, 2, '2018-09-29 08:46:46', 'Melakukan Transaksi'),
(2548, 2, '2018-09-29 08:47:17', 'Melakukan Transaksi'),
(2549, 2, '2018-09-29 08:48:15', 'Melakukan Transaksi'),
(2550, 2, '2018-09-29 08:53:09', 'Melakukan Transaksi'),
(2551, 19, '2018-09-29 08:55:48', 'Telah Login'),
(2552, 2, '2018-09-29 09:03:44', 'Melakukan Transaksi'),
(2553, 2, '2018-09-29 09:04:18', 'Melakukan Transaksi'),
(2554, 2, '2018-09-29 09:04:53', 'Melakukan Transaksi'),
(2555, 2, '2018-09-29 09:05:19', 'Melakukan Transaksi'),
(2556, 2, '2018-09-29 09:05:39', 'Melakukan Transaksi'),
(2557, 19, '2018-09-29 09:06:17', 'Telah Logout'),
(2558, 2, '2018-09-29 09:06:49', 'Melakukan Transaksi'),
(2559, 2, '2018-09-29 09:08:29', 'Melakukan Transaksi'),
(2560, 2, '2018-09-29 09:08:55', 'Melakukan Transaksi'),
(2561, 2, '2018-09-29 09:09:25', 'Melakukan Transaksi'),
(2562, 2, '2018-09-29 09:11:22', 'Melakukan Transaksi'),
(2563, 2, '2018-09-29 09:12:02', 'Melakukan Transaksi'),
(2564, 2, '2018-09-29 09:12:34', 'Melakukan Transaksi'),
(2565, 19, '2018-09-29 09:13:41', 'Telah Login'),
(2566, 2, '2018-09-29 09:14:02', 'Melakukan Transaksi'),
(2567, 2, '2018-09-29 09:15:24', 'Melakukan Transaksi'),
(2568, 19, '2018-09-29 09:16:28', 'Telah Logout'),
(2569, 2, '2018-09-29 09:28:24', 'Melakukan Transaksi'),
(2570, 1, '2018-09-29 09:29:47', 'Telah Login'),
(2571, 2, '2018-09-29 09:29:54', 'Melakukan Transaksi'),
(2572, 2, '2018-09-29 09:30:32', 'Melakukan Transaksi'),
(2573, 2, '2018-09-29 09:31:19', 'Melakukan Transaksi'),
(2574, 2, '2018-09-29 09:32:17', 'Melakukan Transaksi'),
(2575, 2, '2018-09-29 09:38:44', 'Melakukan Transaksi'),
(2576, 2, '2018-09-29 09:50:47', 'Melakukan Transaksi'),
(2577, 2, '2018-09-29 09:51:19', 'Melakukan Transaksi'),
(2578, 2, '2018-09-29 09:55:06', 'Melakukan Transaksi'),
(2579, 2, '2018-09-29 09:55:36', 'Melakukan Transaksi'),
(2580, 2, '2018-09-29 09:56:18', 'Melakukan Transaksi'),
(2581, 2, '2018-09-29 10:01:51', 'Melakukan Transaksi'),
(2582, 2, '2018-09-29 10:05:25', 'Melakukan Transaksi'),
(2583, 2, '2018-09-29 10:07:43', 'Melakukan Transaksi'),
(2584, 2, '2018-09-29 10:11:06', 'Melakukan Transaksi'),
(2585, 2, '2018-09-29 10:21:56', 'Melakukan Transaksi'),
(2586, 2, '2018-09-29 10:22:34', 'Melakukan Transaksi'),
(2587, 2, '2018-09-29 10:23:22', 'Melakukan Transaksi'),
(2588, 2, '2018-09-29 10:23:46', 'Melakukan Transaksi'),
(2589, 2, '2018-09-29 10:24:21', 'Melakukan Transaksi'),
(2590, 2, '2018-09-29 10:25:02', 'Melakukan Transaksi'),
(2591, 2, '2018-09-29 10:25:57', 'Melakukan Transaksi'),
(2592, 2, '2018-09-29 10:26:27', 'Melakukan Transaksi'),
(2593, 2, '2018-09-29 10:29:30', 'Melakukan Transaksi'),
(2594, 2, '2018-09-29 10:30:02', 'Melakukan Transaksi'),
(2595, 2, '2018-09-29 10:31:56', 'Melakukan Transaksi'),
(2596, 2, '2018-09-29 10:40:35', 'Melakukan Transaksi'),
(2597, 2, '2018-09-29 10:41:22', 'Melakukan Transaksi'),
(2598, 2, '2018-09-29 10:42:08', 'Melakukan Transaksi'),
(2599, 2, '2018-09-29 10:42:37', 'Melakukan Transaksi'),
(2600, 2, '2018-09-29 10:44:07', 'Melakukan Transaksi'),
(2601, 2, '2018-09-29 10:44:35', 'Melakukan Transaksi'),
(2602, 2, '2018-09-29 10:49:19', 'Melakukan Transaksi'),
(2603, 2, '2018-09-29 11:10:05', 'Melakukan Transaksi'),
(2604, 2, '2018-09-29 11:10:50', 'Melakukan Transaksi'),
(2605, 2, '2018-09-29 11:11:18', 'Melakukan Transaksi'),
(2606, 2, '2018-09-29 11:11:54', 'Melakukan Transaksi'),
(2607, 2, '2018-09-29 11:12:35', 'Melakukan Transaksi'),
(2608, 2, '2018-09-29 11:13:13', 'Melakukan Transaksi'),
(2609, 2, '2018-09-29 11:13:41', 'Melakukan Transaksi'),
(2610, 2, '2018-09-29 11:14:07', 'Melakukan Transaksi'),
(2611, 2, '2018-09-29 11:14:33', 'Melakukan Transaksi'),
(2612, 2, '2018-09-29 11:15:03', 'Melakukan Transaksi'),
(2613, 1, '2018-09-29 11:21:50', 'Telah Login'),
(2614, 2, '2018-09-29 11:38:04', 'Telah Logout'),
(2615, 1, '2018-09-30 07:23:28', 'Telah Login'),
(2616, 1, '2018-09-30 07:39:10', 'Melakukan Transaksi'),
(2617, 1, '2018-09-30 07:39:22', 'Menghapus Pembayaran'),
(2618, 1, '2018-09-30 07:46:15', 'Melakukan Transaksi'),
(2619, 1, '2018-09-30 07:46:37', 'Melakukan Transaksi'),
(2620, 1, '2018-09-30 07:46:55', 'Melakukan Transaksi'),
(2621, 1, '2018-09-30 07:47:13', 'Melakukan Transaksi'),
(2622, 1, '2018-09-30 07:47:34', 'Melakukan Transaksi'),
(2623, 1, '2018-09-30 07:47:49', 'Melakukan Transaksi'),
(2624, 1, '2018-09-30 07:48:04', 'Melakukan Transaksi'),
(2625, 1, '2018-09-30 07:48:19', 'Melakukan Transaksi'),
(2626, 1, '2018-09-30 07:48:34', 'Melakukan Transaksi'),
(2627, 1, '2018-09-30 07:48:49', 'Melakukan Transaksi'),
(2628, 1, '2018-09-30 07:49:08', 'Melakukan Transaksi'),
(2629, 1, '2018-09-30 07:49:24', 'Melakukan Transaksi'),
(2630, 1, '2018-09-30 07:49:40', 'Melakukan Transaksi'),
(2631, 1, '2018-09-30 07:50:12', 'Melakukan Transaksi'),
(2632, 1, '2018-09-30 07:50:31', 'Melakukan Transaksi'),
(2633, 1, '2018-09-30 07:50:50', 'Melakukan Transaksi'),
(2634, 1, '2018-09-30 08:06:21', 'Melakukan Transaksi'),
(2635, 1, '2018-09-30 08:08:48', 'Melakukan Transaksi'),
(2636, 1, '2018-09-30 08:09:57', 'Melakukan Transaksi'),
(2637, 1, '2018-09-30 08:10:19', 'Melakukan Transaksi'),
(2638, 1, '2018-09-30 08:11:18', 'Melakukan Transaksi'),
(2639, 1, '2018-09-30 08:11:33', 'Melakukan Transaksi'),
(2640, 1, '2018-09-30 08:11:51', 'Melakukan Transaksi'),
(2641, 1, '2018-09-30 08:12:24', 'Melakukan Transaksi'),
(2642, 1, '2018-09-30 16:41:19', 'Telah Login'),
(2643, 1, '2018-09-30 16:44:43', 'Melakukan Transaksi'),
(2644, 1, '2018-09-30 16:45:05', 'Melakukan Transaksi'),
(2645, 1, '2018-09-30 16:45:22', 'Melakukan Transaksi'),
(2646, 1, '2018-09-30 16:45:55', 'Melakukan Transaksi'),
(2647, 1, '2018-09-30 16:46:54', 'Melakukan Transaksi'),
(2648, 1, '2018-09-30 16:47:20', 'Melakukan Transaksi'),
(2649, 1, '2018-09-30 16:47:42', 'Melakukan Transaksi'),
(2650, 1, '2018-09-30 16:48:04', 'Melakukan Transaksi'),
(2651, 1, '2018-09-30 16:48:43', 'Melakukan Transaksi'),
(2652, 1, '2018-09-30 16:49:10', 'Melakukan Transaksi'),
(2653, 1, '2018-09-30 16:49:30', 'Melakukan Transaksi'),
(2654, 1, '2018-09-30 16:49:49', 'Melakukan Transaksi'),
(2655, 1, '2018-09-30 16:52:05', 'Melakukan Transaksi'),
(2656, 1, '2018-09-30 16:52:40', 'Melakukan Transaksi'),
(2657, 1, '2018-09-30 16:52:56', 'Melakukan Transaksi'),
(2658, 1, '2018-09-30 16:53:15', 'Melakukan Transaksi'),
(2659, 1, '2018-09-30 16:53:33', 'Melakukan Transaksi'),
(2660, 1, '2018-09-30 16:53:54', 'Melakukan Transaksi'),
(2661, 1, '2018-09-30 16:54:14', 'Melakukan Transaksi'),
(2662, 1, '2018-09-30 16:54:53', 'Melakukan Transaksi'),
(2663, 1, '2018-09-30 16:55:16', 'Melakukan Transaksi'),
(2664, 1, '2018-09-30 16:56:59', 'Melakukan Transaksi'),
(2665, 1, '2018-09-30 16:57:24', 'Melakukan Transaksi'),
(2666, 1, '2018-09-30 16:57:40', 'Melakukan Transaksi'),
(2667, 1, '2018-09-30 16:57:56', 'Melakukan Transaksi'),
(2668, 1, '2018-09-30 16:58:15', 'Melakukan Transaksi'),
(2669, 1, '2018-09-30 17:02:51', 'Melakukan Transaksi'),
(2670, 1, '2018-09-30 17:03:28', 'Melakukan Transaksi'),
(2671, 1, '2018-09-30 17:03:46', 'Melakukan Transaksi'),
(2672, 1, '2018-09-30 17:04:05', 'Melakukan Transaksi'),
(2673, 1, '2018-09-30 17:04:32', 'Melakukan Transaksi'),
(2674, 1, '2018-09-30 17:04:55', 'Melakukan Transaksi'),
(2675, 1, '2018-09-30 17:05:13', 'Melakukan Transaksi'),
(2676, 1, '2018-09-30 17:05:53', 'Melakukan Transaksi'),
(2677, 1, '2018-09-30 17:06:54', 'Melakukan Transaksi'),
(2678, 1, '2018-09-30 17:07:15', 'Melakukan Transaksi'),
(2679, 1, '2018-09-30 17:08:09', 'Melakukan Transaksi'),
(2680, 1, '2018-09-30 17:09:36', 'Melakukan Transaksi'),
(2681, 1, '2018-09-30 17:10:01', 'Melakukan Transaksi'),
(2682, 1, '2018-09-30 17:10:56', 'Melakukan Transaksi'),
(2683, 1, '2018-09-30 17:11:28', 'Melakukan Transaksi'),
(2684, 1, '2018-09-30 17:11:55', 'Melakukan Transaksi'),
(2685, 1, '2018-09-30 17:12:17', 'Melakukan Transaksi'),
(2686, 1, '2018-09-30 17:12:36', 'Melakukan Transaksi'),
(2687, 1, '2018-09-30 17:12:58', 'Melakukan Transaksi'),
(2688, 1, '2018-09-30 17:13:22', 'Melakukan Transaksi'),
(2689, 1, '2018-09-30 17:13:34', 'Menghapus Pembayaran'),
(2690, 1, '2018-09-30 17:14:04', 'Melakukan Transaksi'),
(2691, 1, '2018-09-30 17:14:21', 'Melakukan Transaksi'),
(2692, 1, '2018-09-30 17:14:44', 'Melakukan Transaksi'),
(2693, 1, '2018-09-30 17:15:33', 'Melakukan Transaksi'),
(2694, 1, '2018-09-30 17:15:53', 'Melakukan Transaksi'),
(2695, 1, '2018-09-30 17:16:37', 'Melakukan Transaksi'),
(2696, 1, '2018-09-30 17:17:15', 'Melakukan Transaksi'),
(2697, 1, '2018-09-30 17:17:36', 'Melakukan Transaksi'),
(2698, 1, '2018-09-30 17:18:00', 'Melakukan Transaksi'),
(2699, 1, '2018-09-30 17:18:18', 'Melakukan Transaksi'),
(2700, 1, '2018-09-30 17:19:06', 'Melakukan Transaksi'),
(2701, 1, '2018-09-30 17:19:31', 'Menghapus Pembayaran'),
(2702, 1, '2018-09-30 17:19:56', 'Menghapus Pembayaran'),
(2703, 1, '2018-09-30 17:22:23', 'Melakukan Transaksi'),
(2704, 1, '2018-09-30 17:22:40', 'Melakukan Transaksi'),
(2705, 1, '2018-09-30 17:23:54', 'Melakukan Transaksi'),
(2706, 1, '2018-09-30 17:24:43', 'Melakukan Transaksi'),
(2707, 1, '2018-09-30 17:24:59', 'Melakukan Transaksi'),
(2708, 1, '2018-09-30 17:25:15', 'Melakukan Transaksi'),
(2709, 1, '2018-09-30 17:25:34', 'Melakukan Transaksi'),
(2710, 1, '2018-09-30 17:25:51', 'Melakukan Transaksi'),
(2711, 1, '2018-09-30 17:26:07', 'Melakukan Transaksi'),
(2712, 1, '2018-09-30 17:26:29', 'Melakukan Transaksi'),
(2713, 1, '2018-09-30 17:26:57', 'Melakukan Transaksi'),
(2714, 1, '2018-09-30 17:27:19', 'Melakukan Transaksi'),
(2715, 1, '2018-09-30 17:30:07', 'Melakukan Transaksi'),
(2716, 1, '2018-09-30 17:30:33', 'Melakukan Transaksi'),
(2717, 1, '2018-09-30 17:31:08', 'Melakukan Transaksi'),
(2718, 1, '2018-09-30 17:31:32', 'Melakukan Transaksi'),
(2719, 1, '2018-09-30 17:31:54', 'Melakukan Transaksi'),
(2720, 1, '2018-09-30 17:32:39', 'Melakukan Transaksi'),
(2721, 1, '2018-09-30 17:32:48', 'Menghapus Pembayaran'),
(2722, 1, '2018-09-30 17:33:17', 'Melakukan Transaksi'),
(2723, 1, '2018-09-30 17:33:36', 'Melakukan Transaksi'),
(2724, 1, '2018-09-30 17:33:58', 'Melakukan Transaksi'),
(2725, 1, '2018-09-30 17:34:21', 'Melakukan Transaksi'),
(2726, 1, '2018-09-30 17:34:47', 'Melakukan Transaksi'),
(2727, 1, '2018-09-30 17:35:45', 'Melakukan Transaksi'),
(2728, 1, '2018-09-30 17:36:12', 'Melakukan Transaksi'),
(2729, 1, '2018-09-30 17:36:31', 'Melakukan Transaksi'),
(2730, 2, '2018-10-01 07:12:23', 'Telah Login'),
(2731, 2, '2018-10-01 07:35:26', 'Melakukan Transaksi'),
(2732, 2, '2018-10-01 07:36:16', 'Melakukan Transaksi'),
(2733, 2, '2018-10-01 07:37:53', 'Melakukan Transaksi'),
(2734, 2, '2018-10-01 07:38:42', 'Melakukan Transaksi'),
(2735, 2, '2018-10-01 07:39:12', 'Melakukan Transaksi'),
(2736, 2, '2018-10-01 07:39:39', 'Melakukan Transaksi'),
(2737, 2, '2018-10-01 07:40:03', 'Melakukan Transaksi'),
(2738, 2, '2018-10-01 07:40:37', 'Melakukan Transaksi'),
(2739, 2, '2018-10-01 07:41:31', 'Melakukan Transaksi'),
(2740, 2, '2018-10-01 07:41:54', 'Melakukan Transaksi'),
(2741, 2, '2018-10-01 07:42:17', 'Melakukan Transaksi'),
(2742, 2, '2018-10-01 07:42:45', 'Melakukan Transaksi'),
(2743, 2, '2018-10-01 07:43:19', 'Melakukan Transaksi'),
(2744, 2, '2018-10-01 07:44:33', 'Melakukan Transaksi'),
(2745, 2, '2018-10-01 08:17:13', 'Melakukan Transaksi'),
(2746, 2, '2018-10-01 09:37:10', 'Telah Login'),
(2747, 2, '2018-10-01 09:38:03', 'Melakukan Transaksi'),
(2748, 2, '2018-10-01 09:38:30', 'Melakukan Transaksi'),
(2749, 2, '2018-10-01 09:39:25', 'Melakukan Transaksi'),
(2750, 2, '2018-10-01 09:40:55', 'Melakukan Transaksi'),
(2751, 2, '2018-10-01 09:41:52', 'Melakukan Transaksi'),
(2752, 2, '2018-10-01 09:52:21', 'Melakukan Transaksi'),
(2753, 2, '2018-10-01 09:53:40', 'Melakukan Transaksi'),
(2754, 2, '2018-10-01 09:59:25', 'Melakukan Transaksi'),
(2755, 2, '2018-10-01 09:59:59', 'Melakukan Transaksi'),
(2756, 2, '2018-10-01 10:00:42', 'Melakukan Transaksi'),
(2757, 2, '2018-10-01 10:01:14', 'Melakukan Transaksi'),
(2758, 2, '2018-10-01 10:04:09', 'Melakukan Transaksi'),
(2759, 2, '2018-10-01 10:04:38', 'Melakukan Transaksi'),
(2760, 2, '2018-10-01 10:05:02', 'Melakukan Transaksi'),
(2761, 2, '2018-10-01 10:05:27', 'Melakukan Transaksi'),
(2762, 2, '2018-10-01 10:05:50', 'Melakukan Transaksi'),
(2763, 2, '2018-10-01 10:17:39', 'Melakukan Transaksi'),
(2764, 2, '2018-10-01 10:18:04', 'Melakukan Transaksi'),
(2765, 30, '2018-10-01 11:04:56', 'Telah Login'),
(2766, 1, '2018-10-01 11:23:32', 'Telah Login'),
(2767, 1, '2018-10-01 13:48:34', 'Telah Login'),
(2768, 1, '2018-10-01 13:59:43', 'Melakukan Transaksi'),
(2769, 1, '2018-10-01 14:00:18', 'Melakukan Transaksi'),
(2770, 1, '2018-10-01 14:01:28', 'Melakukan Transaksi'),
(2771, 1, '2018-10-01 14:01:58', 'Melakukan Transaksi'),
(2772, 1, '2018-10-01 14:02:11', 'Melakukan Transaksi'),
(2773, 1, '2018-10-01 14:02:24', 'Melakukan Transaksi'),
(2774, 1, '2018-10-01 14:02:37', 'Melakukan Transaksi'),
(2775, 1, '2018-10-01 14:02:50', 'Melakukan Transaksi'),
(2776, 1, '2018-10-01 14:03:01', 'Melakukan Transaksi'),
(2777, 1, '2018-10-01 14:03:20', 'Melakukan Transaksi'),
(2778, 1, '2018-10-01 14:04:14', 'Melakukan Transaksi'),
(2779, 1, '2018-10-01 14:04:26', 'Melakukan Transaksi'),
(2780, 1, '2018-10-01 14:04:43', 'Melakukan Transaksi'),
(2781, 1, '2018-10-01 14:06:36', 'Melakukan Transaksi'),
(2782, 1, '2018-10-01 14:07:43', 'Melakukan Transaksi'),
(2783, 1, '2018-10-01 14:07:54', 'Melakukan Transaksi'),
(2784, 1, '2018-10-01 14:08:13', 'Melakukan Transaksi'),
(2785, 1, '2018-10-01 14:08:24', 'Melakukan Transaksi'),
(2786, 1, '2018-10-01 14:08:35', 'Melakukan Transaksi'),
(2787, 1, '2018-10-01 14:08:51', 'Melakukan Transaksi'),
(2788, 1, '2018-10-01 14:09:05', 'Melakukan Transaksi'),
(2789, 1, '2018-10-01 14:09:18', 'Melakukan Transaksi'),
(2790, 1, '2018-10-01 14:09:33', 'Melakukan Transaksi'),
(2791, 1, '2018-10-01 14:09:54', 'Melakukan Transaksi'),
(2792, 1, '2018-10-01 14:10:09', 'Melakukan Transaksi'),
(2793, 1, '2018-10-01 14:21:11', 'Melakukan Transaksi'),
(2794, 1, '2018-10-01 14:21:25', 'Melakukan Transaksi'),
(2795, 1, '2018-10-01 14:21:40', 'Melakukan Transaksi'),
(2796, 1, '2018-10-01 14:21:52', 'Melakukan Transaksi'),
(2797, 1, '2018-10-01 14:22:12', 'Melakukan Transaksi'),
(2798, 1, '2018-10-01 14:22:32', 'Melakukan Transaksi'),
(2799, 1, '2018-10-01 14:22:48', 'Menghapus Pembayaran'),
(2800, 1, '2018-10-01 14:25:09', 'Melakukan Transaksi'),
(2801, 1, '2018-10-01 14:26:20', 'Melakukan Transaksi'),
(2802, 1, '2018-10-01 14:26:43', 'Melakukan Transaksi'),
(2803, 1, '2018-10-01 14:27:05', 'Melakukan Transaksi'),
(2804, 1, '2018-10-01 14:27:30', 'Melakukan Transaksi'),
(2805, 1, '2018-10-01 14:28:01', 'Melakukan Transaksi'),
(2806, 1, '2018-10-01 14:28:21', 'Melakukan Transaksi'),
(2807, 1, '2018-10-01 14:28:43', 'Melakukan Transaksi'),
(2808, 1, '2018-10-01 14:29:08', 'Melakukan Transaksi'),
(2809, 1, '2018-10-01 14:29:26', 'Melakukan Transaksi'),
(2810, 1, '2018-10-01 14:29:59', 'Melakukan Transaksi'),
(2811, 1, '2018-10-01 14:30:17', 'Melakukan Transaksi'),
(2812, 1, '2018-10-01 14:30:32', 'Melakukan Transaksi'),
(2813, 1, '2018-10-01 14:30:52', 'Melakukan Transaksi'),
(2814, 1, '2018-10-01 14:31:09', 'Melakukan Transaksi'),
(2815, 1, '2018-10-01 14:31:30', 'Melakukan Transaksi'),
(2816, 1, '2018-10-01 14:31:45', 'Melakukan Transaksi'),
(2817, 1, '2018-10-01 14:32:04', 'Melakukan Transaksi'),
(2818, 1, '2018-10-01 14:32:23', 'Melakukan Transaksi'),
(2819, 1, '2018-10-01 14:32:38', 'Melakukan Transaksi'),
(2820, 1, '2018-10-01 14:32:51', 'Melakukan Transaksi'),
(2821, 1, '2018-10-01 14:33:14', 'Melakukan Transaksi'),
(2822, 1, '2018-10-01 14:33:28', 'Melakukan Transaksi'),
(2823, 1, '2018-10-01 14:33:46', 'Melakukan Transaksi'),
(2824, 1, '2018-10-01 14:34:08', 'Melakukan Transaksi'),
(2825, 1, '2018-10-01 14:34:29', 'Melakukan Transaksi'),
(2826, 1, '2018-10-01 14:34:53', 'Melakukan Transaksi'),
(2827, 1, '2018-10-01 14:35:14', 'Melakukan Transaksi'),
(2828, 1, '2018-10-01 14:36:20', 'Melakukan Transaksi'),
(2829, 1, '2018-10-01 14:37:35', 'Melakukan Transaksi'),
(2830, 1, '2018-10-01 14:37:57', 'Melakukan Transaksi'),
(2831, 1, '2018-10-01 14:38:22', 'Melakukan Transaksi'),
(2832, 1, '2018-10-01 14:39:59', 'Melakukan Transaksi'),
(2833, 1, '2018-10-01 14:40:15', 'Melakukan Transaksi'),
(2834, 1, '2018-10-01 14:40:36', 'Telah Logout'),
(2835, 1, '2018-10-02 08:05:50', 'Telah Login'),
(2836, 1, '2018-10-02 08:40:25', 'Telah Login'),
(2837, 1, '2018-10-02 08:40:54', 'Melakukan Transaksi'),
(2838, 2, '2018-10-03 07:06:32', 'Telah Login'),
(2839, 2, '2018-10-03 08:35:00', 'Telah Login'),
(2840, 8, '2018-10-03 08:53:59', 'Telah Login'),
(2841, 2, '2018-10-03 09:19:26', 'Telah Login'),
(2842, 2, '2018-10-03 11:15:01', 'Telah Login'),
(2843, 2, '2018-10-03 12:43:09', 'Telah Login'),
(2844, 2, '2018-10-03 12:43:41', 'Melakukan Transaksi'),
(2845, 2, '2018-10-03 12:43:57', 'Telah Logout'),
(2846, 1, '2018-10-03 13:40:13', 'Telah Login'),
(2847, 1, '2018-10-03 13:41:23', 'Melakukan Transaksi');
INSERT INTO `tbl_history` (`id_history`, `id_pegawai`, `waktu_history`, `keterangan_history`) VALUES
(2848, 2, '2018-10-04 07:07:25', 'Telah Login'),
(2849, 29, '2018-10-04 08:06:05', 'Telah Login'),
(2850, 2, '2018-10-04 08:31:45', 'Telah Login'),
(2851, 2, '2018-10-04 08:32:58', 'Melakukan Transaksi'),
(2852, 8, '2018-10-05 07:23:16', 'Telah Login'),
(2853, 8, '2018-10-05 07:26:04', 'Telah Logout'),
(2854, 1, '2018-10-05 08:21:34', 'Telah Login'),
(2855, 1, '2018-10-05 08:41:13', 'Melakukan Transaksi'),
(2856, 1, '2018-10-05 08:42:15', 'Melakukan Transaksi'),
(2857, 1, '2018-10-05 08:43:29', 'Melakukan Transaksi'),
(2858, 1, '2018-10-05 08:49:49', 'Melakukan Transaksi'),
(2859, 1, '2018-10-05 08:50:17', 'Melakukan Transaksi'),
(2860, 1, '2018-10-05 08:50:40', 'Melakukan Transaksi'),
(2861, 1, '2018-10-05 08:51:44', 'Melakukan Transaksi'),
(2862, 1, '2018-10-05 08:53:15', 'Melakukan Transaksi'),
(2863, 1, '2018-10-05 08:53:51', 'Melakukan Transaksi'),
(2864, 1, '2018-10-05 08:59:32', 'Melakukan Transaksi'),
(2865, 1, '2018-10-05 08:59:46', 'Melakukan Transaksi'),
(2866, 1, '2018-10-05 09:00:14', 'Melakukan Transaksi'),
(2867, 1, '2018-10-05 09:02:14', 'Melakukan Transaksi'),
(2868, 1, '2018-10-05 09:02:42', 'Melakukan Transaksi'),
(2869, 1, '2018-10-05 09:03:28', 'Melakukan Transaksi'),
(2870, 1, '2018-10-05 09:04:16', 'Melakukan Transaksi'),
(2871, 1, '2018-10-05 09:10:58', 'Melakukan Transaksi'),
(2872, 1, '2018-10-05 09:20:44', 'Melakukan Transaksi'),
(2873, 1, '2018-10-05 09:20:56', 'Melakukan Transaksi'),
(2874, 1, '2018-10-05 09:25:26', 'Melakukan Transaksi'),
(2875, 1, '2018-10-05 09:25:51', 'Melakukan Transaksi'),
(2876, 1, '2018-10-05 09:26:11', 'Melakukan Transaksi'),
(2877, 1, '2018-10-05 09:26:38', 'Melakukan Transaksi'),
(2878, 1, '2018-10-05 09:30:25', 'Melakukan Transaksi'),
(2879, 1, '2018-10-05 09:33:11', 'Melakukan Transaksi'),
(2880, 1, '2018-10-05 09:56:03', 'Melakukan Transaksi'),
(2881, 1, '2018-10-05 09:56:31', 'Melakukan Transaksi'),
(2882, 1, '2018-10-05 09:57:01', 'Melakukan Transaksi'),
(2883, 1, '2018-10-05 09:57:38', 'Melakukan Transaksi'),
(2884, 1, '2018-10-05 09:58:54', 'Melakukan Transaksi'),
(2885, 1, '2018-10-05 09:59:23', 'Melakukan Transaksi'),
(2886, 1, '2018-10-05 10:00:06', 'Melakukan Transaksi'),
(2887, 1, '2018-10-05 10:00:20', 'Melakukan Transaksi'),
(2888, 1, '2018-10-05 10:00:46', 'Melakukan Transaksi'),
(2889, 1, '2018-10-05 10:01:01', 'Melakukan Transaksi'),
(2890, 1, '2018-10-05 10:01:19', 'Melakukan Transaksi'),
(2891, 1, '2018-10-05 10:01:50', 'Melakukan Transaksi'),
(2892, 1, '2018-10-05 10:02:09', 'Melakukan Transaksi'),
(2893, 1, '2018-10-05 10:02:26', 'Melakukan Transaksi'),
(2894, 1, '2018-10-05 10:03:01', 'Melakukan Transaksi'),
(2895, 1, '2018-10-05 11:14:34', 'Telah Login'),
(2896, 1, '2018-10-05 11:15:15', 'Melakukan Transaksi'),
(2897, 1, '2018-10-05 11:19:31', 'Melakukan Transaksi'),
(2898, 1, '2018-10-05 11:28:18', 'Melakukan Transaksi'),
(2899, 1, '2018-10-05 11:29:44', 'Melakukan Transaksi'),
(2900, 1, '2018-10-05 11:30:00', 'Melakukan Transaksi'),
(2901, 1, '2018-10-05 11:30:22', 'Melakukan Transaksi'),
(2902, 1, '2018-10-05 11:30:38', 'Melakukan Transaksi'),
(2903, 1, '2018-10-05 11:30:55', 'Melakukan Transaksi'),
(2904, 1, '2018-10-05 11:33:00', 'Melakukan Transaksi'),
(2905, 1, '2018-10-05 11:33:24', 'Melakukan Transaksi'),
(2906, 1, '2018-10-05 11:33:40', 'Melakukan Transaksi'),
(2907, 1, '2018-10-05 11:36:00', 'Melakukan Transaksi'),
(2908, 1, '2018-10-05 11:36:45', 'Melakukan Transaksi'),
(2909, 1, '2018-10-05 11:37:13', 'Melakukan Transaksi'),
(2910, 1, '2018-10-05 11:37:36', 'Melakukan Transaksi'),
(2911, 1, '2018-10-05 11:37:55', 'Melakukan Transaksi'),
(2912, 1, '2018-10-05 11:38:21', 'Melakukan Transaksi'),
(2913, 1, '2018-10-05 19:33:34', 'Telah Login'),
(2914, 1, '2018-10-05 19:38:49', 'Melakukan Transaksi'),
(2915, 1, '2018-10-05 19:40:28', 'Melakukan Transaksi'),
(2916, 1, '2018-10-05 19:42:08', 'Melakukan Transaksi'),
(2917, 1, '2018-10-06 14:06:23', 'Telah Login'),
(2918, 1, '2018-10-06 14:07:58', 'Mengubah Siswa CHOIRUL ULUM'),
(2919, 1, '2018-10-06 14:08:11', 'Mengubah Siswa MUKHAMMAD IRFAN'),
(2920, 1, '2018-10-06 14:08:21', 'Mengubah Siswa MUTAWAKKIL ALALLOH'),
(2921, 1, '2018-10-06 14:08:48', 'Mengubah Siswa MUKHAMMAD ANDIKA SAPUTRA'),
(2922, 1, '2018-10-06 14:09:01', 'Mengubah Siswa AKHMAD ZAKARIYA'),
(2923, 1, '2018-10-06 14:09:18', 'Mengubah Siswa FATIMATUS ZAKIAH'),
(2924, 1, '2018-10-06 14:09:35', 'Mengubah Siswa MUHAMMAD NUR JIHAT'),
(2925, 1, '2018-10-06 14:09:48', 'Mengubah Siswa MUCHAMMAD NURFAUZI'),
(2926, 1, '2018-10-06 14:10:00', 'Mengubah Siswa MUHAMMAD IKSAN'),
(2927, 1, '2018-10-06 14:10:54', 'Mengubah Siswa WAHYU KURNIAWAN'),
(2928, 1, '2018-10-06 14:14:23', 'Mengubah Siswa AKHMAD VERY IRAWAN'),
(2929, 1, '2018-10-06 14:15:56', 'Telah Logout'),
(2930, 16, '2018-10-08 11:22:11', 'Telah Login'),
(2931, 16, '2018-10-08 11:23:38', 'Telah Logout'),
(2932, 1, '2018-10-10 21:00:02', 'Telah Login'),
(2933, 1, '2018-10-10 21:01:47', 'Melakukan Transaksi'),
(2934, 1, '2018-10-10 21:02:30', 'Melakukan Transaksi'),
(2935, 1, '2018-10-10 21:02:56', 'Melakukan Transaksi'),
(2936, 30, '2018-10-11 07:50:02', 'Telah Login'),
(2937, 30, '2018-10-12 19:02:05', 'Telah Login'),
(2938, 1, '2018-10-13 09:19:38', 'Telah Login'),
(2939, 1, '2018-10-13 11:13:31', 'Telah Login'),
(2940, 1, '2018-10-13 11:13:37', 'Telah Login'),
(2941, 1, '2018-10-13 11:14:33', 'Melakukan Transaksi'),
(2942, 1, '2018-10-13 11:14:53', 'Melakukan Transaksi'),
(2943, 2, '2023-01-20 22:12:08', 'Telah Login'),
(2944, 2, '2023-01-20 22:15:16', 'Telah Logout'),
(2945, 2, '2023-01-20 22:18:15', 'Telah Login'),
(2946, 2, '2023-01-20 23:03:56', 'Telah Logout'),
(2947, 6, '2023-01-20 23:05:17', 'Telah Login'),
(2948, 2, '2023-01-22 18:47:36', 'Telah Login'),
(2949, 2, '2023-01-22 19:12:18', 'Telah Logout'),
(2950, 2, '2023-01-22 20:05:24', 'Telah Login'),
(2951, 2, '2023-01-22 20:09:36', 'Telah Logout'),
(2952, 2, '2023-01-22 20:17:45', 'Telah Login'),
(2953, 2, '2023-02-03 14:52:14', 'Telah Login'),
(2954, 2, '2023-02-03 16:24:45', 'Telah Logout'),
(2955, 2, '2023-02-03 17:08:02', 'Telah Login'),
(2956, 2, '2023-02-03 18:22:48', 'Telah Logout'),
(2957, 2, '2023-02-03 18:22:56', 'Telah Login'),
(2958, 2, '2023-02-03 18:24:56', 'Telah Logout'),
(2959, 2, '2023-02-03 18:26:55', 'Telah Login'),
(2960, 2, '2023-02-03 18:28:42', 'Telah Logout'),
(2961, 2, '2023-02-03 18:28:46', 'Telah Login'),
(2962, 2, '2023-02-08 14:05:05', 'Telah Login'),
(2963, 2, '2023-02-08 14:11:04', 'Melakukan Transaksi'),
(2964, 2, '2023-02-13 11:20:12', 'Telah Login'),
(2965, 2, '2023-02-13 11:21:26', 'Mengubah Pengguna GILANG'),
(2966, 2, '2023-02-13 11:22:04', 'Menambahkan Pengguna gilangit'),
(2967, 2, '2023-02-13 11:22:08', 'Telah Logout'),
(2968, 36, '2023-02-13 11:22:21', 'Telah Login'),
(2969, 36, '2023-02-13 13:09:47', 'Telah Login'),
(2970, 2, '2023-02-22 13:23:11', 'Telah Login'),
(2971, 2, '2023-02-22 13:27:05', 'Telah Logout'),
(2972, 2, '2023-02-22 13:48:02', 'Telah Login'),
(2973, 2, '2023-02-22 13:50:35', 'Mengimport Siswa '),
(2974, 2, '2023-02-22 13:51:14', 'Mengimport Siswa '),
(2975, 2, '2023-02-22 13:52:57', 'Mengimport Siswa '),
(2976, 2, '2023-02-22 14:43:24', 'Telah Logout'),
(2977, 2, '2023-02-23 11:38:18', 'Telah Login'),
(2978, 2, '2023-02-28 11:59:22', 'Telah Login'),
(2979, 2, '2023-02-28 14:15:33', 'Mengubah Jurusan A'),
(2980, 2, '2023-02-28 14:15:39', 'Mengubah Jurusan B'),
(2981, 2, '2023-02-28 14:15:45', 'Mengubah Jurusan C'),
(2982, 2, '2023-02-28 14:15:50', 'Mengubah Jurusan D'),
(2983, 2, '2023-02-28 14:15:54', 'Mengubah Jurusan D'),
(2984, 2, '2023-02-28 14:16:00', 'Mengubah Jurusan E'),
(2985, 2, '2023-02-28 14:16:12', 'Menambahkan Jurusan F'),
(2986, 2, '2023-02-28 14:17:04', 'Menambahkan Rumah Ibu Wayan'),
(2987, 2, '2023-02-28 14:18:00', 'Menambahkan Rumah Ibu Wayan'),
(2988, 2, '2023-02-28 14:59:29', 'Mengubah Pembayaran UTS Gasal 1819'),
(2989, 2, '2023-02-28 14:59:47', 'Mengubah Pembayaran Iuran Sampah'),
(2990, 2, '2023-02-28 15:00:25', 'Mengubah Pembayaran Sumbangan'),
(2991, 2, '2023-02-28 15:01:41', 'Mengubah Pembayaran Iuran Warga RW'),
(2992, 2, '2023-02-28 15:02:08', 'Mengubah Pembayaran Iuran KAS RT'),
(2993, 2, '2023-02-28 15:02:41', 'Mengubah Pembayaran Iuran Pelayanan Umat'),
(2994, 2, '2023-02-28 15:04:23', 'Mengubah Pembayaran THR'),
(2995, 2, '2023-02-28 15:04:29', 'Menghapus Pembayaran'),
(2996, 2, '2023-02-28 15:04:34', 'Menghapus Pembayaran'),
(2997, 2, '2023-02-28 15:04:37', 'Menghapus Pembayaran'),
(2998, 2, '2023-02-28 15:04:41', 'Menghapus Pembayaran'),
(2999, 2, '2023-02-28 15:04:44', 'Menghapus Pembayaran'),
(3000, 2, '2023-02-28 15:04:48', 'Menghapus Pembayaran'),
(3001, 2, '2023-02-28 15:04:51', 'Menghapus Pembayaran'),
(3002, 2, '2023-02-28 15:04:55', 'Menghapus Pembayaran'),
(3003, 2, '2023-02-28 15:04:58', 'Menghapus Pembayaran'),
(3004, 2, '2023-02-28 15:05:02', 'Menghapus Pembayaran'),
(3005, 2, '2023-02-28 15:05:05', 'Menghapus Pembayaran'),
(3006, 2, '2023-02-28 15:05:10', 'Menghapus Pembayaran'),
(3007, 2, '2023-02-28 15:05:13', 'Menghapus Pembayaran'),
(3008, 2, '2023-02-28 15:05:16', 'Menghapus Pembayaran'),
(3009, 2, '2023-02-28 15:05:19', 'Menghapus Pembayaran'),
(3010, 2, '2023-02-28 15:05:23', 'Menghapus Pembayaran'),
(3011, 2, '2023-02-28 15:05:26', 'Menghapus Pembayaran'),
(3012, 2, '2023-02-28 15:05:29', 'Menghapus Pembayaran'),
(3013, 2, '2023-02-28 15:05:32', 'Menghapus Pembayaran'),
(3014, 2, '2023-02-28 15:05:35', 'Menghapus Pembayaran'),
(3015, 2, '2023-02-28 15:05:38', 'Menghapus Pembayaran'),
(3016, 2, '2023-02-28 15:05:41', 'Menghapus Pembayaran'),
(3017, 2, '2023-02-28 15:05:44', 'Menghapus Pembayaran'),
(3018, 2, '2023-02-28 15:05:47', 'Menghapus Pembayaran'),
(3019, 2, '2023-02-28 15:05:49', 'Menghapus Pembayaran'),
(3020, 2, '2023-03-02 15:10:55', 'Telah Login'),
(3021, 2, '2023-03-02 21:01:47', 'Telah Login'),
(3022, 2, '2023-03-02 21:15:38', 'Menambahkan Jurusan BLOK E3'),
(3023, 2, '2023-03-02 21:15:49', 'Mengubah Jurusan BLOK E4'),
(3024, 2, '2023-03-02 21:15:58', 'Mengubah Jurusan BLOK E5'),
(3025, 2, '2023-03-02 21:16:02', 'Menghapus Jurusan'),
(3026, 2, '2023-03-02 21:16:04', 'Menghapus Jurusan'),
(3027, 2, '2023-03-02 21:16:06', 'Menghapus Jurusan'),
(3028, 2, '2023-03-02 21:16:08', 'Menghapus Jurusan'),
(3029, 2, '2023-03-07 14:31:13', 'Telah Login');

-- --------------------------------------------------------

--
-- Table structure for table `tbl_jurusan`
--

CREATE TABLE `tbl_jurusan` (
  `id_jurusan` int(11) NOT NULL,
  `nama_jurusan` varchar(100) NOT NULL,
  `diskripsi_jurusan` varchar(100) NOT NULL
) ENGINE=InnoDB DEFAULT CHARSET=latin1;

--
-- Dumping data for table `tbl_jurusan`
--

INSERT INTO `tbl_jurusan` (`id_jurusan`, `nama_jurusan`, `diskripsi_jurusan`) VALUES
(19, 'BLOK E5', 'BLOK E5'),
(20, 'BLOK E4', 'BLOK E4'),
(21, 'BLOK E3', 'BLOK E3');

-- --------------------------------------------------------

--
-- Table structure for table `tbl_pegawai`
--

CREATE TABLE `tbl_pegawai` (
  `id_pegawai` int(11) NOT NULL,
  `nip` char(15) NOT NULL,
  `nama_pegawai` varchar(100) NOT NULL,
  `alamat_pegawai` varchar(200) NOT NULL,
  `telp_pegawai` varchar(15) NOT NULL,
  `foto_pegawai` text NOT NULL,
  `email_pegawai` varchar(100) NOT NULL,
  `password_pegawai` varchar(100) NOT NULL,
  `level_pegawai` enum('Admin','Pegawai','Wali Kelas') NOT NULL,
  `aktif_pegawai` enum('0','1') NOT NULL
) ENGINE=InnoDB DEFAULT CHARSET=latin1;

--
-- Dumping data for table `tbl_pegawai`
--

INSERT INTO `tbl_pegawai` (`id_pegawai`, `nip`, `nama_pegawai`, `alamat_pegawai`, `telp_pegawai`, `foto_pegawai`, `email_pegawai`, `password_pegawai`, `level_pegawai`, `aktif_pegawai`) VALUES
(1, '2110175022', 'ADRIANI NGESTI R.', 'Jl. Pahlawan No. 21 Kota Pasuruan', '085655580445', '1534167096-UNSUR-LOGO OK.png', 'admin@gmail.com', '353e8061f2befecb6818ba0c034c632fb0bcae1b', 'Admin', '1'),
(2, '2110175020', 'Sutrisno', 'Sawangan', '20535434', 'default.jpg', 'pegawai@gmail.com', 'f84a7fe2935b0857c81f7ab134afb492ed8d7e83', 'Pegawai', '1'),
(6, '351418250792000', 'ARDITA PUSPITA WINDIANTO', 'PERUM KEBONCANDI PERMAI P/21\r\n', '20535434', 'default.jpg', 'arditawindianto@gmail.com', '80e3466cd49ecf39739414c813c0d3528ef8eb11', 'Wali Kelas', '1'),
(8, '351417700993000', 'DWI IRMA SURYANI', 'PLERET', '20535434', 'default.jpg', 'dwi.irma.suryani@gmail.com', '80e3466cd49ecf39739414c813c0d3528ef8eb11', 'Wali Kelas', '1'),
(9, '357502630481000', 'EVA APRIANIE', 'Jl. WALET BLOK GG-14 A PERUM TAMAN ASRI', '20535434', 'default.jpg', 'eva.aprianie81@gmail.com', '80e3466cd49ecf39739414c813c0d3528ef8eb11', 'Wali Kelas', '1'),
(10, '357501290691000', 'HARIS SISWANTO', 'JALAN GATOT SUBROTO NO. 9', '20535434', 'default.jpg', 'siswantoe.haris@gmail.com', '80e3466cd49ecf39739414c813c0d3528ef8eb11', 'Wali Kelas', '1'),
(11, '357503640362000', 'ISLACHA', 'JL. TRUNOJOYO NO. 168', '20535434', 'default.jpg', 'islachasmkunsur@gmail.com', '80e3466cd49ecf39739414c813c0d3528ef8eb11', 'Wali Kelas', '1'),
(12, '351416501279000', 'ISMUNDARI PUSPITA SARI', 'TUNGGAAN II', '20535434', 'default.jpg', 'ismundariiis80@gmail.com', '80e3466cd49ecf39739414c813c0d3528ef8eb11', 'Wali Kelas', '1'),
(13, '357503271279000', 'KHAIRUL ANWAR', 'JL. TENGGER 15', '20535434', 'default.jpg', 'ka271279@gmail.com', '80e3466cd49ecf39739414c813c0d3528ef8eb11', 'Wali Kelas', '1'),
(14, '357502630976000', 'KHURIN FITRIANI', 'Jl. MELATI Gg. 4 No. 20', '20535434', 'default.jpg', 'khurinfitrianinew@gmail.com', '80e3466cd49ecf39739414c813c0d3528ef8eb11', 'Wali Kelas', '1'),
(15, '357503240666000', 'KUSIADI', 'Jl. Garuda Gg. 8 No. 7 Pasuruan', '20535434', 'default.jpg', 'KUSIADI.SMKUNSUR@gmail.com', '80e3466cd49ecf39739414c813c0d3528ef8eb11', 'Wali Kelas', '1'),
(16, '357501280983000', 'MUJTABA', 'JL.SRIWIJAYA', '20535434', 'default.jpg', 'mujtabaunsur@gmail.com', '80e3466cd49ecf39739414c813c0d3528ef8eb11', 'Wali Kelas', '1'),
(17, '351420300190000', 'RIFKI ANDRIANTO', 'PARASAN UTARA', '20535434', 'default.jpg', 'rifkiadventura@gmail.com', '80e3466cd49ecf39739414c813c0d3528ef8eb11', 'Wali Kelas', '1'),
(18, '351418630485000', 'SAFINAH', 'PESANGGRAHAN', '20535434', 'default.jpg', 'safinahfina23@gmail.com', '80e3466cd49ecf39739414c813c0d3528ef8eb11', 'Wali Kelas', '1'),
(19, '351406560789000', 'SANTI JAYANTI', 'JL.HASANUDIN', '20535434', 'default.jpg', 'santijayantisanti@gmail.com', '80e3466cd49ecf39739414c813c0d3528ef8eb11', 'Wali Kelas', '1'),
(20, '351401570559000', 'SITI ROCHYANI', 'SEMBUNG DS. PAREREJO', '20535434', 'default.jpg', 'sitirochyani59@gmail.com', '80e3466cd49ecf39739414c813c0d3528ef8eb11', 'Wali Kelas', '1'),
(21, '357502200177000', 'SLAMET HARIANTO', 'JL. SUKUN NO 14', '20535434', 'default.jpg', 'damexharianto@gmail.com', '80e3466cd49ecf39739414c813c0d3528ef8eb11', 'Wali Kelas', '1'),
(22, '357503571174000', 'SUHARTINI', 'PERUM GRAHA CANDI BLOK AA NO 44', '20535434', 'default.jpg', 'suhartini.kd@gmail.com', '80e3466cd49ecf39739414c813c0d3528ef8eb11', 'Wali Kelas', '1'),
(23, '357501540987000', 'SULISTIYANI', 'JALAN GATOT SUBROTO GG. 2', '20535434', 'default.jpg', 'satimpie.moe@gmail.com', '80e3466cd49ecf39739414c813c0d3528ef8eb11', 'Wali Kelas', '1'),
(24, '357501080862000', 'SUWARTONO', 'JL.ASTER 4/28-29', '20535434', 'default.jpg', 'tono.unsur@gmail.com', '80e3466cd49ecf39739414c813c0d3528ef8eb11', 'Wali Kelas', '1'),
(25, '351417451289000', 'VITA ADIWINATA', 'WARUNGDOWO SELATAN', '20535434', 'default.jpg', 'vitadiwinata@gmail.com', '80e3466cd49ecf39739414c813c0d3528ef8eb11', 'Wali Kelas', '1'),
(26, '331504420588000', 'WAHYU ARI KAMULYANTINA', 'SENDANGSARI', '20535434', 'default.jpg', 'rika2571280909@gmail.com', '80e3466cd49ecf39739414c813c0d3528ef8eb11', 'Wali Kelas', '1'),
(27, '357502300380000', 'WISNU SANJAYA', 'PERUM SEKAR INDAH 1 BLOK E NO 1', '20535434', 'default.jpg', 'sanjayawisnu153@yahoo.com', '80e3466cd49ecf39739414c813c0d3528ef8eb11', 'Wali Kelas', '1'),
(28, '357502580887000', 'YUWANITA INDRIANI', 'PERUM. SEKAR INDAH I BLOK M-8', '20535434', 'default.jpg', 'yuwanita.anya@yahoo.com', '80e3466cd49ecf39739414c813c0d3528ef8eb11', 'Wali Kelas', '1'),
(29, '1233333444', 'ANGGA DANU PRATAMA', '-', '20535434', 'default.jpg', 'anggadanupratama@gmail.com', '80e3466cd49ecf39739414c813c0d3528ef8eb11', 'Wali Kelas', '1'),
(30, '1233333244', 'EDI PURNOMO', '-', '20535434', 'default.jpg', 'purnomoedi@gmail.com', '80e3466cd49ecf39739414c813c0d3528ef8eb11', 'Wali Kelas', '1'),
(31, '816376566623008', 'DANIA TIKA PRASETIA', 'WINONGAN\r\n', '20535434', 'default.jpg', 'dania313131@gmail.com', '80e3466cd49ecf39739414c813c0d3528ef8eb11', 'Wali Kelas', '1'),
(32, '2018082902', 'WALI KELAS NON AKTIF', '-', '20535434', 'default.jpg', 'smkunsur@gmail.com', '80e3466cd49ecf39739414c813c0d3528ef8eb11', 'Wali Kelas', '1'),
(33, '2110175023', 'GILANG', 'BEKASI', '08565558044', '', 'gilang@gmail.com', 'gilang', 'Admin', '1'),
(36, '9999', 'gilangit', 'pondok', '9900', 'default.jpg', '123@admin.com', '0e49c1d25365724694bdb6eec5f1bda4f5b4b940', 'Admin', '1');

-- --------------------------------------------------------

--
-- Table structure for table `tbl_pembayaran`
--

CREATE TABLE `tbl_pembayaran` (
  `id_pembayaran` int(11) NOT NULL,
  `nama_pembayaran` varchar(100) NOT NULL,
  `nominal_pembayaran` int(11) NOT NULL,
  `jumlah_cicilan` int(11) NOT NULL,
  `id_rumah` varchar(255) NOT NULL,
  `aktif_pembayaran` enum('0','1') NOT NULL
) ENGINE=InnoDB DEFAULT CHARSET=latin1;

--
-- Dumping data for table `tbl_pembayaran`
--

INSERT INTO `tbl_pembayaran` (`id_pembayaran`, `nama_pembayaran`, `nominal_pembayaran`, `jumlah_cicilan`, `id_rumah`, `aktif_pembayaran`) VALUES
(33, 'THR', 10000, 1, 'null', '1'),
(34, 'Iuran Pelayanan Umat', 10000, 12, 'null', '1'),
(35, 'Iuran KAS RT', 10000, 12, 'null', '1'),
(38, 'Iuran Warga RW', 10000, 12, 'null', '1'),
(39, 'Sumbangan', 10000, 12, 'null', '1'),
(40, 'Iuran Sampah', 10000, 12, 'null', '1');

-- --------------------------------------------------------

--
-- Table structure for table `tbl_rumah`
--

CREATE TABLE `tbl_rumah` (
  `id_rumah` int(11) NOT NULL,
  `id_jurusan` int(11) NOT NULL,
  `tingkat_rumah` int(11) NOT NULL,
  `nama_rumah` varchar(100) NOT NULL,
  `id_pegawai` int(11) NOT NULL
) ENGINE=InnoDB DEFAULT CHARSET=latin1;

--
-- Dumping data for table `tbl_rumah`
--

INSERT INTO `tbl_rumah` (`id_rumah`, `id_jurusan`, `tingkat_rumah`, `nama_rumah`, `id_pegawai`) VALUES
(2040, 15, 1, 'TITL-1 2018', 29),
(2041, 15, 1, 'TITL-2 2018', 28),
(2042, 15, 2, 'TITL 2018', 6),
(2043, 15, 3, 'TITL-1 2018', 24),
(2044, 15, 3, 'TITL-2 2018', 19),
(2045, 16, 1, 'TPM-1 2018', 31),
(2046, 16, 1, 'TPM-2 2018', 18),
(2047, 16, 2, 'TPM-1 2018', 11),
(2048, 16, 2, 'TPM-2 2018', 20),
(2049, 16, 2, 'TPM-3 2018', 23),
(2050, 16, 3, 'TPM-1 2018', 14),
(2051, 16, 3, 'TPM-2 2018', 12),
(2052, 17, 1, 'TKRO 2018', 30),
(2053, 17, 2, 'TKRO 2018', 27),
(2054, 17, 3, 'TKR 2018', 15),
(2055, 18, 1, 'TBSM-1 2018', 8),
(2056, 18, 1, 'TBSM-2 2018', 21),
(2057, 18, 2, 'TBSM-1 2018', 22),
(2058, 18, 2, 'TBSM-2 2018', 25),
(2059, 18, 2, 'TBSM-3 2018', 10),
(2060, 18, 3, 'TSM-1 2018', 16),
(2061, 18, 3, 'TSM-2 2018', 26),
(2062, 19, 1, 'TKJ 2018', 17),
(2063, 19, 2, 'TKJ 2018', 9),
(2064, 19, 3, 'TKJ 2018', 13),
(2065, 15, 1, 'TITL 2017', 32),
(2066, 16, 1, 'TPM-1 2017', 32),
(2067, 16, 1, 'TPM-2 2017', 32),
(2068, 16, 1, 'TPM-3 2017', 32),
(2069, 17, 1, 'TKRO 2017', 32),
(2070, 18, 1, 'TBSM-1 2017', 32),
(2071, 18, 1, 'TBSM-2 2017', 32),
(2072, 18, 1, 'TBSM-3 2017', 32),
(2073, 19, 1, 'TKJ 2017', 32),
(2074, 15, 2, 'TITL-1 2017', 32),
(2075, 15, 2, 'TITL-2 2017', 32),
(2076, 16, 2, 'TPM-1 2017', 32),
(2077, 16, 2, 'TPM-2 2017', 32),
(2078, 17, 2, 'TKR 2017', 32),
(2079, 18, 2, 'TSM-1 2017', 32),
(2080, 18, 2, 'TSM-2 2017', 32),
(2081, 19, 2, 'TKJ 2017', 32),
(2082, 15, 51, 'Ibu Wayan', 0),
(2083, 15, 51, 'Ibu Wayan', 0);

-- --------------------------------------------------------

--
-- Table structure for table `tbl_transaksi`
--

CREATE TABLE `tbl_transaksi` (
  `id_transaksi` char(15) NOT NULL,
  `waktu_transaksi` datetime NOT NULL,
  `id_warga` int(11) NOT NULL,
  `id_rumah` int(11) NOT NULL,
  `id_pegawai` int(11) NOT NULL,
  `id_pembayaran` int(11) NOT NULL,
  `nominal_transaksi` double NOT NULL,
  `pembayaran_melalui` enum('TUNAI','TRANSFER') NOT NULL,
  `file_foto` varchar(30) NOT NULL,
  `cicilan_transaksi` int(11) NOT NULL
) ENGINE=InnoDB DEFAULT CHARSET=latin1;

--
-- Dumping data for table `tbl_transaksi`
--

INSERT INTO `tbl_transaksi` (`id_transaksi`, `waktu_transaksi`, `id_warga`, `id_rumah`, `id_pegawai`, `id_pembayaran`, `nominal_transaksi`, `pembayaran_melalui`, `file_foto`, `cicilan_transaksi`) VALUES
('TR-000000000001', '2018-08-15 22:06:16', 72, 2040, 1, 12, 150000, 'TUNAI', '0', 1),
('TR-000000000002', '2018-08-15 22:06:16', 73, 2040, 1, 12, 150000, 'TUNAI', '0', 1),
('TR-000000000003', '2018-08-15 22:06:16', 74, 2040, 1, 12, 150000, 'TUNAI', '0', 1),
('TR-000000000005', '2018-08-15 22:06:16', 222, 2042, 1, 14, 393000, 'TUNAI', '0', 1),
('TR-000000000007', '2018-08-15 22:06:16', 224, 2042, 1, 14, 1128000, 'TUNAI', '0', 1),
('TR-000000000008', '2018-08-15 22:06:16', 227, 2042, 1, 14, 1275000, 'TUNAI', '0', 1),
('TR-000000000009', '2018-08-15 22:06:16', 72, 2040, 1, 12, 150000, 'TUNAI', '0', 1),
('TR-000000000010', '2018-08-15 22:06:16', 73, 2040, 1, 12, 150000, 'TUNAI', '0', 1),
('TR-000000000011', '2018-08-15 22:06:16', 74, 2040, 1, 12, 150000, 'TUNAI', '0', 1),
('TR-000000000012', '2018-08-15 22:06:16', 75, 2040, 1, 12, 150000, 'TUNAI', '0', 1),
('TR-000000000013', '2018-08-15 22:06:16', 76, 2040, 1, 12, 150000, 'TUNAI', '0', 1),
('TR-000000000014', '2018-08-15 22:06:16', 77, 2040, 1, 12, 150000, 'TUNAI', '0', 1),
('TR-000000000015', '2018-08-15 22:06:16', 78, 2040, 1, 12, 150000, 'TUNAI', '0', 1),
('TR-000000000016', '2018-08-15 22:06:16', 79, 2040, 1, 12, 150000, 'TUNAI', '0', 1),
('TR-000000000017', '2018-08-15 22:06:16', 80, 2040, 1, 12, 150000, 'TUNAI', '0', 1),
('TR-000000000018', '2018-08-15 22:06:16', 81, 2040, 1, 12, 100000, 'TUNAI', '0', 1),
('TR-000000000019', '2018-08-15 22:06:16', 82, 2040, 1, 12, 150000, 'TUNAI', '0', 1),
('TR-000000000020', '2018-08-15 22:06:16', 83, 2040, 1, 12, 150000, 'TUNAI', '0', 1),
('TR-000000000021', '2018-08-15 22:06:16', 84, 2040, 1, 12, 150000, 'TUNAI', '0', 1),
('TR-000000000022', '2018-08-15 22:06:16', 85, 2040, 1, 12, 150000, 'TUNAI', '0', 1),
('TR-000000000023', '2018-08-15 22:06:16', 86, 2040, 1, 12, 150000, 'TUNAI', '0', 1),
('TR-000000000024', '2018-08-15 22:06:16', 87, 2040, 1, 12, 150000, 'TUNAI', '0', 1),
('TR-000000000025', '2018-08-15 22:06:16', 88, 2040, 1, 12, 150000, 'TUNAI', '0', 1),
('TR-000000000026', '2018-08-15 22:06:16', 89, 2040, 1, 12, 150000, 'TUNAI', '0', 1),
('TR-000000000027', '2018-08-15 22:06:16', 90, 2040, 1, 12, 150000, 'TUNAI', '0', 1),
('TR-000000000028', '2018-08-15 22:06:16', 91, 2040, 1, 12, 150000, 'TUNAI', '0', 1),
('TR-000000000029', '2018-08-15 22:06:16', 92, 2040, 1, 12, 150000, 'TUNAI', '0', 1),
('TR-000000000030', '2018-08-15 22:06:16', 93, 2040, 1, 12, 150000, 'TUNAI', '0', 1),
('TR-000000000031', '2018-08-15 22:06:16', 94, 2041, 1, 12, 150000, 'TUNAI', '0', 1),
('TR-000000000032', '2018-08-15 22:06:16', 95, 2041, 1, 12, 150000, 'TUNAI', '0', 1),
('TR-000000000033', '2018-08-15 22:06:16', 96, 2041, 1, 12, 150000, 'TUNAI', '0', 1),
('TR-000000000034', '2018-08-15 22:06:16', 97, 2041, 1, 12, 150000, 'TUNAI', '0', 1),
('TR-000000000035', '2018-08-15 22:06:16', 98, 2041, 1, 12, 150000, 'TUNAI', '0', 1),
('TR-000000000036', '2018-08-15 22:06:16', 99, 2041, 1, 12, 150000, 'TUNAI', '0', 1),
('TR-000000000037', '2018-08-15 22:06:16', 100, 2041, 1, 12, 150000, 'TUNAI', '0', 1),
('TR-000000000038', '2018-08-15 22:06:16', 101, 2041, 1, 12, 150000, 'TUNAI', '0', 1),
('TR-000000000039', '2018-08-15 22:06:16', 102, 2041, 1, 12, 150000, 'TUNAI', '0', 1),
('TR-000000000040', '2018-08-15 22:06:16', 103, 2041, 1, 12, 150000, 'TUNAI', '0', 1),
('TR-000000000041', '2018-08-15 22:06:16', 104, 2041, 1, 12, 150000, 'TUNAI', '0', 1),
('TR-000000000042', '2018-08-15 22:06:16', 105, 2041, 1, 12, 150000, 'TUNAI', '0', 1),
('TR-000000000043', '2018-08-15 22:06:16', 106, 2041, 1, 12, 150000, 'TUNAI', '0', 1),
('TR-000000000044', '2018-08-15 22:06:16', 107, 2041, 1, 12, 150000, 'TUNAI', '0', 1),
('TR-000000000045', '2018-08-15 22:06:16', 108, 2041, 1, 12, 150000, 'TUNAI', '0', 1),
('TR-000000000046', '2018-08-15 22:06:16', 109, 2041, 1, 12, 150000, 'TUNAI', '0', 1),
('TR-000000000047', '2018-08-15 22:06:16', 111, 2041, 1, 12, 150000, 'TUNAI', '0', 1),
('TR-000000000048', '2018-08-15 22:06:16', 112, 2041, 1, 12, 150000, 'TUNAI', '0', 1),
('TR-000000000049', '2018-08-15 22:06:16', 113, 2041, 1, 12, 150000, 'TUNAI', '0', 1),
('TR-000000000050', '2018-08-15 22:06:16', 114, 2041, 1, 12, 150000, 'TUNAI', '0', 1),
('TR-000000000051', '2018-08-15 22:06:16', 166, 2045, 1, 12, 150000, 'TUNAI', '0', 1),
('TR-000000000052', '2018-08-15 22:06:16', 167, 2045, 1, 12, 150000, 'TUNAI', '0', 1),
('TR-000000000053', '2018-08-15 22:06:16', 168, 2045, 1, 12, 150000, 'TUNAI', '0', 1),
('TR-000000000054', '2018-08-15 22:06:16', 169, 2045, 1, 12, 150000, 'TUNAI', '0', 1),
('TR-000000000055', '2018-08-15 22:06:16', 170, 2045, 1, 12, 150000, 'TUNAI', '0', 1),
('TR-000000000056', '2018-08-15 22:06:16', 171, 2045, 1, 12, 150000, 'TUNAI', '0', 1),
('TR-000000000057', '2018-08-15 22:06:16', 172, 2045, 1, 12, 150000, 'TUNAI', '0', 1),
('TR-000000000058', '2018-08-15 22:06:16', 173, 2045, 1, 12, 150000, 'TUNAI', '0', 1),
('TR-000000000059', '2018-08-15 22:06:16', 174, 2045, 1, 12, 150000, 'TUNAI', '0', 1),
('TR-000000000060', '2018-08-15 22:06:16', 175, 2045, 1, 12, 150000, 'TUNAI', '0', 1),
('TR-000000000061', '2018-08-15 22:06:16', 176, 2045, 1, 12, 150000, 'TUNAI', '0', 1),
('TR-000000000062', '2018-08-15 22:06:16', 177, 2045, 1, 12, 150000, 'TUNAI', '0', 1),
('TR-000000000063', '2018-08-15 22:06:16', 178, 2045, 1, 12, 150000, 'TUNAI', '0', 1),
('TR-000000000064', '2018-08-15 22:06:16', 179, 2045, 1, 12, 150000, 'TUNAI', '0', 1),
('TR-000000000065', '2018-08-15 22:06:16', 180, 2045, 1, 12, 150000, 'TUNAI', '0', 1),
('TR-000000000066', '2018-08-15 22:06:16', 181, 2045, 1, 12, 150000, 'TUNAI', '0', 1),
('TR-000000000067', '2018-08-15 22:06:16', 182, 2045, 1, 12, 150000, 'TUNAI', '0', 1),
('TR-000000000068', '2018-08-15 22:06:16', 183, 2045, 1, 12, 150000, 'TUNAI', '0', 1),
('TR-000000000069', '2018-08-15 22:06:16', 184, 2045, 1, 12, 150000, 'TUNAI', '0', 1),
('TR-000000000070', '2018-08-15 22:06:16', 185, 2045, 1, 12, 150000, 'TUNAI', '0', 1),
('TR-000000000071', '2018-08-15 22:06:16', 186, 2045, 1, 12, 150000, 'TUNAI', '0', 1),
('TR-000000000072', '2018-08-15 22:06:16', 187, 2045, 1, 12, 150000, 'TUNAI', '0', 1),
('TR-000000000073', '2018-08-15 22:06:16', 188, 2045, 1, 12, 150000, 'TUNAI', '0', 1),
('TR-000000000074', '2018-08-15 22:06:16', 189, 2045, 1, 12, 150000, 'TUNAI', '0', 1),
('TR-000000000075', '2018-08-15 22:06:16', 190, 2045, 1, 12, 150000, 'TUNAI', '0', 1),
('TR-000000000076', '2018-08-15 22:06:16', 191, 2045, 1, 12, 150000, 'TUNAI', '0', 1),
('TR-000000000077', '2018-08-15 22:06:16', 192, 2045, 1, 12, 150000, 'TUNAI', '0', 1),
('TR-000000000078', '2018-08-15 22:06:16', 194, 2046, 1, 12, 150000, 'TUNAI', '0', 1),
('TR-000000000079', '2018-08-15 22:06:16', 195, 2046, 1, 12, 150000, 'TUNAI', '0', 1),
('TR-000000000080', '2018-08-15 22:06:16', 196, 2046, 1, 12, 150000, 'TUNAI', '0', 1),
('TR-000000000081', '2018-08-15 22:06:16', 197, 2046, 1, 12, 150000, 'TUNAI', '0', 1),
('TR-000000000082', '2018-08-15 22:06:16', 198, 2046, 1, 12, 150000, 'TUNAI', '0', 1),
('TR-000000000083', '2018-08-15 22:06:16', 199, 2046, 1, 12, 150000, 'TUNAI', '0', 1),
('TR-000000000084', '2018-08-15 22:06:16', 200, 2046, 1, 12, 150000, 'TUNAI', '0', 1),
('TR-000000000085', '2018-08-15 22:06:16', 201, 2046, 1, 12, 150000, 'TUNAI', '0', 1),
('TR-000000000086', '2018-08-15 22:06:16', 202, 2046, 1, 12, 150000, 'TUNAI', '0', 1),
('TR-000000000087', '2018-08-15 22:06:16', 203, 2046, 1, 12, 150000, 'TUNAI', '0', 1),
('TR-000000000088', '2018-08-15 22:06:16', 204, 2046, 1, 12, 150000, 'TUNAI', '0', 1),
('TR-000000000089', '2018-08-15 22:06:16', 205, 2046, 1, 12, 150000, 'TUNAI', '0', 1),
('TR-000000000090', '2018-08-15 22:06:16', 206, 2046, 1, 12, 150000, 'TUNAI', '0', 1),
('TR-000000000091', '2018-08-15 22:06:16', 207, 2046, 1, 12, 150000, 'TUNAI', '0', 1),
('TR-000000000092', '2018-08-15 22:06:16', 208, 2046, 1, 12, 150000, 'TUNAI', '0', 1),
('TR-000000000093', '2018-08-15 22:06:16', 209, 2046, 1, 12, 150000, 'TUNAI', '0', 1),
('TR-000000000094', '2018-08-15 22:06:16', 210, 2046, 1, 12, 150000, 'TUNAI', '0', 1),
('TR-000000000095', '2018-08-15 22:06:16', 211, 2046, 1, 12, 150000, 'TUNAI', '0', 1),
('TR-000000000096', '2018-08-15 22:06:16', 212, 2046, 1, 12, 150000, 'TUNAI', '0', 1),
('TR-000000000097', '2018-08-15 22:06:16', 213, 2046, 1, 12, 150000, 'TUNAI', '0', 1),
('TR-000000000098', '2018-08-15 22:06:16', 214, 2046, 1, 12, 150000, 'TUNAI', '0', 1),
('TR-000000000099', '2018-08-15 22:06:16', 215, 2046, 1, 12, 150000, 'TUNAI', '0', 1),
('TR-000000000100', '2018-08-15 22:06:16', 216, 2046, 1, 12, 150000, 'TUNAI', '0', 1),
('TR-000000000101', '2018-08-15 22:06:16', 217, 2046, 1, 12, 150000, 'TUNAI', '0', 1),
('TR-000000000102', '2018-08-15 22:06:16', 218, 2046, 1, 12, 150000, 'TUNAI', '0', 1),
('TR-000000000103', '2018-08-15 22:06:16', 219, 2046, 1, 12, 150000, 'TUNAI', '0', 1),
('TR-000000000104', '2018-08-15 22:06:16', 135, 2052, 1, 12, 150000, 'TUNAI', '0', 1),
('TR-000000000105', '2018-08-15 22:06:16', 136, 2052, 1, 12, 150000, 'TUNAI', '0', 1),
('TR-000000000106', '2018-08-15 22:06:16', 137, 2052, 1, 12, 150000, 'TUNAI', '0', 1),
('TR-000000000107', '2018-08-15 22:06:16', 138, 2052, 1, 12, 150000, 'TUNAI', '0', 1),
('TR-000000000108', '2018-08-15 22:06:16', 139, 2052, 1, 12, 150000, 'TUNAI', '0', 1),
('TR-000000000109', '2018-08-15 22:06:16', 140, 2052, 1, 12, 150000, 'TUNAI', '0', 1),
('TR-000000000110', '2018-08-15 22:06:16', 141, 2052, 1, 12, 150000, 'TUNAI', '0', 1),
('TR-000000000111', '2018-08-15 22:06:16', 142, 2052, 1, 12, 150000, 'TUNAI', '0', 1),
('TR-000000000112', '2018-08-15 22:06:16', 143, 2052, 1, 12, 150000, 'TUNAI', '0', 1),
('TR-000000000113', '2018-08-15 22:06:16', 144, 2052, 1, 12, 150000, 'TUNAI', '0', 1),
('TR-000000000114', '2018-08-15 22:06:16', 145, 2052, 1, 12, 150000, 'TUNAI', '0', 1),
('TR-000000000115', '2018-08-15 22:06:16', 146, 2052, 1, 12, 150000, 'TUNAI', '0', 1),
('TR-000000000116', '2018-08-15 22:06:16', 147, 2052, 1, 12, 150000, 'TUNAI', '0', 1),
('TR-000000000117', '2018-08-15 22:06:16', 148, 2052, 1, 12, 150000, 'TUNAI', '0', 1),
('TR-000000000118', '2018-08-15 22:06:16', 149, 2052, 1, 12, 150000, 'TUNAI', '0', 1),
('TR-000000000119', '2018-08-15 22:06:16', 150, 2052, 1, 12, 150000, 'TUNAI', '0', 1),
('TR-000000000120', '2018-08-15 22:06:16', 151, 2052, 1, 12, 150000, 'TUNAI', '0', 1),
('TR-000000000121', '2018-08-15 22:06:16', 152, 2052, 1, 12, 150000, 'TUNAI', '0', 1),
('TR-000000000122', '2018-08-15 22:06:16', 153, 2052, 1, 12, 150000, 'TUNAI', '0', 1),
('TR-000000000123', '2018-08-15 22:06:16', 154, 2052, 1, 12, 150000, 'TUNAI', '0', 1),
('TR-000000000124', '2018-08-15 22:06:16', 155, 2052, 1, 12, 150000, 'TUNAI', '0', 1),
('TR-000000000125', '2018-08-15 22:06:16', 156, 2052, 1, 12, 150000, 'TUNAI', '0', 1),
('TR-000000000126', '2018-08-15 22:06:16', 157, 2052, 1, 12, 150000, 'TUNAI', '0', 1),
('TR-000000000127', '2018-08-15 22:06:16', 158, 2052, 1, 12, 150000, 'TUNAI', '0', 1),
('TR-000000000128', '2018-08-15 22:06:16', 159, 2052, 1, 12, 150000, 'TUNAI', '0', 1),
('TR-000000000129', '2018-08-15 22:06:16', 160, 2052, 1, 12, 150000, 'TUNAI', '0', 1),
('TR-000000000130', '2018-08-15 22:06:16', 161, 2052, 1, 12, 150000, 'TUNAI', '0', 1),
('TR-000000000131', '2018-08-15 22:06:16', 162, 2052, 1, 12, 150000, 'TUNAI', '0', 1),
('TR-000000000132', '2018-08-15 22:06:16', 163, 2052, 1, 12, 150000, 'TUNAI', '0', 1),
('TR-000000000133', '2018-08-15 22:06:16', 164, 2052, 1, 12, 150000, 'TUNAI', '0', 1),
('TR-000000000134', '2018-08-15 22:06:16', 165, 2052, 1, 12, 150000, 'TUNAI', '0', 1),
('TR-000000000135', '2018-08-15 22:06:16', 116, 2062, 1, 12, 150000, 'TUNAI', '0', 1),
('TR-000000000136', '2018-08-15 22:06:16', 117, 2062, 1, 12, 150000, 'TUNAI', '0', 1),
('TR-000000000137', '2018-08-15 22:06:16', 118, 2062, 1, 12, 150000, 'TUNAI', '0', 1),
('TR-000000000138', '2018-08-15 22:06:16', 119, 2062, 1, 12, 150000, 'TUNAI', '0', 1),
('TR-000000000139', '2018-08-15 22:06:16', 120, 2062, 1, 12, 150000, 'TUNAI', '0', 1),
('TR-000000000140', '2018-08-15 22:06:16', 121, 2062, 1, 12, 150000, 'TUNAI', '0', 1),
('TR-000000000141', '2018-08-15 22:06:16', 122, 2062, 1, 12, 150000, 'TUNAI', '0', 1),
('TR-000000000142', '2018-08-15 22:06:16', 123, 2062, 1, 12, 150000, 'TUNAI', '0', 1),
('TR-000000000143', '2018-08-15 22:06:16', 124, 2062, 1, 12, 150000, 'TUNAI', '0', 1),
('TR-000000000144', '2018-08-15 22:06:16', 125, 2062, 1, 12, 150000, 'TUNAI', '0', 1),
('TR-000000000145', '2018-08-15 22:06:16', 126, 2062, 1, 12, 150000, 'TUNAI', '0', 1),
('TR-000000000146', '2018-08-15 22:06:16', 127, 2062, 1, 12, 150000, 'TUNAI', '0', 1),
('TR-000000000147', '2018-08-15 22:06:16', 128, 2062, 1, 12, 150000, 'TUNAI', '0', 1),
('TR-000000000148', '2018-08-15 22:06:16', 129, 2062, 1, 12, 150000, 'TUNAI', '0', 1),
('TR-000000000149', '2018-08-15 22:06:16', 130, 2062, 1, 12, 150000, 'TUNAI', '0', 1),
('TR-000000000150', '2018-08-15 22:06:16', 131, 2062, 1, 12, 150000, 'TUNAI', '0', 1),
('TR-000000000151', '2018-08-15 22:06:16', 132, 2062, 1, 12, 150000, 'TUNAI', '0', 1),
('TR-000000000152', '2018-08-15 22:06:16', 133, 2062, 1, 12, 150000, 'TUNAI', '0', 1),
('TR-000000000153', '2018-08-15 22:06:16', 134, 2062, 1, 12, 150000, 'TUNAI', '0', 1),
('TR-000000000154', '2018-08-15 22:06:16', 5, 2055, 1, 13, 150000, 'TUNAI', '0', 1),
('TR-000000000155', '2018-08-15 22:06:16', 6, 2055, 1, 13, 150000, 'TUNAI', '0', 1),
('TR-000000000156', '2018-08-15 22:06:16', 7, 2055, 1, 13, 150000, 'TUNAI', '0', 1),
('TR-000000000157', '2018-08-15 22:06:16', 8, 2055, 1, 13, 150000, 'TUNAI', '0', 1),
('TR-000000000158', '2018-08-15 22:06:16', 9, 2055, 1, 13, 150000, 'TUNAI', '0', 1),
('TR-000000000159', '2018-08-15 22:06:16', 10, 2055, 1, 13, 150000, 'TUNAI', '0', 1),
('TR-000000000160', '2018-08-15 22:06:16', 11, 2055, 1, 13, 150000, 'TUNAI', '0', 1),
('TR-000000000161', '2018-08-15 22:06:16', 12, 2055, 1, 13, 150000, 'TUNAI', '0', 1),
('TR-000000000162', '2018-08-15 22:06:16', 13, 2055, 1, 13, 150000, 'TUNAI', '0', 1),
('TR-000000000163', '2018-08-15 22:06:16', 14, 2055, 1, 13, 150000, 'TUNAI', '0', 1),
('TR-000000000164', '2018-08-15 22:06:16', 15, 2055, 1, 13, 150000, 'TUNAI', '0', 1),
('TR-000000000165', '2018-08-15 22:06:16', 16, 2055, 1, 13, 150000, 'TUNAI', '0', 1),
('TR-000000000166', '2018-08-15 22:06:16', 17, 2055, 1, 13, 150000, 'TUNAI', '0', 1),
('TR-000000000167', '2018-08-15 22:06:16', 18, 2055, 1, 13, 150000, 'TUNAI', '0', 1),
('TR-000000000168', '2018-08-15 22:06:16', 19, 2055, 1, 13, 150000, 'TUNAI', '0', 1),
('TR-000000000169', '2018-08-15 22:06:16', 20, 2055, 1, 13, 150000, 'TUNAI', '0', 1),
('TR-000000000170', '2018-08-15 22:06:16', 21, 2055, 1, 13, 150000, 'TUNAI', '0', 1),
('TR-000000000171', '2018-08-15 22:06:16', 22, 2055, 1, 13, 150000, 'TUNAI', '0', 1),
('TR-000000000172', '2018-08-15 22:06:16', 23, 2055, 1, 13, 150000, 'TUNAI', '0', 1),
('TR-000000000173', '2018-08-15 22:06:16', 24, 2055, 1, 13, 150000, 'TUNAI', '0', 1),
('TR-000000000174', '2018-08-15 22:06:16', 25, 2055, 1, 13, 150000, 'TUNAI', '0', 1),
('TR-000000000175', '2018-08-15 22:06:16', 26, 2055, 1, 13, 150000, 'TUNAI', '0', 1),
('TR-000000000176', '2018-08-15 22:06:16', 27, 2055, 1, 13, 150000, 'TUNAI', '0', 1),
('TR-000000000177', '2018-08-15 22:06:16', 28, 2055, 1, 13, 150000, 'TUNAI', '0', 1),
('TR-000000000178', '2018-08-15 22:06:16', 29, 2055, 1, 13, 150000, 'TUNAI', '0', 1),
('TR-000000000179', '2018-08-15 22:06:16', 30, 2055, 1, 13, 150000, 'TUNAI', '0', 1),
('TR-000000000180', '2018-08-15 22:06:16', 31, 2055, 1, 13, 150000, 'TUNAI', '0', 1),
('TR-000000000181', '2018-08-15 22:06:16', 32, 2055, 1, 13, 150000, 'TUNAI', '0', 1),
('TR-000000000182', '2018-08-15 22:06:16', 33, 2055, 1, 13, 150000, 'TUNAI', '0', 1),
('TR-000000000183', '2018-08-15 22:06:16', 34, 2055, 1, 13, 150000, 'TUNAI', '0', 1),
('TR-000000000184', '2018-08-15 22:06:16', 35, 2055, 1, 13, 150000, 'TUNAI', '0', 1),
('TR-000000000185', '2018-08-15 22:06:16', 36, 2055, 1, 13, 150000, 'TUNAI', '0', 1),
('TR-000000000186', '2018-08-15 22:06:16', 37, 2055, 1, 13, 150000, 'TUNAI', '0', 1),
('TR-000000000187', '2018-08-15 22:06:16', 39, 2056, 1, 13, 150000, 'TUNAI', '0', 1),
('TR-000000000188', '2018-08-15 22:06:16', 40, 2056, 1, 13, 150000, 'TUNAI', '0', 1),
('TR-000000000189', '2018-08-15 22:06:16', 41, 2056, 1, 13, 150000, 'TUNAI', '0', 1),
('TR-000000000190', '2018-08-15 22:06:16', 42, 2056, 1, 13, 150000, 'TUNAI', '0', 1),
('TR-000000000191', '2018-08-15 22:06:16', 43, 2056, 1, 13, 150000, 'TUNAI', '0', 1),
('TR-000000000192', '2018-08-15 22:06:16', 44, 2056, 1, 13, 150000, 'TUNAI', '0', 1),
('TR-000000000193', '2018-08-15 22:06:16', 45, 2056, 1, 13, 150000, 'TUNAI', '0', 1),
('TR-000000000194', '2018-08-15 22:06:16', 46, 2056, 1, 13, 150000, 'TUNAI', '0', 1),
('TR-000000000195', '2018-08-15 22:06:16', 47, 2056, 1, 13, 150000, 'TUNAI', '0', 1),
('TR-000000000196', '2018-08-15 22:06:16', 48, 2056, 1, 13, 150000, 'TUNAI', '0', 1),
('TR-000000000197', '2018-08-15 22:06:16', 49, 2056, 1, 13, 150000, 'TUNAI', '0', 1),
('TR-000000000198', '2018-08-15 22:06:16', 50, 2056, 1, 13, 150000, 'TUNAI', '0', 1),
('TR-000000000199', '2018-08-15 22:06:16', 51, 2056, 1, 13, 150000, 'TUNAI', '0', 1),
('TR-000000000200', '2018-08-15 22:06:16', 52, 2056, 1, 13, 150000, 'TUNAI', '0', 1),
('TR-000000000201', '2018-08-15 22:06:16', 53, 2056, 1, 13, 150000, 'TUNAI', '0', 1),
('TR-000000000202', '2018-08-15 22:06:16', 55, 2056, 1, 13, 150000, 'TUNAI', '0', 1),
('TR-000000000203', '2018-08-15 22:06:16', 56, 2056, 1, 13, 150000, 'TUNAI', '0', 1),
('TR-000000000204', '2018-08-15 22:06:16', 58, 2056, 1, 13, 150000, 'TUNAI', '0', 1),
('TR-000000000205', '2018-08-15 22:06:16', 59, 2056, 1, 13, 150000, 'TUNAI', '0', 1),
('TR-000000000206', '2018-08-15 22:06:16', 60, 2056, 1, 13, 150000, 'TUNAI', '0', 1),
('TR-000000000207', '2018-08-15 22:06:16', 61, 2056, 1, 13, 150000, 'TUNAI', '0', 1),
('TR-000000000208', '2018-08-15 22:06:16', 62, 2056, 1, 13, 150000, 'TUNAI', '0', 1),
('TR-000000000209', '2018-08-15 22:06:16', 63, 2056, 1, 13, 150000, 'TUNAI', '0', 1),
('TR-000000000210', '2018-08-15 22:06:16', 64, 2056, 1, 13, 150000, 'TUNAI', '0', 1),
('TR-000000000211', '2018-08-15 22:06:16', 65, 2056, 1, 13, 150000, 'TUNAI', '0', 1),
('TR-000000000212', '2018-08-15 22:06:16', 66, 2056, 1, 13, 150000, 'TUNAI', '0', 1),
('TR-000000000213', '2018-08-15 22:06:16', 67, 2056, 1, 13, 150000, 'TUNAI', '0', 1),
('TR-000000000214', '2018-08-15 22:06:16', 68, 2056, 1, 13, 150000, 'TUNAI', '0', 1),
('TR-000000000215', '2018-08-15 22:06:16', 69, 2056, 1, 13, 150000, 'TUNAI', '0', 1),
('TR-000000000216', '2018-08-15 22:06:16', 70, 2056, 1, 13, 150000, 'TUNAI', '0', 1),
('TR-000000000217', '2018-08-15 22:06:16', 71, 2056, 1, 13, 150000, 'TUNAI', '0', 1),
('TR-000000000218', '2018-08-16 09:25:29', 54, 2056, 1, 13, 150000, 'TUNAI', '0', 1),
('TR-000000000219', '2018-08-24 15:52:34', 659, 2061, 1, 17, 46000, 'TUNAI', '0', 1),
('TR-000000000220', '2018-08-24 15:53:13', 558, 2050, 1, 16, 6000, 'TUNAI', '0', 1),
('TR-000000000221', '2018-08-24 15:53:33', 456, 2043, 1, 16, 8000, 'TUNAI', '0', 1),
('TR-000000000222', '2018-08-24 15:54:02', 525, 2054, 1, 16, 16000, 'TUNAI', '0', 1),
('TR-000000000223', '2018-08-24 15:54:29', 490, 2044, 1, 16, 1428000, 'TUNAI', '0', 1),
('TR-000000000224', '2018-08-24 15:54:49', 501, 2044, 1, 16, 8000, 'TUNAI', '0', 1),
('TR-000000000225', '2018-08-24 15:55:09', 481, 2044, 1, 16, 8000, 'TUNAI', '0', 1),
('TR-000000000226', '2018-08-24 15:56:02', 495, 2044, 1, 16, 8000, 'TUNAI', '0', 1),
('TR-000000000227', '2018-08-24 15:56:28', 476, 2044, 1, 16, 200000, 'TUNAI', '0', 1),
('TR-000000000228', '2018-08-24 15:59:39', 488, 2044, 1, 16, 1000, 'TUNAI', '0', 1),
('TR-000000000229', '2018-08-24 15:59:59', 479, 2044, 1, 16, 300000, 'TUNAI', '0', 1),
('TR-000000000230', '2018-08-24 16:00:18', 582, 2050, 1, 16, 8000, 'TUNAI', '0', 1),
('TR-000000000231', '2018-08-24 16:00:33', 619, 2051, 1, 16, 8000, 'TUNAI', '0', 1),
('TR-000000000232', '2018-08-24 16:00:49', 569, 2050, 1, 16, 8000, 'TUNAI', '0', 1),
('TR-000000000233', '2018-08-24 16:01:25', 592, 2051, 1, 16, 500000, 'TUNAI', '0', 1),
('TR-000000000234', '2018-08-24 16:01:41', 614, 2051, 1, 16, 450000, 'TUNAI', '0', 1),
('TR-000000000235', '2018-08-24 16:01:57', 484, 2044, 1, 16, 1475000, 'TUNAI', '0', 1),
('TR-000000000236', '2018-08-24 16:02:17', 607, 2051, 1, 16, 1475000, 'TUNAI', '0', 1),
('TR-000000000237', '2018-08-24 16:04:24', 468, 2043, 1, 16, 1475000, 'TUNAI', '0', 1),
('TR-000000000238', '2018-08-24 16:04:44', 549, 2054, 1, 16, 266000, 'TUNAI', '0', 1),
('TR-000000000239', '2018-08-24 16:05:06', 524, 2054, 1, 16, 300000, 'TUNAI', '0', 1),
('TR-000000000240', '2018-08-24 16:05:25', 579, 2050, 1, 16, 1475000, 'TUNAI', '0', 1),
('TR-000000000241', '2018-08-24 16:05:47', 563, 2050, 1, 16, 69000, 'TUNAI', '0', 1),
('TR-000000000242', '2018-08-24 16:06:27', 516, 2064, 1, 16, 200000, 'TUNAI', '0', 1),
('TR-000000000243', '2018-08-24 16:06:43', 512, 2064, 1, 16, 1000000, 'TUNAI', '0', 1),
('TR-000000000244', '2018-08-24 16:07:04', 514, 2064, 1, 16, 78000, 'TUNAI', '0', 1),
('TR-000000000245', '2018-08-24 16:07:31', 464, 2043, 1, 16, 500000, 'TUNAI', '0', 1),
('TR-000000000246', '2018-08-24 16:11:45', 507, 2064, 1, 16, 1000000, 'TUNAI', '0', 1),
('TR-000000000247', '2018-08-24 16:13:05', 526, 2054, 1, 16, 800000, 'TUNAI', '0', 1),
('TR-000000000248', '2018-08-24 21:33:50', 657, 2061, 1, 17, 351000, 'TUNAI', '0', 1),
('TR-000000000249', '2018-08-24 21:34:45', 658, 2061, 1, 17, 203000, 'TUNAI', '0', 1),
('TR-000000000251', '2018-08-24 21:35:46', 456, 2043, 1, 16, 1467000, 'TUNAI', '0', 2),
('TR-000000000252', '2018-08-24 21:36:13', 616, 2051, 1, 16, 200000, 'TUNAI', '0', 1),
('TR-000000000253', '2018-08-24 21:36:30', 556, 2050, 1, 16, 250000, 'TUNAI', '0', 1),
('TR-000000000254', '2018-08-24 21:36:53', 615, 2051, 1, 16, 1475000, 'TUNAI', '0', 1),
('TR-000000000255', '2018-08-24 21:37:24', 578, 2050, 1, 16, 1165000, 'TUNAI', '0', 1),
('TR-000000000256', '2018-08-24 21:37:46', 648, 2061, 1, 17, 1500000, 'TUNAI', '0', 1),
('TR-000000000257', '2018-08-24 21:38:17', 570, 2050, 1, 16, 500000, 'TUNAI', '0', 1),
('TR-000000000258', '2018-08-24 21:38:54', 609, 2051, 1, 16, 100000, 'TUNAI', '0', 1),
('TR-000000000259', '2018-08-24 21:39:15', 622, 2060, 1, 17, 400000, 'TUNAI', '0', 1),
('TR-000000000260', '2018-08-24 21:39:39', 542, 2054, 1, 16, 500000, 'TUNAI', '0', 1),
('TR-000000000261', '2018-08-24 21:40:05', 492, 2044, 1, 16, 492000, 'TUNAI', '0', 1),
('TR-000000000262', '2018-08-24 21:40:31', 611, 2051, 1, 16, 300000, 'TUNAI', '0', 1),
('TR-000000000263', '2018-08-24 21:41:04', 630, 2060, 1, 17, 800000, 'TUNAI', '0', 1),
('TR-000000000264', '2018-08-24 21:41:25', 602, 2051, 1, 16, 150000, 'TUNAI', '0', 1),
('TR-000000000265', '2018-08-24 21:41:43', 617, 2051, 1, 16, 142000, 'TUNAI', '0', 1),
('TR-000000000266', '2018-08-24 21:42:01', 554, 2050, 1, 16, 1268000, 'TUNAI', '0', 1),
('TR-000000000267', '2018-08-24 21:42:32', 589, 2051, 1, 16, 200000, 'TUNAI', '0', 1),
('TR-000000000268', '2018-08-24 21:42:50', 608, 2051, 1, 16, 500000, 'TUNAI', '0', 1),
('TR-000000000269', '2018-08-24 21:43:08', 519, 2064, 1, 16, 1475000, 'TUNAI', '0', 1),
('TR-000000000270', '2018-08-24 21:44:06', 552, 2054, 1, 16, 1000000, 'TUNAI', '0', 1),
('TR-000000000271', '2018-08-25 02:08:33', 567, 2050, 1, 16, 500000, 'TUNAI', '0', 1),
('TR-000000000272', '2018-08-25 02:09:04', 580, 2050, 1, 16, 1475000, 'TUNAI', '0', 1),
('TR-000000000273', '2018-08-25 02:11:14', 591, 2051, 1, 16, 670000, 'TUNAI', '0', 1),
('TR-000000000274', '2018-08-25 02:11:35', 590, 2051, 1, 16, 467000, 'TUNAI', '0', 1),
('TR-000000000275', '2018-08-25 02:11:57', 635, 2060, 1, 17, 1000000, 'TUNAI', '0', 1),
('TR-000000000276', '2018-08-25 02:12:21', 599, 2051, 1, 16, 438000, 'TUNAI', '0', 1),
('TR-000000000277', '2018-08-25 02:13:07', 604, 2051, 1, 16, 592000, 'TUNAI', '0', 1),
('TR-000000000278', '2018-08-25 02:13:43', 560, 2050, 1, 16, 1475000, 'TUNAI', '0', 1),
('TR-000000000279', '2018-08-25 02:14:09', 555, 2050, 1, 16, 500000, 'TUNAI', '0', 1),
('TR-000000000280', '2018-08-25 02:14:27', 598, 2051, 1, 16, 200000, 'TUNAI', '0', 1),
('TR-000000000281', '2018-08-25 02:14:46', 480, 2044, 1, 16, 8000, 'TUNAI', '0', 1),
('TR-000000000282', '2018-08-25 02:15:06', 543, 2054, 1, 16, 1475000, 'TUNAI', '0', 1),
('TR-000000000283', '2018-08-25 02:15:42', 643, 2061, 1, 17, 650000, 'TUNAI', '0', 1),
('TR-000000000284', '2018-08-25 02:16:05', 479, 2044, 1, 16, 1175000, 'TUNAI', '0', 2),
('TR-000000000285', '2018-08-25 02:16:39', 495, 2044, 1, 16, 500000, 'TUNAI', '0', 2),
('TR-000000000286', '2018-08-25 02:17:04', 515, 2064, 1, 16, 475000, 'TUNAI', '0', 1),
('TR-000000000287', '2018-08-25 02:17:23', 574, 2050, 1, 16, 492000, 'TUNAI', '0', 1),
('TR-000000000288', '2018-08-25 02:17:40', 659, 2061, 1, 17, 500000, 'TUNAI', '0', 2),
('TR-000000000289', '2018-08-25 02:17:59', 646, 2061, 1, 17, 300000, 'TUNAI', '0', 1),
('TR-000000000290', '2018-08-25 02:18:35', 496, 2044, 1, 16, 200000, 'TUNAI', '0', 1),
('TR-000000000291', '2018-08-25 02:18:56', 488, 2044, 1, 16, 1474000, 'TUNAI', '0', 2),
('TR-000000000292', '2018-08-25 02:19:22', 490, 2044, 1, 16, 47000, 'TUNAI', '0', 2),
('TR-000000000293', '2018-08-25 02:20:17', 582, 2050, 1, 16, 1467000, 'TUNAI', '0', 2),
('TR-000000000294', '2018-08-25 02:20:39', 596, 2051, 1, 16, 1475000, 'TUNAI', '0', 1),
('TR-000000000295', '2018-08-25 02:21:17', 472, 2043, 1, 16, 127000, 'TUNAI', '0', 1),
('TR-000000000296', '2018-08-25 02:22:00', 476, 2044, 1, 16, 200000, 'TUNAI', '0', 2),
('TR-000000000297', '2018-08-25 02:22:26', 475, 2044, 1, 16, 1000000, 'TUNAI', '0', 1),
('TR-000000000298', '2018-08-25 02:23:00', 624, 2060, 1, 17, 500000, 'TUNAI', '0', 1),
('TR-000000000299', '2018-08-25 02:23:19', 501, 2044, 1, 16, 100000, 'TUNAI', '0', 2),
('TR-000000000300', '2018-08-25 08:27:14', 618, 2051, 1, 16, 295000, 'TUNAI', '0', 1),
('TR-000000000301', '2018-08-25 08:27:35', 509, 2064, 1, 16, 250000, 'TUNAI', '0', 1),
('TR-000000000302', '2018-08-25 08:28:54', 621, 2051, 1, 16, 300000, 'TUNAI', '0', 1),
('TR-000000000303', '2018-08-25 08:29:14', 450, 2043, 1, 16, 1362000, 'TUNAI', '0', 1),
('TR-000000000304', '2018-08-25 08:29:34', 467, 2043, 1, 16, 294000, 'TUNAI', '0', 1),
('TR-000000000305', '2018-08-25 08:29:48', 619, 2051, 1, 16, 300000, 'TUNAI', '0', 2),
('TR-000000000306', '2018-08-25 08:30:17', 643, 2061, 1, 17, 345000, 'TUNAI', '0', 2),
('TR-000000000307', '2018-08-25 08:38:21', 554, 2050, 1, 16, 200000, 'TUNAI', '0', 2),
('TR-000000000308', '2018-08-25 08:38:38', 589, 2051, 1, 16, 275000, 'TUNAI', '0', 2),
('TR-000000000309', '2018-08-25 08:38:58', 524, 2054, 1, 16, 1000000, 'TUNAI', '0', 2),
('TR-000000000310', '2018-08-25 08:40:14', 597, 2051, 1, 16, 173000, 'TUNAI', '0', 1),
('TR-000000000311', '2018-08-25 08:40:33', 577, 2050, 1, 16, 473000, 'TUNAI', '0', 1),
('TR-000000000312', '2018-08-25 08:40:55', 525, 2054, 1, 16, 250000, 'TUNAI', '0', 2),
('TR-000000000313', '2018-08-25 08:41:12', 486, 2044, 1, 16, 308000, 'TUNAI', '0', 1),
('TR-000000000314', '2018-08-25 10:48:34', 471, 2043, 1, 16, 378000, 'TUNAI', '0', 1),
('TR-000000000315', '2018-08-25 10:50:57', 510, 2064, 1, 16, 158000, 'TUNAI', '0', 1),
('TR-000000000316', '2018-08-25 11:04:38', 665, 2061, 1, 17, 500000, 'TUNAI', '0', 1),
('TR-000000000317', '2018-08-25 11:05:14', 617, 2051, 1, 16, 150000, 'TUNAI', '0', 2),
('TR-000000000318', '2018-08-25 11:05:30', 475, 2044, 1, 16, 325000, 'TUNAI', '0', 2),
('TR-000000000319', '2018-08-25 11:05:48', 472, 2043, 1, 16, 150000, 'TUNAI', '0', 2),
('TR-000000000320', '2018-08-25 12:02:55', 569, 2050, 1, 16, 350000, 'TUNAI', '0', 2),
('TR-000000000321', '2018-08-25 12:03:12', 521, 2064, 1, 16, 300000, 'TUNAI', '0', 1),
('TR-000000000322', '2018-08-25 12:04:56', 438, 2059, 1, 15, 1300000, 'TUNAI', '0', 1),
('TR-000000000323', '2018-08-25 12:05:13', 416, 2058, 1, 15, 175000, 'TUNAI', '0', 1),
('TR-000000000324', '2018-08-25 12:05:27', 402, 2058, 1, 15, 480000, 'TUNAI', '0', 1),
('TR-000000000325', '2018-08-25 12:05:50', 339, 2048, 1, 14, 26000, 'TUNAI', '0', 1),
('TR-000000000326', '2018-08-25 12:06:07', 335, 2048, 1, 14, 300000, 'TUNAI', '0', 1),
('TR-000000000327', '2018-08-25 12:06:24', 325, 2048, 1, 14, 26000, 'TUNAI', '0', 1),
('TR-000000000328', '2018-08-25 12:06:38', 394, 2057, 1, 15, 68000, 'TUNAI', '0', 1),
('TR-000000000329', '2018-08-25 12:07:24', 282, 2053, 1, 14, 1275000, 'TUNAI', '0', 1),
('TR-000000000330', '2018-08-25 12:09:05', 237, 2042, 1, 14, 283000, 'TUNAI', '0', 1),
('TR-000000000331', '2018-08-25 12:09:23', 245, 2042, 1, 14, 78000, 'TUNAI', '0', 1),
('TR-000000000332', '2018-08-25 12:09:41', 236, 2042, 1, 14, 8000, 'TUNAI', '0', 1),
('TR-000000000333', '2018-08-25 12:09:56', 233, 2042, 1, 14, 28000, 'TUNAI', '0', 1),
('TR-000000000334', '2018-08-25 12:10:13', 259, 2063, 1, 14, 500000, 'TUNAI', '0', 1),
('TR-000000000335', '2018-08-25 12:10:31', 258, 2063, 1, 14, 600000, 'TUNAI', '0', 1),
('TR-000000000336', '2018-08-25 12:10:54', 380, 2057, 1, 15, 43000, 'TUNAI', '0', 1),
('TR-000000000337', '2018-08-25 12:11:14', 376, 2057, 1, 15, 33000, 'TUNAI', '0', 1),
('TR-000000000338', '2018-08-25 12:11:28', 387, 2057, 1, 15, 1300000, 'TUNAI', '0', 1),
('TR-000000000339', '2018-08-25 12:11:42', 347, 2049, 1, 14, 500000, 'TUNAI', '0', 1),
('TR-000000000340', '2018-08-25 12:11:55', 355, 2049, 1, 14, 90000, 'TUNAI', '0', 1),
('TR-000000000341', '2018-08-25 12:12:12', 357, 2049, 1, 14, 1275000, 'TUNAI', '0', 1),
('TR-000000000342', '2018-08-25 12:12:53', 385, 2057, 1, 15, 1300000, 'TUNAI', '0', 1),
('TR-000000000343', '2018-08-25 12:13:11', 360, 2049, 1, 14, 1000000, 'TUNAI', '0', 1),
('TR-000000000344', '2018-08-25 12:16:02', 315, 2047, 1, 14, 1275000, 'TUNAI', '0', 1),
('TR-000000000345', '2018-08-25 12:16:17', 324, 2048, 1, 14, 243000, 'TUNAI', '0', 1),
('TR-000000000346', '2018-08-25 12:16:32', 291, 2053, 1, 14, 1275000, 'TUNAI', '0', 1),
('TR-000000000347', '2018-08-25 12:16:47', 338, 2048, 1, 14, 436000, 'TUNAI', '0', 1),
('TR-000000000348', '2018-08-25 12:17:01', 339, 2048, 1, 14, 500000, 'TUNAI', '0', 2),
('TR-000000000349', '2018-08-25 12:17:16', 231, 2042, 1, 14, 1275000, 'TUNAI', '0', 1),
('TR-000000000350', '2018-08-25 12:17:46', 279, 2053, 1, 14, 1275000, 'TUNAI', '0', 1),
('TR-000000000351', '2018-08-25 12:17:59', 241, 2042, 1, 14, 513000, 'TUNAI', '0', 1),
('TR-000000000354', '2018-08-25 12:18:43', 232, 2042, 1, 14, 50000, 'TUNAI', '0', 1),
('TR-000000000355', '2018-08-25 12:18:58', 228, 2042, 1, 14, 1228000, 'TUNAI', '0', 1),
('TR-000000000356', '2018-08-25 12:19:13', 234, 2042, 1, 14, 293000, 'TUNAI', '0', 1),
('TR-000000000357', '2018-08-25 12:19:26', 346, 2049, 1, 14, 393000, 'TUNAI', '0', 1),
('TR-000000000358', '2018-08-25 12:19:39', 356, 2049, 1, 14, 1275000, 'TUNAI', '0', 1),
('TR-000000000359', '2018-08-25 12:19:53', 350, 2049, 1, 14, 500000, 'TUNAI', '0', 1),
('TR-000000000360', '2018-08-25 12:20:24', 355, 2049, 1, 14, 1185000, 'TUNAI', '0', 2),
('TR-000000000361', '2018-08-25 12:20:55', 223, 2042, 1, 14, 850000, 'TUNAI', '0', 2),
('TR-000000000362', '2018-08-25 12:21:12', 235, 2042, 1, 14, 743000, 'TUNAI', '0', 1),
('TR-000000000363', '2018-08-25 12:21:28', 247, 2042, 1, 14, 743000, 'TUNAI', '0', 1),
('TR-000000000364', '2018-08-25 12:21:48', 280, 2053, 1, 14, 1000000, 'TUNAI', '0', 1),
('TR-000000000365', '2018-08-25 12:22:04', 289, 2053, 1, 14, 1275000, 'TUNAI', '0', 1),
('TR-000000000366', '2018-08-25 12:22:24', 368, 2049, 1, 14, 1000000, 'TUNAI', '0', 1),
('TR-000000000367', '2018-08-25 12:23:33', 272, 2053, 1, 14, 1047000, 'TUNAI', '0', 1),
('TR-000000000368', '2018-08-25 12:24:02', 221, 2042, 1, 14, 428000, 'TUNAI', '0', 1),
('TR-000000000369', '2018-08-25 12:24:23', 273, 2053, 1, 14, 1257000, 'TUNAI', '0', 1),
('TR-000000000370', '2018-08-25 12:27:57', 290, 2053, 1, 14, 1275000, 'TUNAI', '0', 1),
('TR-000000000371', '2018-08-25 12:28:12', 317, 2047, 1, 14, 700000, 'TUNAI', '0', 1),
('TR-000000000372', '2018-08-25 12:28:24', 304, 2047, 1, 14, 1250000, 'TUNAI', '0', 1),
('TR-000000000373', '2018-08-25 12:28:37', 300, 2047, 1, 14, 1250000, 'TUNAI', '0', 1),
('TR-000000000374', '2018-08-25 12:30:52', 261, 2063, 1, 14, 825000, 'TUNAI', '0', 1),
('TR-000000000375', '2018-08-25 12:31:07', 250, 2063, 1, 14, 1275000, 'TUNAI', '0', 1),
('TR-000000000376', '2018-08-25 12:31:24', 257, 2063, 1, 14, 1275000, 'TUNAI', '0', 1),
('TR-000000000377', '2018-08-25 12:31:52', 252, 2063, 1, 14, 600000, 'TUNAI', '0', 1),
('TR-000000000378', '2018-08-25 12:32:04', 255, 2063, 1, 14, 600000, 'TUNAI', '0', 1),
('TR-000000000379', '2018-08-25 12:32:20', 276, 2053, 1, 14, 725000, 'TUNAI', '0', 1),
('TR-000000000380', '2018-08-25 12:32:35', 285, 2053, 1, 14, 500000, 'TUNAI', '0', 1),
('TR-000000000381', '2018-08-25 12:32:49', 242, 2042, 1, 14, 893000, 'TUNAI', '0', 1),
('TR-000000000382', '2018-08-25 12:39:04', 220, 2042, 1, 14, 1203000, 'TUNAI', '0', 1),
('TR-000000000383', '2018-08-25 12:39:38', 288, 2053, 1, 14, 1275000, 'TUNAI', '0', 1),
('TR-000000000384', '2018-08-25 12:39:57', 256, 2063, 1, 14, 710000, 'TUNAI', '0', 1),
('TR-000000000385', '2018-08-25 12:42:57', 248, 2063, 1, 14, 500000, 'TUNAI', '0', 1),
('TR-000000000386', '2018-08-25 12:43:10', 264, 2063, 1, 14, 500000, 'TUNAI', '0', 1),
('TR-000000000387', '2018-08-25 12:43:30', 266, 2063, 1, 14, 600000, 'TUNAI', '0', 1),
('TR-000000000388', '2018-08-25 12:43:44', 258, 2063, 1, 14, 675000, 'TUNAI', '0', 2),
('TR-000000000389', '2018-08-25 12:43:56', 253, 2063, 1, 14, 1000000, 'TUNAI', '0', 1),
('TR-000000000390', '2018-08-25 12:44:09', 262, 2063, 1, 14, 1275000, 'TUNAI', '0', 1),
('TR-000000000391', '2018-08-25 12:44:21', 362, 2049, 1, 14, 1257000, 'TUNAI', '0', 1),
('TR-000000000392', '2018-08-25 12:44:45', 229, 2042, 1, 14, 100000, 'TUNAI', '0', 1),
('TR-000000000393', '2018-08-25 12:44:58', 245, 2042, 1, 14, 725000, 'TUNAI', '0', 2),
('TR-000000000394', '2018-08-25 12:45:10', 274, 2053, 1, 14, 121000, 'TUNAI', '0', 1),
('TR-000000000395', '2018-08-25 12:45:24', 287, 2053, 1, 14, 1275000, 'TUNAI', '0', 1),
('TR-000000000396', '2018-08-25 12:45:41', 329, 2048, 1, 14, 1000000, 'TUNAI', '0', 1),
('TR-000000000397', '2018-08-25 12:45:56', 353, 2049, 1, 14, 200000, 'TUNAI', '0', 1),
('TR-000000000398', '2018-08-25 13:10:05', 318, 2047, 1, 14, 400000, 'TUNAI', '0', 1),
('TR-000000000399', '2018-08-25 13:10:20', 364, 2049, 1, 14, 500000, 'TUNAI', '0', 1),
('TR-000000000400', '2018-08-25 13:10:33', 363, 2049, 1, 14, 500000, 'TUNAI', '0', 1),
('TR-000000000401', '2018-08-25 13:10:48', 349, 2049, 1, 14, 300000, 'TUNAI', '0', 1),
('TR-000000000402', '2018-08-25 13:11:03', 370, 2049, 1, 14, 220000, 'TUNAI', '0', 1),
('TR-000000000403', '2018-08-25 13:27:39', 348, 2049, 1, 14, 450000, 'TUNAI', '0', 1),
('TR-000000000404', '2018-08-25 13:33:27', 351, 2049, 1, 14, 215000, 'TUNAI', '0', 1),
('TR-000000000405', '2018-08-25 13:33:55', 326, 2048, 1, 14, 500000, 'TUNAI', '0', 1),
('TR-000000000406', '2018-08-25 13:34:10', 326, 2048, 1, 14, 725000, 'TUNAI', '0', 2),
('TR-000000000407', '2018-08-25 13:34:30', 300, 2047, 1, 14, 25000, 'TUNAI', '0', 2),
('TR-000000000408', '2018-08-25 13:34:44', 324, 2048, 1, 14, 500000, 'TUNAI', '0', 2),
('TR-000000000409', '2018-08-25 13:35:00', 344, 2048, 1, 14, 428000, 'TUNAI', '0', 1),
('TR-000000000410', '2018-08-25 13:35:18', 274, 2053, 1, 14, 400000, 'TUNAI', '0', 2),
('TR-000000000411', '2018-08-25 13:35:30', 311, 2047, 1, 14, 218000, 'TUNAI', '0', 1),
('TR-000000000412', '2018-08-25 13:35:45', 313, 2047, 1, 14, 600000, 'TUNAI', '0', 1),
('TR-000000000413', '2018-08-25 13:35:59', 316, 2047, 1, 14, 500000, 'TUNAI', '0', 1),
('TR-000000000414', '2018-08-25 13:36:15', 345, 2048, 1, 14, 401000, 'TUNAI', '0', 1),
('TR-000000000415', '2018-08-25 13:36:28', 332, 2048, 1, 14, 100000, 'TUNAI', '0', 1),
('TR-000000000416', '2018-08-25 13:36:40', 343, 2048, 1, 14, 676000, 'TUNAI', '0', 1),
('TR-000000000417', '2018-08-25 13:36:53', 319, 2047, 1, 14, 233000, 'TUNAI', '0', 1),
('TR-000000000418', '2018-08-25 13:37:13', 239, 2042, 1, 14, 1203000, 'TUNAI', '0', 1),
('TR-000000000419', '2018-08-25 13:37:27', 322, 2048, 1, 14, 300000, 'TUNAI', '0', 1),
('TR-000000000420', '2018-08-25 13:37:43', 263, 2063, 1, 14, 490000, 'TUNAI', '0', 1),
('TR-000000000421', '2018-08-25 13:37:56', 269, 2063, 1, 14, 500000, 'TUNAI', '0', 1),
('TR-000000000422', '2018-08-25 13:38:11', 233, 2042, 1, 14, 1000000, 'TUNAI', '0', 2),
('TR-000000000423', '2018-08-25 13:40:35', 223, 2042, 1, 14, 390000, 'TUNAI', '0', 2),
('TR-000000000424', '2018-08-25 13:40:54', 366, 2049, 1, 14, 1200000, 'TUNAI', '0', 1),
('TR-000000000425', '2018-08-25 13:41:14', 316, 2047, 1, 14, 200000, 'TUNAI', '0', 2),
('TR-000000000426', '2018-08-25 13:41:31', 320, 2047, 1, 14, 500000, 'TUNAI', '0', 1),
('TR-000000000427', '2018-08-25 13:41:44', 304, 2047, 1, 14, 25000, 'TUNAI', '0', 2),
('TR-000000000428', '2018-08-25 13:42:23', 311, 2047, 1, 14, 60000, 'TUNAI', '0', 2),
('TR-000000000429', '2018-08-25 13:42:50', 268, 2063, 1, 14, 539000, 'TUNAI', '0', 1),
('TR-000000000430', '2018-08-25 13:43:08', 252, 2063, 1, 14, 200000, 'TUNAI', '0', 2),
('TR-000000000431', '2018-08-25 13:43:21', 303, 2047, 1, 14, 743000, 'TUNAI', '0', 1),
('TR-000000000432', '2018-08-25 13:43:54', 318, 2047, 1, 14, 200000, 'TUNAI', '0', 2),
('TR-000000000433', '2018-08-25 13:44:42', 395, 2057, 1, 15, 1300000, 'TUNAI', '0', 1),
('TR-000000000434', '2018-08-25 13:44:58', 414, 2058, 1, 15, 550000, 'TUNAI', '0', 1),
('TR-000000000435', '2018-08-25 13:45:20', 416, 2058, 1, 15, 700000, 'TUNAI', '0', 2),
('TR-000000000436', '2018-08-25 13:45:34', 389, 2057, 1, 15, 1300000, 'TUNAI', '0', 1),
('TR-000000000437', '2018-08-25 13:45:46', 421, 2058, 1, 15, 700000, 'TUNAI', '0', 1),
('TR-000000000438', '2018-08-25 13:45:58', 406, 2058, 1, 15, 550000, 'TUNAI', '0', 1),
('TR-000000000439', '2018-08-25 13:46:10', 407, 2058, 1, 15, 1132000, 'TUNAI', '0', 1),
('TR-000000000440', '2018-08-25 13:46:24', 433, 2059, 1, 15, 550000, 'TUNAI', '0', 1),
('TR-000000000441', '2018-08-25 13:46:38', 441, 2059, 1, 15, 500000, 'TUNAI', '0', 1),
('TR-000000000442', '2018-08-25 13:46:51', 431, 2059, 1, 15, 700000, 'TUNAI', '0', 1),
('TR-000000000443', '2018-08-25 13:47:43', 428, 2059, 1, 15, 200000, 'TUNAI', '0', 1),
('TR-000000000444', '2018-08-25 13:47:54', 414, 2058, 1, 15, 750000, 'TUNAI', '0', 2),
('TR-000000000445', '2018-08-25 13:48:07', 425, 2059, 1, 15, 600000, 'TUNAI', '0', 1),
('TR-000000000446', '2018-08-25 13:48:19', 398, 2058, 1, 15, 500000, 'TUNAI', '0', 1),
('TR-000000000447', '2018-08-25 13:48:30', 402, 2058, 1, 15, 752000, 'TUNAI', '0', 2),
('TR-000000000448', '2018-08-25 13:49:15', 412, 2058, 1, 15, 300000, 'TUNAI', '0', 1),
('TR-000000000449', '2018-08-25 13:49:32', 392, 2057, 1, 15, 500000, 'TUNAI', '0', 1),
('TR-000000000450', '2018-08-25 13:49:55', 423, 2058, 1, 15, 296000, 'TUNAI', '0', 1),
('TR-000000000451', '2018-08-25 13:50:32', 447, 2059, 1, 15, 500000, 'TUNAI', '0', 1),
('TR-000000000452', '2018-08-25 13:50:46', 426, 2059, 1, 15, 500000, 'TUNAI', '0', 1),
('TR-000000000453', '2018-08-25 13:51:06', 379, 2057, 1, 15, 1300000, 'TUNAI', '0', 1),
('TR-000000000454', '2018-08-25 13:51:18', 422, 2058, 1, 15, 500000, 'TUNAI', '0', 1),
('TR-000000000455', '2018-08-25 13:51:32', 403, 2058, 1, 15, 500000, 'TUNAI', '0', 1),
('TR-000000000456', '2018-08-25 13:51:49', 373, 2057, 1, 15, 500000, 'TUNAI', '0', 1),
('TR-000000000457', '2018-08-25 13:54:07', 268, 2063, 1, 14, 150000, 'TUNAI', '0', 2),
('TR-000000000458', '2018-08-25 13:54:54', 264, 2063, 1, 14, 775000, 'TUNAI', '0', 2),
('TR-000000000459', '2018-08-25 13:55:41', 229, 2042, 1, 14, 500000, 'TUNAI', '0', 2),
('TR-000000000460', '2018-08-25 13:55:56', 232, 2042, 1, 14, 300000, 'TUNAI', '0', 2),
('TR-000000000461', '2018-08-25 13:56:22', 269, 2063, 1, 14, 600000, 'TUNAI', '0', 2),
('TR-000000000462', '2018-08-25 13:56:36', 270, 2063, 1, 14, 200000, 'TUNAI', '0', 1),
('TR-000000000463', '2018-08-25 13:56:49', 352, 2049, 1, 14, 275000, 'TUNAI', '0', 1),
('TR-000000000464', '2018-08-25 13:57:02', 363, 2049, 1, 14, 350000, 'TUNAI', '0', 2),
('TR-000000000465', '2018-08-25 13:57:16', 354, 2049, 1, 14, 90000, 'TUNAI', '0', 1),
('TR-000000000466', '2018-08-25 13:57:36', 329, 2048, 1, 14, 275000, 'TUNAI', '0', 2),
('TR-000000000467', '2018-08-25 13:57:51', 326, 2048, 1, 14, 50000, 'TUNAI', '0', 3),
('TR-000000000468', '2018-08-25 13:58:28', 284, 2053, 1, 14, 1275000, 'TUNAI', '0', 1),
('TR-000000000469', '2018-08-25 13:58:43', 267, 2063, 1, 14, 250000, 'TUNAI', '0', 1),
('TR-000000000470', '2018-08-25 13:58:56', 248, 2063, 1, 14, 350000, 'TUNAI', '0', 2),
('TR-000000000471', '2018-08-25 13:59:16', 348, 2049, 1, 14, 625000, 'TUNAI', '0', 2),
('TR-000000000472', '2018-08-25 13:59:51', 431, 2059, 1, 15, 425000, 'TUNAI', '0', 2),
('TR-000000000473', '2018-08-25 14:00:04', 433, 2059, 1, 15, 500000, 'TUNAI', '0', 2),
('TR-000000000474', '2018-08-25 14:00:17', 444, 2059, 1, 15, 325000, 'TUNAI', '0', 1),
('TR-000000000475', '2018-08-25 14:02:20', 442, 2059, 1, 15, 525000, 'TUNAI', '0', 1),
('TR-000000000476', '2018-08-25 14:02:33', 426, 2059, 1, 15, 500000, 'TUNAI', '0', 2),
('TR-000000000477', '2018-08-25 14:02:48', 424, 2059, 1, 15, 480000, 'TUNAI', '0', 1),
('TR-000000000478', '2018-08-26 12:04:34', 456, 2043, 1, 9, 8000, 'TUNAI', '0', 1),
('TR-000000000479', '2018-08-26 12:04:59', 490, 2044, 1, 9, 150000, 'TUNAI', '0', 1),
('TR-000000000480', '2018-08-26 12:05:52', 407, 2058, 1, 8, 168000, 'TUNAI', '0', 1),
('TR-000000000481', '2018-08-26 12:06:13', 355, 2049, 1, 9, 90000, 'TUNAI', '0', 1),
('TR-000000000482', '2018-08-26 12:07:25', 261, 2063, 1, 9, 150000, 'TUNAI', '0', 1),
('TR-000000000483', '2018-08-26 12:07:46', 261, 2063, 1, 11, 150000, 'TUNAI', '0', 1),
('TR-000000000484', '2018-08-26 12:08:01', 261, 2063, 1, 18, 150000, 'TUNAI', '0', 1),
('TR-000000000485', '2018-08-26 12:09:26', 315, 2047, 1, 9, 150000, 'TUNAI', '0', 1),
('TR-000000000486', '2018-08-26 12:26:18', 273, 2053, 1, 9, 150000, 'TUNAI', '0', 1),
('TR-000000000487', '2018-08-26 12:26:39', 269, 2063, 1, 9, 150000, 'TUNAI', '0', 1),
('TR-000000000488', '2018-08-26 12:27:12', 270, 2063, 1, 9, 150000, 'TUNAI', '0', 1),
('TR-000000000489', '2018-08-26 12:27:30', 256, 2063, 1, 9, 150000, 'TUNAI', '0', 1),
('TR-000000000490', '2018-08-26 12:27:45', 276, 2053, 1, 9, 150000, 'TUNAI', '0', 1),
('TR-000000000491', '2018-08-26 12:28:24', 363, 2049, 1, 9, 150000, 'TUNAI', '0', 1),
('TR-000000000492', '2018-08-26 12:28:41', 360, 2049, 1, 9, 150000, 'TUNAI', '0', 1),
('TR-000000000493', '2018-08-26 12:28:55', 329, 2048, 1, 9, 150000, 'TUNAI', '0', 1),
('TR-000000000494', '2018-08-26 12:29:12', 326, 2048, 1, 9, 100000, 'TUNAI', '0', 1),
('TR-000000000495', '2018-08-26 12:29:26', 300, 2047, 1, 9, 150000, 'TUNAI', '0', 1),
('TR-000000000496', '2018-08-26 12:29:40', 300, 2047, 1, 11, 150000, 'TUNAI', '0', 1),
('TR-000000000497', '2018-08-26 12:30:24', 355, 2049, 1, 9, 60000, 'TUNAI', '0', 2),
('TR-000000000498', '2018-08-26 12:30:41', 355, 2049, 1, 11, 90000, 'TUNAI', '0', 1),
('TR-000000000499', '2018-08-26 12:31:39', 368, 2049, 1, 9, 150000, 'TUNAI', '0', 1),
('TR-000000000500', '2018-08-26 12:33:18', 289, 2053, 1, 9, 150000, 'TUNAI', '0', 1),
('TR-000000000501', '2018-08-26 12:33:34', 267, 2063, 1, 9, 150000, 'TUNAI', '0', 1),
('TR-000000000502', '2018-08-26 12:33:57', 257, 2063, 1, 9, 150000, 'TUNAI', '0', 1),
('TR-000000000503', '2018-08-26 12:34:19', 248, 2063, 1, 9, 150000, 'TUNAI', '0', 1),
('TR-000000000504', '2018-08-26 12:35:05', 431, 2059, 1, 8, 175000, 'TUNAI', '0', 1),
('TR-000000000505', '2018-08-26 12:37:12', 410, 2058, 1, 8, 175000, 'TUNAI', '0', 1),
('TR-000000000506', '2018-08-26 12:37:33', 444, 2059, 1, 8, 175000, 'TUNAI', '0', 1),
('TR-000000000507', '2018-08-26 12:37:47', 438, 2059, 1, 8, 175000, 'TUNAI', '0', 1),
('TR-000000000508', '2018-08-26 12:38:22', 438, 2059, 1, 10, 25000, 'TUNAI', '0', 1),
('TR-000000000509', '2018-08-26 12:40:17', 392, 2057, 1, 8, 175000, 'TUNAI', '0', 1),
('TR-000000000510', '2018-08-26 12:40:34', 385, 2057, 1, 8, 175000, 'TUNAI', '0', 1),
('TR-000000000511', '2018-08-26 12:40:49', 425, 2059, 1, 8, 175000, 'TUNAI', '0', 1),
('TR-000000000512', '2018-08-26 12:41:11', 442, 2059, 1, 8, 175000, 'TUNAI', '0', 1),
('TR-000000000513', '2018-08-26 12:41:27', 426, 2059, 1, 8, 175000, 'TUNAI', '0', 1),
('TR-000000000514', '2018-08-26 12:48:55', 507, 2064, 1, 9, 150000, 'TUNAI', '0', 1),
('TR-000000000515', '2018-08-26 12:49:08', 611, 2051, 1, 9, 150000, 'TUNAI', '0', 1),
('TR-000000000516', '2018-08-26 12:51:54', 502, 2044, 1, 9, 131000, 'TUNAI', '0', 1),
('TR-000000000517', '2018-08-26 12:52:11', 502, 2044, 1, 9, 19000, 'TUNAI', '0', 2),
('TR-000000000518', '2018-08-26 12:52:27', 502, 2044, 1, 11, 131000, 'TUNAI', '0', 1),
('TR-000000000519', '2018-08-28 13:14:02', 468, 2043, 1, 9, 44000, 'TUNAI', '0', 1),
('TR-000000000520', '2018-08-28 13:14:19', 468, 2043, 1, 9, 106000, 'TUNAI', '0', 2),
('TR-000000000521', '2018-08-28 13:14:33', 468, 2043, 1, 11, 150000, 'TUNAI', '0', 1),
('TR-000000000522', '2018-08-28 13:14:44', 468, 2043, 1, 18, 150000, 'TUNAI', '0', 1),
('TR-000000000523', '2018-08-28 13:14:57', 468, 2043, 1, 20, 119000, 'TUNAI', '0', 1),
('TR-000000000524', '2018-08-28 13:16:06', 542, 2054, 1, 9, 150000, 'TUNAI', '0', 1),
('TR-000000000525', '2018-08-28 13:16:37', 617, 2051, 1, 9, 150000, 'TUNAI', '0', 1),
('TR-000000000526', '2018-08-28 13:16:52', 475, 2044, 1, 9, 150000, 'TUNAI', '0', 1),
('TR-000000000527', '2018-08-28 13:17:10', 602, 2051, 1, 9, 150000, 'TUNAI', '0', 1),
('TR-000000000528', '2018-08-28 13:17:27', 472, 2043, 1, 9, 150000, 'TUNAI', '0', 1),
('TR-000000000529', '2018-08-28 13:17:43', 569, 2050, 1, 9, 150000, 'TUNAI', '0', 1),
('TR-000000000530', '2018-08-28 13:40:18', 507, 2064, 1, 11, 150000, 'TUNAI', '0', 1),
('TR-000000000531', '2018-08-28 13:40:42', 488, 2044, 1, 9, 150000, 'TUNAI', '0', 1),
('TR-000000000532', '2018-08-28 13:40:57', 540, 2054, 1, 9, 150000, 'TUNAI', '0', 1),
('TR-000000000533', '2018-08-28 13:41:09', 597, 2051, 1, 9, 150000, 'TUNAI', '0', 1),
('TR-000000000534', '2018-08-28 13:41:56', 608, 2051, 1, 9, 150000, 'TUNAI', '0', 1),
('TR-000000000535', '2018-08-28 13:42:15', 456, 2043, 1, 9, 142000, 'TUNAI', '0', 2),
('TR-000000000536', '2018-08-28 13:42:29', 568, 2050, 1, 9, 150000, 'TUNAI', '0', 1),
('TR-000000000537', '2018-08-28 13:42:45', 580, 2050, 1, 9, 150000, 'TUNAI', '0', 1),
('TR-000000000538', '2018-08-28 13:42:56', 519, 2064, 1, 9, 150000, 'TUNAI', '0', 1),
('TR-000000000539', '2018-08-28 13:43:08', 543, 2054, 1, 9, 150000, 'TUNAI', '0', 1),
('TR-000000000540', '2018-08-28 13:43:21', 552, 2054, 1, 9, 150000, 'TUNAI', '0', 1),
('TR-000000000541', '2018-08-28 13:44:01', 642, 2061, 1, 8, 175000, 'TUNAI', '0', 1),
('TR-000000000542', '2018-08-28 13:44:15', 624, 2060, 1, 8, 175000, 'TUNAI', '0', 1),
('TR-000000000543', '2018-08-28 13:44:33', 624, 2060, 1, 10, 175000, 'TUNAI', '0', 1),
('TR-000000000544', '2018-08-28 13:48:19', 253, 2063, 1, 9, 150000, 'TUNAI', '0', 1),
('TR-000000000545', '2018-08-28 13:49:06', 253, 2063, 1, 14, 275000, 'TUNAI', '0', 2),
('TR-000000000546', '2018-08-28 13:49:24', 259, 2063, 1, 9, 150000, 'TUNAI', '0', 1),
('TR-000000000547', '2018-08-28 13:49:45', 268, 2063, 1, 14, 250000, 'TUNAI', '0', 3),
('TR-000000000548', '2018-08-28 13:50:07', 268, 2063, 1, 9, 150000, 'TUNAI', '0', 1),
('TR-000000000549', '2018-08-28 14:04:43', 258, 2063, 1, 9, 150000, 'TUNAI', '0', 1),
('TR-000000000550', '2018-08-28 14:05:42', 260, 2063, 1, 14, 300000, 'TUNAI', '0', 1),
('TR-000000000551', '2018-08-28 14:05:53', 260, 2063, 1, 9, 150000, 'TUNAI', '0', 1),
('TR-000000000552', '2018-08-28 14:36:18', 380, 2057, 1, 15, 175000, 'TUNAI', '0', 2),
('TR-000000000553', '2018-08-28 14:36:31', 380, 2057, 1, 8, 175000, 'TUNAI', '0', 1),
('TR-000000000554', '2018-08-28 14:44:04', 554, 2050, 1, 16, 7000, 'TUNAI', '0', 3),
('TR-000000000555', '2018-08-28 14:44:30', 624, 2060, 1, 17, 200000, 'TUNAI', '0', 2),
('TR-000000000556', '2018-08-28 14:45:11', 540, 2054, 1, 16, 150000, 'TUNAI', '0', 1),
('TR-000000000557', '2018-08-28 15:13:27', 568, 2050, 1, 16, 150000, 'TUNAI', '0', 1),
('TR-000000000558', '2018-08-28 15:13:47', 558, 2050, 1, 16, 150000, 'TUNAI', '0', 2),
('TR-000000000559', '2018-08-29 14:49:16', 509, 2064, 1, 9, 150000, 'TUNAI', '0', 1),
('TR-000000000560', '2018-08-29 14:49:49', 558, 2050, 1, 9, 150000, 'TUNAI', '0', 1),
('TR-000000000562', '2018-08-29 15:45:38', 84, 2040, 1, 9, 150000, 'TUNAI', '0', 1),
('TR-000000000563', '2018-08-29 15:47:11', 84, 2040, 1, 12, 350000, 'TUNAI', '0', 2),
('TR-000000000564', '2018-08-29 15:47:30', 160, 2052, 1, 12, 1265000, 'TUNAI', '0', 2),
('TR-000000000565', '2018-08-29 15:47:43', 160, 2052, 1, 9, 150000, 'TUNAI', '0', 1),
('TR-000000000566', '2018-08-29 15:48:04', 167, 2045, 1, 12, 815000, 'TUNAI', '0', 2),
('TR-000000000567', '2018-08-29 15:48:20', 167, 2045, 1, 9, 150000, 'TUNAI', '0', 1),
('TR-000000000568', '2018-08-29 15:48:34', 167, 2045, 1, 11, 150000, 'TUNAI', '0', 1),
('TR-000000000569', '2018-08-29 15:49:02', 131, 2062, 1, 12, 495000, 'TUNAI', '0', 2),
('TR-000000000570', '2018-08-29 15:49:16', 131, 2062, 1, 9, 150000, 'TUNAI', '0', 1),
('TR-000000000571', '2018-08-29 15:49:35', 106, 2041, 1, 12, 350000, 'TUNAI', '0', 2),
('TR-000000000572', '2018-08-29 15:49:47', 106, 2041, 1, 9, 150000, 'TUNAI', '0', 1),
('TR-000000000573', '2018-08-29 15:50:19', 105, 2041, 1, 12, 495000, 'TUNAI', '0', 2),
('TR-000000000574', '2018-08-29 15:50:45', 105, 2041, 1, 9, 150000, 'TUNAI', '0', 1),
('TR-000000000575', '2018-08-29 15:51:10', 210, 2046, 1, 12, 495000, 'TUNAI', '0', 2),
('TR-000000000576', '2018-08-29 15:51:19', 210, 2046, 1, 9, 150000, 'TUNAI', '0', 1),
('TR-000000000577', '2018-08-29 15:51:42', 75, 2040, 1, 12, 250000, 'TUNAI', '0', 2),
('TR-000000000578', '2018-08-30 14:01:13', 75, 2040, 1, 9, 150000, 'TUNAI', '0', 1),
('TR-000000000579', '2018-08-30 14:04:12', 85, 2040, 1, 12, 1050000, 'TUNAI', '0', 2),
('TR-000000000580', '2018-08-30 14:04:29', 85, 2040, 1, 9, 150000, 'TUNAI', '0', 1),
('TR-000000000581', '2018-08-30 14:04:48', 80, 2040, 1, 12, 1265000, 'TUNAI', '0', 2),
('TR-000000000582', '2018-08-30 14:04:59', 80, 2040, 1, 9, 150000, 'TUNAI', '0', 1),
('TR-000000000583', '2018-08-30 14:06:03', 83, 2040, 1, 12, 1265000, 'TUNAI', '0', 2),
('TR-000000000584', '2018-08-30 14:06:16', 83, 2040, 1, 9, 150000, 'TUNAI', '0', 1),
('TR-000000000585', '2018-08-30 14:06:53', 88, 2040, 1, 12, 850000, 'TUNAI', '0', 2),
('TR-000000000586', '2018-08-30 14:07:23', 161, 2052, 1, 12, 1265000, 'TUNAI', '0', 2),
('TR-000000000587', '2018-08-30 14:07:40', 181, 2045, 1, 12, 1265000, 'TUNAI', '0', 2),
('TR-000000000588', '2018-08-30 14:07:58', 118, 2062, 1, 12, 490000, 'TUNAI', '0', 2),
('TR-000000000589', '2018-08-30 14:08:17', 95, 2041, 1, 12, 150000, 'TUNAI', '0', 2),
('TR-000000000590', '2018-08-30 14:08:30', 121, 2062, 1, 12, 1265000, 'TUNAI', '0', 2),
('TR-000000000591', '2018-09-01 13:28:03', 122, 2062, 1, 12, 1265000, 'TUNAI', '0', 2),
('TR-000000000592', '2018-09-01 13:28:27', 149, 2052, 1, 12, 1265000, 'TUNAI', '0', 2),
('TR-000000000593', '2018-09-01 13:28:48', 178, 2045, 1, 12, 1265000, 'TUNAI', '0', 2);
INSERT INTO `tbl_transaksi` (`id_transaksi`, `waktu_transaksi`, `id_warga`, `id_rumah`, `id_pegawai`, `id_pembayaran`, `nominal_transaksi`, `pembayaran_melalui`, `file_foto`, `cicilan_transaksi`) VALUES
('TR-000000000594', '2018-09-01 13:29:03', 153, 2052, 1, 12, 150000, 'TUNAI', '0', 2),
('TR-000000000595', '2018-09-01 13:29:19', 102, 2041, 1, 12, 450000, 'TUNAI', '0', 2),
('TR-000000000596', '2018-09-01 13:30:47', 206, 2046, 1, 12, 150000, 'TUNAI', '0', 2),
('TR-000000000597', '2018-09-01 13:35:41', 213, 2046, 1, 12, 1115000, 'TUNAI', '0', 2),
('TR-000000000598', '2018-09-01 13:36:06', 216, 2046, 1, 12, 1115000, 'TUNAI', '0', 2),
('TR-000000000599', '2018-09-01 13:36:20', 212, 2046, 1, 12, 500000, 'TUNAI', '0', 2),
('TR-000000000600', '2018-09-01 13:36:32', 199, 2046, 1, 12, 160000, 'TUNAI', '0', 2),
('TR-000000000601', '2018-09-01 13:36:49', 142, 2052, 1, 12, 850000, 'TUNAI', '0', 2),
('TR-000000000602', '2018-09-01 13:37:06', 144, 2052, 1, 12, 850000, 'TUNAI', '0', 2),
('TR-000000000603', '2018-09-01 13:37:23', 165, 2052, 1, 12, 1000000, 'TUNAI', '0', 2),
('TR-000000000604', '2018-09-01 13:37:42', 141, 2052, 1, 12, 1265000, 'TUNAI', '0', 2),
('TR-000000000605', '2018-09-01 13:38:00', 86, 2040, 1, 12, 855000, 'TUNAI', '0', 2),
('TR-000000000606', '2018-09-01 13:38:19', 171, 2045, 1, 12, 1265000, 'TUNAI', '0', 2),
('TR-000000000607', '2018-09-01 13:38:33', 166, 2045, 1, 12, 1265000, 'TUNAI', '0', 2),
('TR-000000000608', '2018-09-01 13:40:42', 187, 2045, 1, 12, 1265000, 'TUNAI', '0', 2),
('TR-000000000609', '2018-09-01 13:41:00', 134, 2062, 1, 12, 1265000, 'TUNAI', '0', 2),
('TR-000000000610', '2018-09-01 13:41:15', 129, 2062, 1, 12, 1265000, 'TUNAI', '0', 2),
('TR-000000000611', '2018-09-01 13:41:41', 190, 2045, 1, 12, 500000, 'TUNAI', '0', 2),
('TR-000000000612', '2018-09-01 13:43:57', 81, 2040, 1, 12, 350000, 'TUNAI', '0', 2),
('TR-000000000613', '2018-09-01 13:44:12', 107, 2041, 1, 12, 495000, 'TUNAI', '0', 2),
('TR-000000000614', '2018-09-01 13:44:35', 154, 2052, 1, 12, 1265000, 'TUNAI', '0', 2),
('TR-000000000615', '2018-09-01 13:44:51', 153, 2052, 1, 12, 500000, 'TUNAI', '0', 3),
('TR-000000000616', '2018-09-01 13:45:14', 158, 2052, 1, 12, 490000, 'TUNAI', '0', 2),
('TR-000000000617', '2018-09-01 13:45:27', 218, 2046, 1, 12, 150000, 'TUNAI', '0', 2),
('TR-000000000618', '2018-09-03 09:30:03', 103, 2041, 1, 12, 350000, 'TUNAI', '0', 2),
('TR-000000000619', '2018-09-03 09:30:18', 111, 2041, 1, 12, 1265000, 'TUNAI', '0', 2),
('TR-000000000620', '2018-09-03 09:30:35', 90, 2040, 1, 12, 1265000, 'TUNAI', '0', 2),
('TR-000000000621', '2018-09-03 09:30:56', 117, 2062, 1, 12, 1265000, 'TUNAI', '0', 2),
('TR-000000000622', '2018-09-03 09:31:07', 137, 2052, 1, 12, 150000, 'TUNAI', '0', 2),
('TR-000000000623', '2018-09-03 09:31:30', 207, 2046, 1, 12, 1265000, 'TUNAI', '0', 2),
('TR-000000000624', '2018-09-03 09:31:44', 180, 2045, 1, 12, 250000, 'TUNAI', '0', 2),
('TR-000000000625', '2018-09-03 09:32:29', 100, 2062, 1, 12, 150000, 'TUNAI', '0', 1),
('TR-000000000626', '2018-09-03 09:32:42', 109, 2041, 1, 12, 150000, 'TUNAI', '0', 2),
('TR-000000000627', '2018-09-03 09:33:01', 151, 2052, 1, 12, 495000, 'TUNAI', '0', 2),
('TR-000000000628', '2018-09-03 09:33:16', 208, 2046, 1, 12, 150000, 'TUNAI', '0', 2),
('TR-000000000629', '2018-09-03 09:33:27', 209, 2046, 1, 12, 150000, 'TUNAI', '0', 2),
('TR-000000000630', '2018-09-03 09:33:45', 188, 2045, 1, 12, 490000, 'TUNAI', '0', 2),
('TR-000000000631', '2018-09-03 09:34:07', 179, 2045, 1, 12, 1265000, 'TUNAI', '0', 2),
('TR-000000000632', '2018-09-03 09:34:18', 172, 2045, 1, 12, 450000, 'TUNAI', '0', 2),
('TR-000000000633', '2018-09-03 09:34:29', 105, 2041, 1, 12, 350000, 'TUNAI', '0', 3),
('TR-000000000634', '2018-09-03 09:34:43', 136, 2052, 1, 12, 200000, 'TUNAI', '0', 2),
('TR-000000000635', '2018-09-03 09:35:06', 137, 2052, 1, 12, 340000, 'TUNAI', '0', 3),
('TR-000000000636', '2018-09-03 09:35:19', 147, 2052, 1, 12, 150000, 'TUNAI', '0', 2),
('TR-000000000637', '2018-09-03 09:35:47', 159, 2052, 1, 12, 265000, 'TUNAI', '0', 2),
('TR-000000000638', '2018-09-03 09:36:02', 75, 2040, 1, 12, 300000, 'TUNAI', '0', 3),
('TR-000000000639', '2018-09-03 09:36:28', 72, 2040, 1, 12, 350000, 'TUNAI', '0', 3),
('TR-000000000640', '2018-09-03 09:36:41', 110, 2041, 1, 12, 1050000, 'TUNAI', '0', 1),
('TR-000000000641', '2018-09-03 09:36:56', 114, 2041, 1, 12, 1265000, 'TUNAI', '0', 2),
('TR-000000000642', '2018-09-03 09:37:10', 183, 2045, 1, 12, 490000, 'TUNAI', '0', 2),
('TR-000000000643', '2018-09-03 09:38:50', 182, 2045, 1, 12, 495000, 'TUNAI', '0', 2),
('TR-000000000644', '2018-09-03 09:39:03', 123, 2062, 1, 12, 495000, 'TUNAI', '0', 2),
('TR-000000000645', '2018-09-03 09:39:13', 201, 2046, 1, 12, 150000, 'TUNAI', '0', 2),
('TR-000000000646', '2018-09-03 09:39:24', 206, 2046, 1, 12, 500000, 'TUNAI', '0', 3),
('TR-000000000647', '2018-09-03 09:39:36', 211, 2046, 1, 12, 550000, 'TUNAI', '0', 2),
('TR-000000000648', '2018-09-03 09:39:48', 196, 2046, 1, 12, 500000, 'TUNAI', '0', 2),
('TR-000000000649', '2018-09-03 09:40:45', 115, 2041, 1, 12, 150000, 'TUNAI', '0', 1),
('TR-000000000650', '2018-09-03 09:42:23', 115, 2041, 1, 12, 258000, 'TUNAI', '0', 2),
('TR-000000000651', '2018-09-03 09:42:44', 205, 2046, 1, 12, 350000, 'TUNAI', '0', 2),
('TR-000000000652', '2018-09-03 09:42:56', 204, 2046, 1, 12, 150000, 'TUNAI', '0', 2),
('TR-000000000653', '2018-09-03 10:07:41', 148, 2052, 1, 12, 350000, 'TUNAI', '0', 2),
('TR-000000000654', '2018-09-03 10:07:59', 145, 2052, 1, 12, 150000, 'TUNAI', '0', 2),
('TR-000000000655', '2018-09-03 10:08:09', 164, 2052, 1, 12, 490000, 'TUNAI', '0', 2),
('TR-000000000656', '2018-09-03 10:08:37', 176, 2045, 1, 12, 150000, 'TUNAI', '0', 2),
('TR-000000000657', '2018-09-03 10:08:52', 138, 2052, 1, 12, 150000, 'TUNAI', '0', 2),
('TR-000000000658', '2018-09-03 10:09:03', 146, 2052, 1, 12, 1265000, 'TUNAI', '0', 2),
('TR-000000000659', '2018-09-03 10:09:14', 208, 2046, 1, 12, 250000, 'TUNAI', '0', 3),
('TR-000000000660', '2018-09-03 10:09:27', 98, 2041, 1, 12, 415000, 'TUNAI', '0', 2),
('TR-000000000661', '2018-09-03 10:09:36', 101, 2041, 1, 12, 150000, 'TUNAI', '0', 2),
('TR-000000000662', '2018-09-03 10:10:04', 68, 2056, 1, 13, 175000, 'TUNAI', '0', 2),
('TR-000000000663', '2018-09-03 10:10:16', 54, 2056, 1, 13, 175000, 'TUNAI', '0', 2),
('TR-000000000664', '2018-09-03 10:10:30', 66, 2056, 1, 13, 175000, 'TUNAI', '0', 2),
('TR-000000000665', '2018-09-03 10:10:53', 71, 2056, 1, 13, 425000, 'TUNAI', '0', 2),
('TR-000000000666', '2018-09-03 10:11:07', 11, 2055, 1, 13, 660000, 'TUNAI', '0', 2),
('TR-000000000667', '2018-09-03 10:11:21', 58, 2056, 1, 13, 44500, 'TUNAI', '0', 2),
('TR-000000000668', '2018-09-03 10:11:42', 40, 2056, 1, 13, 525000, 'TUNAI', '0', 2),
('TR-000000000669', '2018-09-03 10:11:55', 49, 2056, 1, 13, 1175000, 'TUNAI', '0', 2),
('TR-000000000670', '2018-09-03 10:12:18', 65, 2056, 1, 13, 1000000, 'TUNAI', '0', 2),
('TR-000000000671', '2018-09-03 10:12:40', 69, 2056, 1, 13, 1430000, 'TUNAI', '0', 2),
('TR-000000000672', '2018-09-03 10:12:56', 22, 2055, 1, 13, 1430000, 'TUNAI', '0', 2),
('TR-000000000673', '2018-09-03 10:13:13', 29, 2055, 1, 13, 720000, 'TUNAI', '0', 2),
('TR-000000000674', '2018-09-03 10:13:26', 21, 2055, 1, 13, 715000, 'TUNAI', '0', 2),
('TR-000000000675', '2018-09-03 10:13:38', 54, 2056, 1, 13, 1255000, 'TUNAI', '0', 3),
('TR-000000000676', '2018-09-03 10:13:52', 48, 2056, 1, 13, 500000, 'TUNAI', '0', 2),
('TR-000000000677', '2018-09-03 10:14:04', 70, 2056, 1, 13, 675000, 'TUNAI', '0', 2),
('TR-000000000678', '2018-09-03 10:14:16', 12, 2055, 1, 13, 1430000, 'TUNAI', '0', 2),
('TR-000000000679', '2018-09-03 10:17:16', 10, 2055, 1, 13, 675000, 'TUNAI', '0', 2),
('TR-000000000680', '2018-09-03 10:17:29', 41, 2056, 1, 13, 525000, 'TUNAI', '0', 2),
('TR-000000000681', '2018-09-03 10:17:43', 67, 2056, 1, 13, 175000, 'TUNAI', '0', 2),
('TR-000000000682', '2018-09-03 10:17:58', 44, 2056, 1, 13, 640000, 'TUNAI', '0', 2),
('TR-000000000683', '2018-09-03 10:18:12', 45, 2056, 1, 13, 625000, 'TUNAI', '0', 2),
('TR-000000000684', '2018-09-03 10:18:25', 18, 2055, 1, 13, 825000, 'TUNAI', '0', 2),
('TR-000000000685', '2018-09-03 10:18:39', 17, 2055, 1, 13, 660000, 'TUNAI', '0', 2),
('TR-000000000686', '2018-09-03 10:19:03', 6, 2055, 1, 13, 825000, 'TUNAI', '0', 2),
('TR-000000000687', '2018-09-03 10:19:15', 35, 2055, 1, 13, 725000, 'TUNAI', '0', 2),
('TR-000000000688', '2018-09-03 10:38:16', 55, 2056, 1, 13, 175000, 'TUNAI', '0', 2),
('TR-000000000689', '2018-09-03 10:38:30', 57, 2056, 1, 13, 1430000, 'TUNAI', '0', 1),
('TR-000000000690', '2018-09-03 10:38:42', 21, 2055, 1, 13, 425000, 'TUNAI', '0', 3),
('TR-000000000691', '2018-09-03 10:38:58', 53, 2056, 1, 13, 825000, 'TUNAI', '0', 2),
('TR-000000000692', '2018-09-03 10:39:12', 23, 2055, 1, 13, 700000, 'TUNAI', '0', 2),
('TR-000000000693', '2018-09-03 10:39:33', 27, 2055, 1, 13, 825000, 'TUNAI', '0', 2),
('TR-000000000694', '2018-09-03 10:40:10', 37, 2055, 1, 13, 200000, 'TUNAI', '0', 2),
('TR-000000000695', '2018-09-03 11:01:49', 32, 2055, 1, 13, 575000, 'TUNAI', '0', 2),
('TR-000000000696', '2018-09-03 11:01:59', 14, 2055, 1, 13, 175000, 'TUNAI', '0', 2),
('TR-000000000697', '2018-09-03 11:02:09', 28, 2055, 1, 13, 325000, 'TUNAI', '0', 2),
('TR-000000000698', '2018-09-03 11:02:20', 26, 2055, 1, 13, 425000, 'TUNAI', '0', 2),
('TR-000000000699', '2018-09-03 11:02:34', 16, 2055, 1, 13, 325000, 'TUNAI', '0', 2),
('TR-000000000700', '2018-09-03 11:02:50', 63, 2056, 1, 13, 525000, 'TUNAI', '0', 2),
('TR-000000000701', '2018-09-03 11:03:04', 33, 2055, 1, 13, 660000, 'TUNAI', '0', 2),
('TR-000000000702', '2018-09-03 11:03:15', 26, 2055, 1, 13, 225000, 'TUNAI', '0', 3),
('TR-000000000703', '2018-09-03 11:53:17', 68, 2056, 1, 8, 175000, 'TUNAI', '0', 1),
('TR-000000000704', '2018-09-03 11:53:31', 54, 2056, 1, 8, 175000, 'TUNAI', '0', 1),
('TR-000000000705', '2018-09-03 11:53:44', 66, 2056, 1, 8, 175000, 'TUNAI', '0', 1),
('TR-000000000706', '2018-09-03 11:53:56', 71, 2056, 1, 8, 175000, 'TUNAI', '0', 1),
('TR-000000000707', '2018-09-03 11:54:08', 11, 2055, 1, 8, 175000, 'TUNAI', '0', 1),
('TR-000000000708', '2018-09-03 11:54:22', 58, 2056, 1, 8, 175000, 'TUNAI', '0', 1),
('TR-000000000709', '2018-09-03 11:54:38', 40, 2056, 1, 8, 175000, 'TUNAI', '0', 1),
('TR-000000000710', '2018-09-03 11:54:50', 49, 2056, 1, 8, 175000, 'TUNAI', '0', 1),
('TR-000000000711', '2018-09-03 11:55:05', 69, 2056, 1, 8, 175000, 'TUNAI', '0', 1),
('TR-000000000712', '2018-09-03 11:55:24', 22, 2055, 1, 8, 120000, 'TUNAI', '0', 1),
('TR-000000000713', '2018-09-03 11:55:38', 70, 2056, 1, 8, 175000, 'TUNAI', '0', 1),
('TR-000000000714', '2018-09-03 11:56:10', 10, 2055, 1, 8, 175000, 'TUNAI', '0', 1),
('TR-000000000715', '2018-09-03 11:56:25', 41, 2056, 1, 8, 175000, 'TUNAI', '0', 1),
('TR-000000000716', '2018-09-03 12:02:33', 67, 2056, 1, 8, 175000, 'TUNAI', '0', 1),
('TR-000000000717', '2018-09-03 12:03:06', 44, 2056, 1, 8, 175000, 'TUNAI', '0', 1),
('TR-000000000718', '2018-09-03 12:08:51', 45, 2056, 1, 8, 175000, 'TUNAI', '0', 1),
('TR-000000000719', '2018-09-03 12:09:03', 18, 2055, 1, 8, 175000, 'TUNAI', '0', 1),
('TR-000000000720', '2018-09-03 12:09:19', 17, 2055, 1, 8, 175000, 'TUNAI', '0', 1),
('TR-000000000721', '2018-09-03 12:09:31', 6, 2055, 1, 8, 175000, 'TUNAI', '0', 1),
('TR-000000000722', '2018-09-03 12:09:49', 35, 2055, 1, 8, 175000, 'TUNAI', '0', 1),
('TR-000000000723', '2018-09-03 12:10:01', 55, 2056, 1, 8, 175000, 'TUNAI', '0', 1),
('TR-000000000724', '2018-09-03 12:10:18', 48, 2056, 1, 8, 175000, 'TUNAI', '0', 1),
('TR-000000000725', '2018-09-03 12:10:28', 21, 2055, 1, 8, 175000, 'TUNAI', '0', 1),
('TR-000000000726', '2018-09-03 12:10:38', 53, 2056, 1, 8, 175000, 'TUNAI', '0', 1),
('TR-000000000727', '2018-09-03 12:10:48', 23, 2055, 1, 8, 175000, 'TUNAI', '0', 1),
('TR-000000000728', '2018-09-03 12:11:23', 27, 2055, 1, 8, 175000, 'TUNAI', '0', 1),
('TR-000000000729', '2018-09-03 12:11:36', 32, 2055, 1, 8, 175000, 'TUNAI', '0', 1),
('TR-000000000730', '2018-09-03 12:11:47', 14, 2055, 1, 8, 175000, 'TUNAI', '0', 1),
('TR-000000000731', '2018-09-03 12:12:01', 46, 2056, 1, 8, 175000, 'TUNAI', '0', 1),
('TR-000000000732', '2018-09-03 12:12:13', 28, 2055, 1, 8, 175000, 'TUNAI', '0', 1),
('TR-000000000733', '2018-09-03 12:12:22', 26, 2055, 1, 8, 175000, 'TUNAI', '0', 1),
('TR-000000000734', '2018-09-03 12:12:37', 16, 2055, 1, 8, 175000, 'TUNAI', '0', 1),
('TR-000000000735', '2018-09-03 12:12:49', 63, 2056, 1, 8, 175000, 'TUNAI', '0', 1),
('TR-000000000736', '2018-09-03 12:13:02', 33, 2055, 1, 8, 175000, 'TUNAI', '0', 1),
('TR-000000000737', '2018-09-03 12:13:12', 12, 2055, 1, 8, 175000, 'TUNAI', '0', 1),
('TR-000000000738', '2018-09-03 12:14:14', 57, 2056, 1, 8, 175000, 'TUNAI', '0', 1),
('TR-000000000739', '2018-09-03 12:14:46', 57, 2056, 1, 10, 175000, 'TUNAI', '0', 1),
('TR-000000000740', '2018-09-03 12:14:58', 57, 2056, 1, 19, 175000, 'TUNAI', '0', 1),
('TR-000000000741', '2018-09-03 12:15:10', 57, 2056, 1, 21, 175000, 'TUNAI', '0', 1),
('TR-000000000742', '2018-09-03 12:15:20', 57, 2056, 1, 23, 175000, 'TUNAI', '0', 1),
('TR-000000000743', '2018-09-03 12:15:35', 26, 2055, 1, 10, 175000, 'TUNAI', '0', 1),
('TR-000000000744', '2018-09-03 12:17:32', 583, 2050, 1, 16, 475000, 'TUNAI', '0', 1),
('TR-000000000745', '2018-09-03 12:17:45', 583, 2050, 1, 9, 150000, 'TUNAI', '0', 1),
('TR-000000000746', '2018-09-03 12:19:21', 519, 2064, 1, 11, 150000, 'TUNAI', '0', 1),
('TR-000000000747', '2018-09-03 12:27:16', 481, 2044, 1, 16, 150000, 'TUNAI', '0', 2),
('TR-000000000748', '2018-09-03 12:27:29', 481, 2044, 1, 9, 150000, 'TUNAI', '0', 1),
('TR-000000000749', '2018-09-03 12:28:29', 408, 2058, 1, 15, 136000, 'TUNAI', '0', 1),
('TR-000000000750', '2018-09-03 12:28:47', 422, 2058, 1, 15, 175000, 'TUNAI', '0', 2),
('TR-000000000751', '2018-09-03 12:28:57', 422, 2058, 1, 8, 175000, 'TUNAI', '0', 1),
('TR-000000000752', '2018-09-03 12:31:19', 88, 2040, 1, 9, 150000, 'TUNAI', '0', 1),
('TR-000000000753', '2018-09-03 12:31:42', 118, 2062, 1, 9, 150000, 'TUNAI', '0', 1),
('TR-000000000754', '2018-09-03 12:31:53', 95, 2041, 1, 9, 150000, 'TUNAI', '0', 1),
('TR-000000000755', '2018-09-03 12:32:04', 121, 2062, 1, 9, 150000, 'TUNAI', '0', 1),
('TR-000000000756', '2018-09-03 12:32:14', 122, 2062, 1, 9, 150000, 'TUNAI', '0', 1),
('TR-000000000757', '2018-09-03 12:32:23', 153, 2052, 1, 9, 150000, 'TUNAI', '0', 1),
('TR-000000000758', '2018-09-03 12:32:33', 102, 2041, 1, 9, 150000, 'TUNAI', '0', 1),
('TR-000000000759', '2018-09-03 12:32:43', 206, 2046, 1, 9, 150000, 'TUNAI', '0', 1),
('TR-000000000760', '2018-09-03 12:32:57', 213, 2046, 1, 9, 150000, 'TUNAI', '0', 1),
('TR-000000000761', '2018-09-03 12:33:06', 216, 2046, 1, 9, 150000, 'TUNAI', '0', 1),
('TR-000000000762', '2018-09-03 12:33:17', 212, 2046, 1, 9, 150000, 'TUNAI', '0', 1),
('TR-000000000763', '2018-09-03 12:33:33', 142, 2052, 1, 9, 150000, 'TUNAI', '0', 1),
('TR-000000000764', '2018-09-03 12:33:44', 144, 2052, 1, 9, 150000, 'TUNAI', '0', 1),
('TR-000000000765', '2018-09-03 12:33:54', 165, 2052, 1, 9, 150000, 'TUNAI', '0', 1),
('TR-000000000766', '2018-09-03 14:45:06', 141, 2052, 1, 9, 150000, 'TUNAI', '0', 1),
('TR-000000000767', '2018-09-03 14:45:21', 171, 2045, 1, 9, 150000, 'TUNAI', '0', 1),
('TR-000000000768', '2018-09-03 14:45:32', 166, 2045, 1, 9, 150000, 'TUNAI', '0', 1),
('TR-000000000769', '2018-09-03 14:45:46', 134, 2062, 1, 9, 150000, 'TUNAI', '0', 1),
('TR-000000000770', '2018-09-03 14:45:58', 129, 2062, 1, 9, 150000, 'TUNAI', '0', 1),
('TR-000000000771', '2018-09-03 14:46:08', 190, 2045, 1, 9, 150000, 'TUNAI', '0', 1),
('TR-000000000772', '2018-09-03 14:46:18', 81, 2040, 1, 9, 150000, 'TUNAI', '0', 1),
('TR-000000000773', '2018-09-03 14:46:30', 107, 2041, 1, 9, 150000, 'TUNAI', '0', 1),
('TR-000000000774', '2018-09-03 14:46:40', 154, 2052, 1, 9, 150000, 'TUNAI', '0', 1),
('TR-000000000775', '2018-09-03 14:46:52', 158, 2052, 1, 9, 150000, 'TUNAI', '0', 1),
('TR-000000000776', '2018-09-03 14:47:03', 218, 2046, 1, 9, 150000, 'TUNAI', '0', 1),
('TR-000000000777', '2018-09-03 14:47:13', 103, 2041, 1, 9, 150000, 'TUNAI', '0', 1),
('TR-000000000778', '2018-09-03 14:48:19', 90, 2040, 1, 9, 150000, 'TUNAI', '0', 1),
('TR-000000000779', '2018-09-03 14:48:35', 207, 2046, 1, 9, 150000, 'TUNAI', '0', 1),
('TR-000000000780', '2018-09-03 14:48:52', 180, 2045, 1, 9, 150000, 'TUNAI', '0', 1),
('TR-000000000781', '2018-09-03 14:49:35', 109, 2041, 1, 9, 150000, 'TUNAI', '0', 1),
('TR-000000000782', '2018-09-03 14:49:44', 151, 2052, 1, 9, 150000, 'TUNAI', '0', 1),
('TR-000000000783', '2018-09-03 14:50:09', 208, 2046, 1, 9, 150000, 'TUNAI', '0', 1),
('TR-000000000784', '2018-09-03 14:50:25', 209, 2046, 1, 9, 150000, 'TUNAI', '0', 1),
('TR-000000000785', '2018-09-03 14:50:46', 188, 2045, 1, 9, 150000, 'TUNAI', '0', 1),
('TR-000000000786', '2018-09-03 14:50:56', 179, 2045, 1, 9, 150000, 'TUNAI', '0', 1),
('TR-000000000787', '2018-09-03 14:51:09', 172, 2045, 1, 9, 150000, 'TUNAI', '0', 1),
('TR-000000000788', '2018-09-03 14:51:20', 136, 2052, 1, 9, 150000, 'TUNAI', '0', 1),
('TR-000000000789', '2018-09-03 14:51:35', 137, 2052, 1, 9, 150000, 'TUNAI', '0', 1),
('TR-000000000790', '2018-09-03 14:51:53', 159, 2052, 1, 9, 150000, 'TUNAI', '0', 1),
('TR-000000000791', '2018-09-03 14:52:15', 72, 2040, 1, 9, 150000, 'TUNAI', '0', 1),
('TR-000000000792', '2018-09-03 14:52:26', 110, 2041, 1, 9, 150000, 'TUNAI', '0', 1),
('TR-000000000793', '2018-09-03 14:52:39', 114, 2041, 1, 9, 150000, 'TUNAI', '0', 1),
('TR-000000000794', '2018-09-03 14:52:53', 183, 2045, 1, 9, 150000, 'TUNAI', '0', 1),
('TR-000000000795', '2018-09-03 14:53:03', 182, 2045, 1, 9, 150000, 'TUNAI', '0', 1),
('TR-000000000796', '2018-09-03 14:53:13', 123, 2062, 1, 9, 150000, 'TUNAI', '0', 1),
('TR-000000000797', '2018-09-03 14:53:55', 201, 2046, 1, 9, 150000, 'TUNAI', '0', 1),
('TR-000000000798', '2018-09-03 14:54:05', 211, 2046, 1, 9, 150000, 'TUNAI', '0', 1),
('TR-000000000799', '2018-09-03 14:54:21', 196, 2046, 1, 9, 150000, 'TUNAI', '0', 1),
('TR-000000000800', '2018-09-03 14:54:39', 205, 2046, 1, 9, 150000, 'TUNAI', '0', 1),
('TR-000000000801', '2018-09-03 14:54:50', 204, 2046, 1, 9, 150000, 'TUNAI', '0', 1),
('TR-000000000802', '2018-09-03 14:55:01', 148, 2052, 1, 9, 150000, 'TUNAI', '0', 1),
('TR-000000000803', '2018-09-03 14:55:12', 145, 2052, 1, 9, 150000, 'TUNAI', '0', 1),
('TR-000000000804', '2018-09-03 14:55:22', 164, 2052, 1, 9, 150000, 'TUNAI', '0', 1),
('TR-000000000805', '2018-09-03 14:56:21', 176, 2045, 1, 9, 150000, 'TUNAI', '0', 1),
('TR-000000000806', '2018-09-03 14:56:35', 138, 2052, 1, 9, 150000, 'TUNAI', '0', 1),
('TR-000000000807', '2018-09-03 14:56:48', 101, 2041, 1, 9, 150000, 'TUNAI', '0', 1),
('TR-000000000808', '2018-09-03 15:00:08', 105, 2041, 1, 11, 150000, 'TUNAI', '0', 1),
('TR-000000000809', '2018-09-03 15:00:21', 179, 2045, 1, 11, 150000, 'TUNAI', '0', 1),
('TR-000000000810', '2018-09-03 15:00:56', 208, 2046, 1, 11, 150000, 'TUNAI', '0', 1),
('TR-000000000811', '2018-09-03 15:01:08', 114, 2041, 1, 11, 150000, 'TUNAI', '0', 1),
('TR-000000000812', '2018-09-03 15:02:48', 80, 2040, 1, 11, 150000, 'TUNAI', '0', 1),
('TR-000000000813', '2018-09-03 15:03:01', 80, 2040, 1, 18, 150000, 'TUNAI', '0', 1),
('TR-000000000814', '2018-09-03 15:03:18', 161, 2052, 1, 11, 150000, 'TUNAI', '0', 1),
('TR-000000000815', '2018-09-03 15:03:44', 161, 2052, 1, 9, 150000, 'TUNAI', '0', 1),
('TR-000000000816', '2018-09-03 15:03:57', 181, 2045, 1, 9, 150000, 'TUNAI', '0', 1),
('TR-000000000817', '2018-09-03 15:04:10', 181, 2045, 1, 11, 150000, 'TUNAI', '0', 1),
('TR-000000000818', '2018-09-03 15:04:59', 149, 2052, 1, 9, 150000, 'TUNAI', '0', 1),
('TR-000000000819', '2018-09-03 15:05:11', 149, 2052, 1, 11, 150000, 'TUNAI', '0', 1),
('TR-000000000820', '2018-09-03 15:05:28', 178, 2045, 1, 9, 150000, 'TUNAI', '0', 1),
('TR-000000000821', '2018-09-03 15:06:03', 178, 2045, 1, 11, 150000, 'TUNAI', '0', 1),
('TR-000000000822', '2018-09-03 15:06:18', 178, 2045, 1, 18, 150000, 'TUNAI', '0', 1),
('TR-000000000823', '2018-09-03 15:06:42', 86, 2040, 1, 9, 150000, 'TUNAI', '0', 1),
('TR-000000000824', '2018-09-03 15:06:55', 86, 2040, 1, 11, 150000, 'TUNAI', '0', 1),
('TR-000000000825', '2018-09-03 15:07:09', 187, 2045, 1, 9, 150000, 'TUNAI', '0', 1),
('TR-000000000826', '2018-09-03 15:07:27', 187, 2045, 1, 11, 150000, 'TUNAI', '0', 1),
('TR-000000000827', '2018-09-03 15:07:48', 187, 2045, 1, 18, 150000, 'TUNAI', '0', 1),
('TR-000000000828', '2018-09-03 15:08:03', 111, 2041, 1, 9, 150000, 'TUNAI', '0', 1),
('TR-000000000829', '2018-09-03 15:08:26', 111, 2041, 1, 11, 50000, 'TUNAI', '0', 1),
('TR-000000000830', '2018-09-03 15:22:02', 117, 2062, 1, 9, 150000, 'TUNAI', '0', 1),
('TR-000000000831', '2018-09-03 15:22:23', 117, 2062, 1, 11, 150000, 'TUNAI', '0', 1),
('TR-000000000832', '2018-09-03 15:24:50', 146, 2052, 1, 9, 150000, 'TUNAI', '0', 1),
('TR-000000000833', '2018-09-03 15:25:03', 146, 2052, 1, 11, 150000, 'TUNAI', '0', 1),
('TR-000000000834', '2018-09-03 15:25:12', 98, 2041, 1, 9, 150000, 'TUNAI', '0', 1),
('TR-000000000835', '2018-09-03 15:25:25', 98, 2041, 1, 11, 150000, 'TUNAI', '0', 1),
('TR-000000000836', '2018-09-04 09:21:04', 176, 2045, 1, 12, 200000, 'TUNAI', '0', 3),
('TR-000000000837', '2018-09-04 09:21:38', 190, 2045, 1, 12, 400000, 'TUNAI', '0', 3),
('TR-000000000838', '2018-09-04 09:21:49', 190, 2045, 1, 11, 150000, 'TUNAI', '0', 1),
('TR-000000000839', '2018-09-04 09:22:10', 174, 2045, 1, 12, 1265000, 'TUNAI', '0', 2),
('TR-000000000840', '2018-09-04 09:22:21', 174, 2045, 1, 9, 150000, 'TUNAI', '0', 1),
('TR-000000000841', '2018-09-04 09:22:38', 174, 2045, 1, 11, 150000, 'TUNAI', '0', 1),
('TR-000000000842', '2018-09-04 09:22:50', 174, 2045, 1, 18, 150000, 'TUNAI', '0', 1),
('TR-000000000843', '2018-09-04 09:25:29', 604, 2051, 1, 16, 150000, 'TUNAI', '0', 2),
('TR-000000000844', '2018-09-04 09:25:40', 604, 2051, 1, 9, 150000, 'TUNAI', '0', 1),
('TR-000000000845', '2018-09-04 09:26:02', 371, 2049, 1, 14, 150000, 'TUNAI', '0', 1),
('TR-000000000846', '2018-09-04 09:26:25', 593, 2051, 1, 16, 150000, 'TUNAI', '0', 1),
('TR-000000000847', '2018-09-04 09:26:54', 593, 2051, 1, 9, 150000, 'TUNAI', '0', 1),
('TR-000000000848', '2018-09-04 09:54:25', 593, 2051, 1, 11, 150000, 'TUNAI', '0', 1),
('TR-000000000849', '2018-09-04 09:54:45', 113, 2041, 1, 12, 700000, 'TUNAI', '0', 2),
('TR-000000000850', '2018-09-04 09:54:59', 113, 2041, 1, 9, 150000, 'TUNAI', '0', 1),
('TR-000000000851', '2018-09-04 09:55:13', 113, 2041, 1, 11, 150000, 'TUNAI', '0', 1),
('TR-000000000852', '2018-09-04 12:19:36', 131, 2062, 1, 12, 50000, 'TUNAI', '0', 3),
('TR-000000000853', '2018-09-04 12:19:53', 133, 2062, 1, 12, 150000, 'TUNAI', '0', 2),
('TR-000000000854', '2018-09-04 12:20:44', 92, 2040, 1, 12, 150000, 'TUNAI', '0', 2),
('TR-000000000855', '2018-09-04 12:21:04', 92, 2040, 1, 9, 150000, 'TUNAI', '0', 1),
('TR-000000000856', '2018-09-04 12:21:29', 497, 2044, 1, 16, 100000, 'TUNAI', '0', 1),
('TR-000000000857', '2018-09-04 12:21:44', 497, 2044, 1, 9, 150000, 'TUNAI', '0', 1),
('TR-000000000858', '2018-09-04 12:22:06', 497, 2044, 1, 11, 150000, 'TUNAI', '0', 1),
('TR-000000000859', '2018-09-04 18:18:24', 122, 2062, 1, 11, 150000, 'TUNAI', '0', 1),
('TR-000000000860', '2018-09-04 18:18:44', 87, 2040, 1, 12, 150000, 'TUNAI', '0', 2),
('TR-000000000861', '2018-09-04 18:21:04', 135, 2052, 1, 12, 450000, 'TUNAI', '0', 2),
('TR-000000000862', '2018-09-04 18:21:45', 156, 2052, 1, 12, 150000, 'TUNAI', '0', 2),
('TR-000000000863', '2018-09-04 18:22:15', 144, 2052, 1, 12, 415000, 'TUNAI', '0', 3),
('TR-000000000864', '2018-09-04 18:22:30', 150, 2052, 1, 12, 150000, 'TUNAI', '0', 2),
('TR-000000000865', '2018-09-04 18:22:48', 217, 2046, 1, 12, 495000, 'TUNAI', '0', 2),
('TR-000000000866', '2018-09-04 18:23:05', 162, 2052, 1, 12, 1265000, 'TUNAI', '0', 2),
('TR-000000000867', '2018-09-04 18:23:21', 200, 2046, 1, 12, 100000, 'TUNAI', '0', 2),
('TR-000000000868', '2018-09-04 18:23:42', 126, 2062, 1, 12, 1150000, 'TUNAI', '0', 2),
('TR-000000000869', '2018-09-04 18:24:49', 87, 2040, 1, 9, 150000, 'TUNAI', '0', 1),
('TR-000000000870', '2018-09-04 18:25:05', 135, 2052, 1, 9, 150000, 'TUNAI', '0', 1),
('TR-000000000871', '2018-09-04 18:25:19', 156, 2052, 1, 9, 150000, 'TUNAI', '0', 1),
('TR-000000000872', '2018-09-04 18:25:33', 150, 2052, 1, 9, 150000, 'TUNAI', '0', 1),
('TR-000000000873', '2018-09-04 18:25:46', 217, 2046, 1, 9, 150000, 'TUNAI', '0', 1),
('TR-000000000874', '2018-09-04 18:26:52', 141, 2052, 1, 11, 150000, 'TUNAI', '0', 1),
('TR-000000000875', '2018-09-04 18:27:25', 162, 2052, 1, 9, 150000, 'TUNAI', '0', 1),
('TR-000000000876', '2018-09-04 18:27:39', 162, 2052, 1, 11, 150000, 'TUNAI', '0', 1),
('TR-000000000877', '2018-09-04 18:28:03', 126, 2062, 1, 9, 150000, 'TUNAI', '0', 1),
('TR-000000000878', '2018-09-04 18:28:17', 126, 2062, 1, 11, 150000, 'TUNAI', '0', 1),
('TR-000000000879', '2018-09-04 18:31:01', 161, 2052, 1, 18, 150000, 'TUNAI', '0', 1),
('TR-000000000880', '2018-09-04 18:31:17', 161, 2052, 1, 20, 150000, 'TUNAI', '0', 1),
('TR-000000000881', '2018-09-04 18:31:34', 161, 2052, 1, 22, 90000, 'TUNAI', '0', 1),
('TR-000000000882', '2018-09-04 18:32:41', 144, 2052, 1, 11, 150000, 'TUNAI', '0', 1),
('TR-000000000883', '2018-09-04 18:33:00', 144, 2052, 1, 18, 35000, 'TUNAI', '0', 1),
('TR-000000000884', '2018-09-04 18:34:06', 34, 2055, 1, 13, 1430000, 'TUNAI', '0', 2),
('TR-000000000885', '2018-09-04 18:34:30', 8, 2055, 1, 13, 1430000, 'TUNAI', '0', 2),
('TR-000000000886', '2018-09-04 18:34:46', 52, 2056, 1, 13, 175000, 'TUNAI', '0', 2),
('TR-000000000887', '2018-09-04 18:35:03', 40, 2056, 1, 13, 905000, 'TUNAI', '0', 3),
('TR-000000000888', '2018-09-04 18:35:20', 7, 2055, 1, 13, 175000, 'TUNAI', '0', 2),
('TR-000000000889', '2018-09-04 18:36:01', 34, 2055, 1, 8, 17500, 'TUNAI', '0', 1),
('TR-000000000890', '2018-09-04 22:55:29', 34, 2055, 1, 10, 175000, 'TUNAI', '0', 1),
('TR-000000000891', '2018-09-04 22:55:49', 34, 2055, 1, 19, 20000, 'TUNAI', '0', 1),
('TR-000000000892', '2018-09-04 22:56:56', 8, 2055, 1, 8, 150000, 'TUNAI', '0', 1),
('TR-000000000893', '2018-09-04 22:57:15', 40, 2056, 1, 10, 175000, 'TUNAI', '0', 1),
('TR-000000000894', '2018-09-04 22:57:34', 40, 2056, 1, 19, 175000, 'TUNAI', '0', 1),
('TR-000000000895', '2018-09-04 22:57:56', 7, 2055, 1, 8, 175000, 'TUNAI', '0', 1),
('TR-000000000896', '2018-09-04 22:59:49', 316, 2047, 1, 9, 150000, 'TUNAI', '0', 1),
('TR-000000000897', '2018-09-04 23:06:23', 362, 2049, 1, 14, 18000, 'TUNAI', '0', 2),
('TR-000000000898', '2018-09-04 23:06:42', 362, 2049, 1, 9, 150000, 'TUNAI', '0', 1),
('TR-000000000899', '2018-09-04 23:07:01', 362, 2049, 1, 11, 150000, 'TUNAI', '0', 1),
('TR-000000000900', '2018-09-04 23:07:30', 434, 2059, 1, 15, 325000, 'TUNAI', '0', 1),
('TR-000000000901', '2018-09-04 23:08:44', 434, 2059, 1, 8, 175000, 'TUNAI', '0', 1),
('TR-000000000902', '2018-09-04 23:09:36', 230, 2042, 1, 14, 1275000, 'TUNAI', '0', 1),
('TR-000000000903', '2018-09-04 23:10:00', 230, 2042, 1, 9, 150000, 'TUNAI', '0', 1),
('TR-000000000904', '2018-09-04 23:10:22', 230, 2042, 1, 11, 150000, 'TUNAI', '0', 1),
('TR-000000000905', '2018-09-04 23:13:19', 652, 2061, 1, 17, 1500000, 'TUNAI', '0', 1),
('TR-000000000906', '2018-09-04 23:13:41', 446, 2059, 1, 15, 500000, 'TUNAI', '0', 1),
('TR-000000000907', '2018-09-04 23:14:30', 380, 2057, 1, 15, 500000, 'TUNAI', '0', 3),
('TR-000000000908', '2018-09-04 23:14:53', 319, 2047, 1, 14, 450000, 'TUNAI', '0', 2),
('TR-000000000909', '2018-09-04 23:15:14', 267, 2063, 1, 14, 500000, 'TUNAI', '0', 2),
('TR-000000000910', '2018-09-04 23:17:02', 260, 2063, 1, 14, 200000, 'TUNAI', '0', 2),
('TR-000000000911', '2018-09-04 23:18:30', 263, 2063, 1, 14, 10000, 'TUNAI', '0', 2),
('TR-000000000912', '2018-09-04 23:19:51', 649, 2061, 1, 17, 758000, 'TUNAI', '0', 1),
('TR-000000000913', '2018-09-04 23:20:30', 434, 2059, 1, 15, 600000, 'TUNAI', '0', 2),
('TR-000000000914', '2018-09-04 23:26:19', 651, 2061, 1, 17, 300000, 'TUNAI', '0', 1),
('TR-000000000915', '2018-09-04 23:26:51', 651, 2061, 1, 17, 225000, 'TUNAI', '0', 2),
('TR-000000000916', '2018-09-04 23:27:19', 651, 2061, 1, 8, 175000, 'TUNAI', '0', 1),
('TR-000000000917', '2018-09-04 23:27:44', 657, 2061, 1, 8, 175000, 'TUNAI', '0', 1),
('TR-000000000918', '2018-09-04 23:46:48', 589, 2051, 1, 9, 150000, 'TUNAI', '0', 1),
('TR-000000000919', '2018-09-04 23:47:33', 510, 2064, 1, 9, 100000, 'TUNAI', '0', 1),
('TR-000000000920', '2018-09-04 23:47:54', 555, 2050, 1, 9, 150000, 'TUNAI', '0', 1),
('TR-000000000921', '2018-09-04 23:48:15', 565, 2050, 1, 9, 150000, 'TUNAI', '0', 1),
('TR-000000000922', '2018-09-04 23:48:34', 565, 2050, 1, 11, 150000, 'TUNAI', '0', 1),
('TR-000000000923', '2018-09-04 23:48:57', 451, 2043, 1, 16, 181000, 'TUNAI', '0', 1),
('TR-000000000924', '2018-09-04 23:49:21', 527, 2054, 1, 16, 1475000, 'TUNAI', '0', 1),
('TR-000000000925', '2018-09-04 23:51:21', 25, 2055, 1, 13, 325000, 'TUNAI', '0', 2),
('TR-000000000927', '2018-09-04 23:52:20', 151, 2052, 1, 12, 360000, 'TUNAI', '0', 3),
('TR-000000000930', '2018-09-05 00:03:53', 449, 2074, 1, 36, 3074000, 'TUNAI', '0', 1),
('TR-000000000931', '2018-09-05 00:03:53', 450, 2074, 1, 36, 5327000, 'TUNAI', '0', 1),
('TR-000000000932', '2018-09-05 00:03:53', 451, 2074, 1, 36, 5327000, 'TUNAI', '0', 1),
('TR-000000000933', '2018-09-05 00:03:53', 452, 2074, 1, 36, 3545000, 'TUNAI', '0', 1),
('TR-000000000934', '2018-09-05 00:03:53', 453, 2074, 1, 36, 4070000, 'TUNAI', '0', 1),
('TR-000000000935', '2018-09-05 00:03:53', 454, 2074, 1, 36, 1795000, 'TUNAI', '0', 1),
('TR-000000000936', '2018-09-05 00:03:53', 455, 2074, 1, 36, 1835000, 'TUNAI', '0', 1),
('TR-000000000937', '2018-09-05 00:03:53', 456, 2074, 1, 36, 5327000, 'TUNAI', '0', 1),
('TR-000000000938', '2018-09-05 00:03:53', 457, 2074, 1, 36, 3991000, 'TUNAI', '0', 1),
('TR-000000000939', '2018-09-05 00:03:53', 458, 2074, 1, 36, 1190000, 'TUNAI', '0', 1),
('TR-000000000940', '2018-09-05 00:03:53', 459, 2074, 1, 36, 1598000, 'TUNAI', '0', 1),
('TR-000000000941', '2018-09-05 00:03:53', 461, 2074, 1, 36, 5285000, 'TUNAI', '0', 1),
('TR-000000000942', '2018-09-05 00:03:53', 462, 2074, 1, 36, 3250000, 'TUNAI', '0', 1),
('TR-000000000943', '2018-09-05 00:03:53', 474, 2074, 1, 36, 4608000, 'TUNAI', '0', 1),
('TR-000000000944', '2018-09-05 00:03:53', 463, 2074, 1, 36, 2540000, 'TUNAI', '0', 1),
('TR-000000000945', '2018-09-05 00:03:53', 460, 2074, 1, 36, 4835000, 'TUNAI', '0', 1),
('TR-000000000946', '2018-09-05 00:03:53', 464, 2074, 1, 36, 5327000, 'TUNAI', '0', 1),
('TR-000000000947', '2018-09-05 00:03:53', 465, 2074, 1, 36, 5327000, 'TUNAI', '0', 1),
('TR-000000000948', '2018-09-05 00:03:53', 467, 2074, 1, 36, 5250000, 'TUNAI', '0', 1),
('TR-000000000949', '2018-09-05 00:03:53', 466, 2074, 1, 36, 3235000, 'TUNAI', '0', 1),
('TR-000000000950', '2018-09-05 00:03:53', 468, 2074, 1, 36, 5327000, 'TUNAI', '0', 1),
('TR-000000000951', '2018-09-05 00:03:53', 469, 2074, 1, 36, 5327000, 'TUNAI', '0', 1),
('TR-000000000952', '2018-09-05 00:03:53', 470, 2074, 1, 36, 2050000, 'TUNAI', '0', 1),
('TR-000000000953', '2018-09-05 00:03:53', 471, 2074, 1, 36, 5327000, 'TUNAI', '0', 1),
('TR-000000000954', '2018-09-05 00:03:53', 472, 2074, 1, 36, 5308000, 'TUNAI', '0', 1),
('TR-000000000955', '2018-09-05 00:03:53', 473, 2074, 1, 36, 2670000, 'TUNAI', '0', 1),
('TR-000000000956', '2018-09-05 00:03:53', 475, 2075, 1, 36, 5327000, 'TUNAI', '0', 1),
('TR-000000000957', '2018-09-05 00:03:53', 476, 2075, 1, 36, 5327000, 'TUNAI', '0', 1),
('TR-000000000958', '2018-09-05 00:03:53', 477, 2075, 1, 36, 2697000, 'TUNAI', '0', 1),
('TR-000000000959', '2018-09-05 00:03:53', 478, 2075, 1, 36, 5327000, 'TUNAI', '0', 1),
('TR-000000000960', '2018-09-05 00:03:53', 479, 2075, 1, 36, 5327000, 'TUNAI', '0', 1),
('TR-000000000961', '2018-09-05 00:03:53', 480, 2075, 1, 36, 4427000, 'TUNAI', '0', 1),
('TR-000000000962', '2018-09-05 00:03:53', 481, 2075, 1, 36, 5327000, 'TUNAI', '0', 1),
('TR-000000000963', '2018-09-05 00:03:53', 482, 2075, 1, 36, 4263000, 'TUNAI', '0', 1),
('TR-000000000964', '2018-09-05 00:03:53', 483, 2075, 1, 36, 4884000, 'TUNAI', '0', 1),
('TR-000000000965', '2018-09-05 00:03:53', 484, 2075, 1, 36, 5327000, 'TUNAI', '0', 1),
('TR-000000000966', '2018-09-05 00:03:53', 485, 2075, 1, 36, 4304000, 'TUNAI', '0', 1),
('TR-000000000967', '2018-09-05 00:03:53', 486, 2075, 1, 36, 5327000, 'TUNAI', '0', 1),
('TR-000000000968', '2018-09-05 00:03:53', 487, 2075, 1, 36, 4245000, 'TUNAI', '0', 1),
('TR-000000000969', '2018-09-05 00:03:53', 488, 2075, 1, 36, 5327000, 'TUNAI', '0', 1),
('TR-000000000970', '2018-09-05 00:03:53', 502, 2075, 1, 36, 5327000, 'TUNAI', '0', 1),
('TR-000000000971', '2018-09-05 00:03:53', 494, 2075, 1, 36, 5235000, 'TUNAI', '0', 1),
('TR-000000000972', '2018-09-05 00:03:53', 489, 2075, 1, 36, 4420000, 'TUNAI', '0', 1),
('TR-000000000973', '2018-09-05 00:03:53', 490, 2075, 1, 36, 5327000, 'TUNAI', '0', 1),
('TR-000000000974', '2018-09-05 00:03:53', 491, 2075, 1, 36, 4228000, 'TUNAI', '0', 1),
('TR-000000000975', '2018-09-05 00:03:53', 492, 2075, 1, 36, 5327000, 'TUNAI', '0', 1),
('TR-000000000976', '2018-09-05 00:03:53', 493, 2075, 1, 36, 5138000, 'TUNAI', '0', 1),
('TR-000000000977', '2018-09-05 00:03:53', 495, 2075, 1, 36, 5327000, 'TUNAI', '0', 1),
('TR-000000000978', '2018-09-05 00:03:53', 496, 2075, 1, 36, 5327000, 'TUNAI', '0', 1),
('TR-000000000979', '2018-09-05 00:03:53', 497, 2075, 1, 36, 5171000, 'TUNAI', '0', 1),
('TR-000000000980', '2018-09-05 00:03:53', 498, 2075, 1, 36, 2478000, 'TUNAI', '0', 1),
('TR-000000000981', '2018-09-05 00:03:53', 499, 2075, 1, 36, 3653000, 'TUNAI', '0', 1),
('TR-000000000982', '2018-09-05 00:03:53', 500, 2075, 1, 36, 4414000, 'TUNAI', '0', 1),
('TR-000000000983', '2018-09-05 00:03:53', 501, 2075, 1, 36, 5327000, 'TUNAI', '0', 1),
('TR-000000000984', '2018-09-05 00:03:53', 553, 2076, 1, 36, 3045000, 'TUNAI', '0', 1),
('TR-000000000985', '2018-09-05 00:03:53', 554, 2076, 1, 36, 5327000, 'TUNAI', '0', 1),
('TR-000000000986', '2018-09-05 00:03:53', 557, 2076, 1, 36, 5327000, 'TUNAI', '0', 1),
('TR-000000000987', '2018-09-05 00:03:53', 555, 2076, 1, 36, 5327000, 'TUNAI', '0', 1),
('TR-000000000988', '2018-09-05 00:03:53', 556, 2076, 1, 36, 5327000, 'TUNAI', '0', 1),
('TR-000000000989', '2018-09-05 00:03:53', 558, 2076, 1, 36, 5327000, 'TUNAI', '0', 1),
('TR-000000000990', '2018-09-05 00:03:53', 559, 2076, 1, 36, 5177000, 'TUNAI', '0', 1),
('TR-000000000991', '2018-09-05 00:03:53', 560, 2076, 1, 36, 5327000, 'TUNAI', '0', 1),
('TR-000000000992', '2018-09-05 00:03:53', 561, 2076, 1, 36, 1114500, 'TUNAI', '0', 1),
('TR-000000000993', '2018-09-05 00:03:53', 562, 2076, 1, 36, 2102000, 'TUNAI', '0', 1),
('TR-000000000994', '2018-09-05 00:03:53', 563, 2076, 1, 36, 5327000, 'TUNAI', '0', 1),
('TR-000000000995', '2018-09-05 00:03:53', 564, 2076, 1, 36, 3513000, 'TUNAI', '0', 1),
('TR-000000000996', '2018-09-05 00:03:53', 566, 2076, 1, 36, 3430000, 'TUNAI', '0', 1),
('TR-000000000997', '2018-09-05 00:03:53', 567, 2076, 1, 36, 5327000, 'TUNAI', '0', 1),
('TR-000000000998', '2018-09-05 00:03:53', 569, 2076, 1, 36, 5327000, 'TUNAI', '0', 1),
('TR-000000000999', '2018-09-05 00:03:53', 570, 2076, 1, 36, 5184000, 'TUNAI', '0', 1),
('TR-000000001000', '2018-09-05 00:03:53', 572, 2076, 1, 36, 2232000, 'TUNAI', '0', 1),
('TR-000000001001', '2018-09-05 00:03:53', 571, 2076, 1, 36, 4230000, 'TUNAI', '0', 1),
('TR-000000001002', '2018-09-05 00:03:53', 574, 2076, 1, 36, 5327000, 'TUNAI', '0', 1),
('TR-000000001003', '2018-09-05 00:03:53', 575, 2076, 1, 36, 4461000, 'TUNAI', '0', 1),
('TR-000000001004', '2018-09-05 00:03:53', 579, 2076, 1, 36, 5327000, 'TUNAI', '0', 1),
('TR-000000001005', '2018-09-05 00:03:53', 576, 2076, 1, 36, 4993000, 'TUNAI', '0', 1),
('TR-000000001006', '2018-09-05 00:03:53', 577, 2076, 1, 36, 5327000, 'TUNAI', '0', 1),
('TR-000000001007', '2018-09-05 00:03:53', 578, 2076, 1, 36, 5327000, 'TUNAI', '0', 1),
('TR-000000001008', '2018-09-05 00:03:53', 573, 2076, 1, 36, 4120000, 'TUNAI', '0', 1),
('TR-000000001009', '2018-09-05 00:03:53', 565, 2076, 1, 36, 5327000, 'TUNAI', '0', 1),
('TR-000000001010', '2018-09-05 00:03:53', 568, 2076, 1, 36, 5327000, 'TUNAI', '0', 1),
('TR-000000001011', '2018-09-05 00:03:53', 580, 2076, 1, 36, 5327000, 'TUNAI', '0', 1),
('TR-000000001012', '2018-09-05 00:03:53', 581, 2076, 1, 36, 4912000, 'TUNAI', '0', 1),
('TR-000000001013', '2018-09-05 00:03:53', 582, 2076, 1, 36, 5327000, 'TUNAI', '0', 1),
('TR-000000001014', '2018-09-05 00:03:53', 583, 2076, 1, 36, 5327000, 'TUNAI', '0', 1),
('TR-000000001015', '2018-09-05 00:03:53', 584, 2076, 1, 36, 2625000, 'TUNAI', '0', 1),
('TR-000000001016', '2018-09-05 00:03:53', 585, 2076, 1, 36, 4263000, 'TUNAI', '0', 1),
('TR-000000001017', '2018-09-05 00:03:53', 586, 2076, 1, 36, 5327000, 'TUNAI', '0', 1),
('TR-000000001018', '2018-09-05 00:03:53', 587, 2077, 1, 36, 4119000, 'TUNAI', '0', 1),
('TR-000000001019', '2018-09-05 00:03:53', 588, 2077, 1, 36, 5155000, 'TUNAI', '0', 1),
('TR-000000001020', '2018-09-05 00:03:53', 589, 2077, 1, 36, 5327000, 'TUNAI', '0', 1),
('TR-000000001021', '2018-09-05 00:03:53', 590, 2077, 1, 36, 5327000, 'TUNAI', '0', 1),
('TR-000000001022', '2018-09-05 00:03:53', 591, 2077, 1, 36, 5327000, 'TUNAI', '0', 1),
('TR-000000001023', '2018-09-05 00:03:53', 592, 2077, 1, 36, 5327000, 'TUNAI', '0', 1),
('TR-000000001024', '2018-09-05 00:03:53', 593, 2077, 1, 36, 5037000, 'TUNAI', '0', 1),
('TR-000000001025', '2018-09-05 00:03:53', 594, 2077, 1, 36, 5100000, 'TUNAI', '0', 1),
('TR-000000001026', '2018-09-05 00:03:53', 595, 2077, 1, 36, 3562000, 'TUNAI', '0', 1),
('TR-000000001027', '2018-09-05 00:03:53', 596, 2077, 1, 36, 5327000, 'TUNAI', '0', 1),
('TR-000000001028', '2018-09-05 00:03:53', 597, 2077, 1, 36, 5327000, 'TUNAI', '0', 1),
('TR-000000001029', '2018-09-05 00:03:53', 600, 2077, 1, 36, 5327000, 'TUNAI', '0', 1),
('TR-000000001030', '2018-09-05 00:03:53', 601, 2077, 1, 36, 4303000, 'TUNAI', '0', 1),
('TR-000000001031', '2018-09-05 00:03:53', 603, 2077, 1, 36, 5327000, 'TUNAI', '0', 1),
('TR-000000001032', '2018-09-05 00:03:53', 605, 2077, 1, 36, 3191000, 'TUNAI', '0', 1),
('TR-000000001033', '2018-09-05 00:03:53', 599, 2077, 1, 36, 5327000, 'TUNAI', '0', 1),
('TR-000000001034', '2018-09-05 00:03:53', 606, 2077, 1, 36, 4347000, 'TUNAI', '0', 1),
('TR-000000001035', '2018-09-05 00:03:53', 607, 2077, 1, 36, 5327000, 'TUNAI', '0', 1),
('TR-000000001036', '2018-09-05 00:03:53', 608, 2077, 1, 36, 5327000, 'TUNAI', '0', 1),
('TR-000000001037', '2018-09-05 00:03:53', 604, 2077, 1, 36, 5327000, 'TUNAI', '0', 1),
('TR-000000001038', '2018-09-05 00:03:53', 609, 2077, 1, 36, 5327000, 'TUNAI', '0', 1),
('TR-000000001039', '2018-09-05 00:03:53', 610, 2077, 1, 36, 5065000, 'TUNAI', '0', 1),
('TR-000000001040', '2018-09-05 00:03:53', 611, 2077, 1, 36, 5327000, 'TUNAI', '0', 1),
('TR-000000001041', '2018-09-05 00:03:53', 612, 2077, 1, 36, 5302500, 'TUNAI', '0', 1),
('TR-000000001042', '2018-09-05 00:03:53', 614, 2077, 1, 36, 5327000, 'TUNAI', '0', 1),
('TR-000000001043', '2018-09-05 00:03:53', 613, 2077, 1, 36, 2018000, 'TUNAI', '0', 1),
('TR-000000001044', '2018-09-05 00:03:53', 602, 2077, 1, 36, 5327000, 'TUNAI', '0', 1),
('TR-000000001045', '2018-09-05 00:03:53', 598, 2077, 1, 36, 5327000, 'TUNAI', '0', 1),
('TR-000000001046', '2018-09-05 00:03:53', 615, 2077, 1, 36, 5327000, 'TUNAI', '0', 1),
('TR-000000001047', '2018-09-05 00:03:53', 616, 2077, 1, 36, 5327000, 'TUNAI', '0', 1),
('TR-000000001048', '2018-09-05 00:03:53', 617, 2077, 1, 36, 5327000, 'TUNAI', '0', 1),
('TR-000000001049', '2018-09-05 00:03:53', 618, 2077, 1, 36, 5327000, 'TUNAI', '0', 1),
('TR-000000001050', '2018-09-05 00:03:53', 619, 2077, 1, 36, 5327000, 'TUNAI', '0', 1),
('TR-000000001051', '2018-09-05 00:03:53', 620, 2077, 1, 36, 5315000, 'TUNAI', '0', 1),
('TR-000000001052', '2018-09-05 00:03:53', 621, 2077, 1, 36, 5327000, 'TUNAI', '0', 1),
('TR-000000001053', '2018-09-05 00:03:53', 523, 2078, 1, 36, 4389000, 'TUNAI', '0', 1),
('TR-000000001054', '2018-09-05 00:03:53', 524, 2078, 1, 36, 5327000, 'TUNAI', '0', 1),
('TR-000000001055', '2018-09-05 00:03:53', 525, 2078, 1, 36, 5327000, 'TUNAI', '0', 1),
('TR-000000001056', '2018-09-05 00:03:53', 526, 2078, 1, 36, 5327000, 'TUNAI', '0', 1),
('TR-000000001057', '2018-09-05 00:03:53', 527, 2078, 1, 36, 5327000, 'TUNAI', '0', 1),
('TR-000000001058', '2018-09-05 00:03:53', 528, 2078, 1, 36, 5327000, 'TUNAI', '0', 1),
('TR-000000001059', '2018-09-05 00:03:53', 529, 2078, 1, 36, 5327000, 'TUNAI', '0', 1),
('TR-000000001060', '2018-09-05 00:03:53', 530, 2078, 1, 36, 4618000, 'TUNAI', '0', 1),
('TR-000000001061', '2018-09-05 00:03:53', 531, 2078, 1, 36, 2774000, 'TUNAI', '0', 1),
('TR-000000001062', '2018-09-05 00:03:53', 532, 2078, 1, 36, 3807000, 'TUNAI', '0', 1),
('TR-000000001063', '2018-09-05 00:03:53', 533, 2078, 1, 36, 4328000, 'TUNAI', '0', 1),
('TR-000000001064', '2018-09-05 00:03:53', 535, 2078, 1, 36, 5327000, 'TUNAI', '0', 1),
('TR-000000001065', '2018-09-05 00:03:53', 536, 2078, 1, 36, 5327000, 'TUNAI', '0', 1),
('TR-000000001066', '2018-09-05 00:03:53', 537, 2078, 1, 36, 4402000, 'TUNAI', '0', 1),
('TR-000000001067', '2018-09-05 00:03:53', 538, 2078, 1, 36, 3700000, 'TUNAI', '0', 1),
('TR-000000001068', '2018-09-05 00:03:53', 539, 2078, 1, 36, 5307000, 'TUNAI', '0', 1),
('TR-000000001069', '2018-09-05 00:03:53', 540, 2078, 1, 36, 5163000, 'TUNAI', '0', 1),
('TR-000000001070', '2018-09-05 00:03:53', 541, 2078, 1, 36, 3228000, 'TUNAI', '0', 1),
('TR-000000001071', '2018-09-05 00:03:53', 551, 2078, 1, 36, 5149000, 'TUNAI', '0', 1),
('TR-000000001072', '2018-09-05 00:03:53', 542, 2078, 1, 36, 5327000, 'TUNAI', '0', 1),
('TR-000000001073', '2018-09-05 00:03:53', 543, 2078, 1, 36, 5327000, 'TUNAI', '0', 1),
('TR-000000001074', '2018-09-05 00:03:53', 544, 2078, 1, 36, 4521000, 'TUNAI', '0', 1),
('TR-000000001075', '2018-09-05 00:03:53', 534, 2078, 1, 36, 3458000, 'TUNAI', '0', 1),
('TR-000000001076', '2018-09-05 00:03:53', 552, 2078, 1, 36, 5327000, 'TUNAI', '0', 1),
('TR-000000001077', '2018-09-05 00:03:53', 545, 2078, 1, 36, 3376000, 'TUNAI', '0', 1),
('TR-000000001078', '2018-09-05 00:03:53', 546, 2078, 1, 36, 4723000, 'TUNAI', '0', 1),
('TR-000000001079', '2018-09-05 00:03:53', 547, 2078, 1, 36, 5258000, 'TUNAI', '0', 1),
('TR-000000001080', '2018-09-05 00:03:53', 548, 2078, 1, 36, 5327000, 'TUNAI', '0', 1),
('TR-000000001081', '2018-09-05 00:03:53', 549, 2078, 1, 36, 5327000, 'TUNAI', '0', 1),
('TR-000000001082', '2018-09-05 00:03:53', 550, 2078, 1, 36, 4836000, 'TUNAI', '0', 1),
('TR-000000001083', '2018-09-05 00:03:53', 503, 2081, 1, 36, 5327000, 'TUNAI', '0', 1),
('TR-000000001084', '2018-09-05 00:03:53', 504, 2081, 1, 36, 5263000, 'TUNAI', '0', 1),
('TR-000000001085', '2018-09-05 00:03:53', 505, 2081, 1, 36, 4845000, 'TUNAI', '0', 1),
('TR-000000001086', '2018-09-05 00:03:53', 506, 2081, 1, 36, 5327000, 'TUNAI', '0', 1),
('TR-000000001087', '2018-09-05 00:03:53', 507, 2081, 1, 36, 5327000, 'TUNAI', '0', 1),
('TR-000000001088', '2018-09-05 00:03:53', 508, 2081, 1, 36, 3990000, 'TUNAI', '0', 1),
('TR-000000001089', '2018-09-05 00:03:53', 509, 2081, 1, 36, 5327000, 'TUNAI', '0', 1),
('TR-000000001090', '2018-09-05 00:03:53', 510, 2081, 1, 36, 5327000, 'TUNAI', '0', 1),
('TR-000000001091', '2018-09-05 00:03:53', 511, 2081, 1, 36, 2445000, 'TUNAI', '0', 1),
('TR-000000001092', '2018-09-05 00:03:53', 512, 2081, 1, 36, 5327000, 'TUNAI', '0', 1),
('TR-000000001093', '2018-09-05 00:03:53', 513, 2081, 1, 36, 4718000, 'TUNAI', '0', 1),
('TR-000000001094', '2018-09-05 00:03:53', 514, 2081, 1, 36, 5327000, 'TUNAI', '0', 1),
('TR-000000001095', '2018-09-05 00:03:53', 515, 2081, 1, 36, 5327000, 'TUNAI', '0', 1),
('TR-000000001096', '2018-09-05 00:03:53', 516, 2081, 1, 36, 5327000, 'TUNAI', '0', 1),
('TR-000000001097', '2018-09-05 00:03:53', 517, 2081, 1, 36, 3579000, 'TUNAI', '0', 1),
('TR-000000001098', '2018-09-05 00:03:53', 518, 2081, 1, 36, 5015000, 'TUNAI', '0', 1),
('TR-000000001099', '2018-09-05 00:03:53', 519, 2081, 1, 36, 5327000, 'TUNAI', '0', 1),
('TR-000000001100', '2018-09-05 00:03:53', 520, 2081, 1, 36, 5327000, 'TUNAI', '0', 1),
('TR-000000001101', '2018-09-05 00:03:53', 521, 2081, 1, 36, 5327000, 'TUNAI', '0', 1),
('TR-000000001102', '2018-09-05 00:03:53', 522, 2081, 1, 36, 1337000, 'TUNAI', '0', 1),
('TR-000000001103', '2018-09-05 00:03:53', 622, 2079, 1, 36, 5327000, 'TUNAI', '0', 1),
('TR-000000001104', '2018-09-05 00:03:53', 623, 2079, 1, 36, 4095000, 'TUNAI', '0', 1),
('TR-000000001105', '2018-09-05 00:03:53', 624, 2079, 1, 36, 5327000, 'TUNAI', '0', 1),
('TR-000000001106', '2018-09-05 00:03:53', 625, 2079, 1, 36, 4765000, 'TUNAI', '0', 1),
('TR-000000001107', '2018-09-05 00:03:53', 626, 2079, 1, 36, 4067000, 'TUNAI', '0', 1),
('TR-000000001108', '2018-09-05 00:03:53', 627, 2079, 1, 36, 5327000, 'TUNAI', '0', 1),
('TR-000000001109', '2018-09-05 00:03:53', 628, 2079, 1, 36, 2642000, 'TUNAI', '0', 1),
('TR-000000001110', '2018-09-05 00:03:53', 629, 2079, 1, 36, 2042000, 'TUNAI', '0', 1),
('TR-000000001111', '2018-09-05 00:03:53', 630, 2079, 1, 36, 5327000, 'TUNAI', '0', 1),
('TR-000000001112', '2018-09-05 00:03:53', 631, 2079, 1, 36, 5299000, 'TUNAI', '0', 1),
('TR-000000001113', '2018-09-05 00:03:53', 632, 2079, 1, 36, 2962500, 'TUNAI', '0', 1),
('TR-000000001114', '2018-09-05 00:03:53', 633, 2079, 1, 36, 2542000, 'TUNAI', '0', 1),
('TR-000000001115', '2018-09-05 00:03:53', 634, 2079, 1, 36, 5130000, 'TUNAI', '0', 1),
('TR-000000001116', '2018-09-05 00:03:53', 636, 2079, 1, 36, 4250000, 'TUNAI', '0', 1),
('TR-000000001117', '2018-09-05 00:03:53', 635, 2079, 1, 36, 5327000, 'TUNAI', '0', 1),
('TR-000000001118', '2018-09-05 00:03:53', 637, 2079, 1, 36, 4434000, 'TUNAI', '0', 1),
('TR-000000001119', '2018-09-05 00:03:53', 638, 2079, 1, 36, 4422000, 'TUNAI', '0', 1),
('TR-000000001120', '2018-09-05 00:03:53', 639, 2079, 1, 36, 0, 'TUNAI', '0', 1),
('TR-000000001121', '2018-09-05 00:03:53', 640, 2079, 1, 36, 4510000, 'TUNAI', '0', 1),
('TR-000000001122', '2018-09-05 00:03:53', 641, 2080, 1, 36, 5327000, 'TUNAI', '0', 1),
('TR-000000001123', '2018-09-05 00:03:53', 642, 2080, 1, 36, 5327000, 'TUNAI', '0', 1),
('TR-000000001124', '2018-09-05 00:03:53', 643, 2080, 1, 36, 5327000, 'TUNAI', '0', 1),
('TR-000000001125', '2018-09-05 00:03:53', 644, 2080, 1, 36, 4905000, 'TUNAI', '0', 1),
('TR-000000001126', '2018-09-05 00:03:53', 645, 2080, 1, 36, 3443000, 'TUNAI', '0', 1),
('TR-000000001127', '2018-09-05 00:03:53', 646, 2080, 1, 36, 5327000, 'TUNAI', '0', 1),
('TR-000000001128', '2018-09-05 00:03:53', 647, 2080, 1, 36, 3242000, 'TUNAI', '0', 1),
('TR-000000001129', '2018-09-05 00:03:53', 648, 2080, 1, 36, 5327000, 'TUNAI', '0', 1),
('TR-000000001130', '2018-09-05 00:03:53', 649, 2080, 1, 36, 5327000, 'TUNAI', '0', 1),
('TR-000000001131', '2018-09-05 00:03:53', 650, 2080, 1, 36, 3732000, 'TUNAI', '0', 1),
('TR-000000001132', '2018-09-05 00:03:53', 651, 2080, 1, 36, 5327000, 'TUNAI', '0', 1),
('TR-000000001133', '2018-09-05 00:03:53', 652, 2080, 1, 36, 5327000, 'TUNAI', '0', 1),
('TR-000000001134', '2018-09-05 00:03:53', 653, 2080, 1, 36, 5287000, 'TUNAI', '0', 1),
('TR-000000001135', '2018-09-05 00:03:53', 654, 2080, 1, 36, 5282000, 'TUNAI', '0', 1),
('TR-000000001136', '2018-09-05 00:03:53', 655, 2080, 1, 36, 2442000, 'TUNAI', '0', 1),
('TR-000000001137', '2018-09-05 00:03:53', 656, 2080, 1, 36, 4972000, 'TUNAI', '0', 1),
('TR-000000001138', '2018-09-05 00:03:53', 657, 2080, 1, 36, 5327000, 'TUNAI', '0', 1),
('TR-000000001139', '2018-09-05 00:03:53', 658, 2080, 1, 36, 5327000, 'TUNAI', '0', 1),
('TR-000000001140', '2018-09-05 00:03:53', 659, 2080, 1, 36, 5327000, 'TUNAI', '0', 1),
('TR-000000001141', '2018-09-05 00:03:53', 660, 2080, 1, 36, 3847000, 'TUNAI', '0', 1),
('TR-000000001142', '2018-09-05 00:03:53', 661, 2080, 1, 36, 1653000, 'TUNAI', '0', 1),
('TR-000000001143', '2018-09-05 00:03:53', 662, 2080, 1, 36, 3348000, 'TUNAI', '0', 1),
('TR-000000001144', '2018-09-05 00:03:53', 663, 2080, 1, 36, 2130000, 'TUNAI', '0', 1),
('TR-000000001145', '2018-09-05 00:03:53', 664, 2080, 1, 36, 5327000, 'TUNAI', '0', 1),
('TR-000000001146', '2018-09-05 00:03:53', 665, 2080, 1, 36, 5327000, 'TUNAI', '0', 1),
('TR-000000001147', '2018-09-05 00:03:53', 666, 2080, 1, 36, 4110000, 'TUNAI', '0', 1),
('TR-000000001148', '2018-09-05 00:03:53', 220, 2065, 1, 37, 2474000, 'TUNAI', '0', 1),
('TR-000000001149', '2018-09-05 00:03:53', 221, 2065, 1, 37, 2474000, 'TUNAI', '0', 1),
('TR-000000001150', '2018-09-05 00:03:53', 222, 2065, 1, 37, 2474000, 'TUNAI', '0', 1),
('TR-000000001151', '2018-09-05 00:03:53', 223, 2065, 1, 37, 2474000, 'TUNAI', '0', 1),
('TR-000000001152', '2018-09-05 00:03:53', 224, 2065, 1, 37, 2474000, 'TUNAI', '0', 1),
('TR-000000001153', '2018-09-05 00:03:53', 225, 2065, 1, 37, 1837000, 'TUNAI', '0', 1),
('TR-000000001154', '2018-09-05 00:03:53', 226, 2065, 1, 37, 2377000, 'TUNAI', '0', 1),
('TR-000000001155', '2018-09-05 00:03:53', 227, 2065, 1, 37, 2474000, 'TUNAI', '0', 1),
('TR-000000001156', '2018-09-05 00:03:53', 228, 2065, 1, 37, 2474000, 'TUNAI', '0', 1),
('TR-000000001157', '2018-09-05 00:03:53', 229, 2065, 1, 37, 2474000, 'TUNAI', '0', 1),
('TR-000000001158', '2018-09-05 00:03:53', 230, 2065, 1, 37, 2474000, 'TUNAI', '0', 1),
('TR-000000001159', '2018-09-05 00:03:53', 231, 2065, 1, 37, 2474000, 'TUNAI', '0', 1),
('TR-000000001160', '2018-09-05 00:03:53', 232, 2065, 1, 37, 2474000, 'TUNAI', '0', 1),
('TR-000000001161', '2018-09-05 00:03:53', 233, 2065, 1, 37, 2474000, 'TUNAI', '0', 1),
('TR-000000001162', '2018-09-05 00:03:53', 234, 2065, 1, 37, 2474000, 'TUNAI', '0', 1),
('TR-000000001163', '2018-09-05 00:03:53', 235, 2065, 1, 37, 2474000, 'TUNAI', '0', 1),
('TR-000000001164', '2018-09-05 00:03:53', 236, 2065, 1, 37, 2474000, 'TUNAI', '0', 1),
('TR-000000001165', '2018-09-05 00:03:53', 237, 2065, 1, 37, 2474000, 'TUNAI', '0', 1),
('TR-000000001166', '2018-09-05 00:03:53', 238, 2065, 1, 37, 2367000, 'TUNAI', '0', 1),
('TR-000000001167', '2018-09-05 00:03:53', 239, 2065, 1, 37, 2474000, 'TUNAI', '0', 1),
('TR-000000001168', '2018-09-05 00:03:53', 240, 2065, 1, 37, 2474000, 'TUNAI', '0', 1),
('TR-000000001169', '2018-09-05 00:03:53', 241, 2065, 1, 37, 2474000, 'TUNAI', '0', 1),
('TR-000000001170', '2018-09-05 00:03:53', 242, 2065, 1, 37, 2474000, 'TUNAI', '0', 1),
('TR-000000001171', '2018-09-05 00:03:53', 243, 2065, 1, 37, 2267000, 'TUNAI', '0', 1),
('TR-000000001172', '2018-09-05 00:03:53', 244, 2065, 1, 37, 337000, 'TUNAI', '0', 1),
('TR-000000001173', '2018-09-05 00:03:53', 245, 2065, 1, 37, 2474000, 'TUNAI', '0', 1),
('TR-000000001174', '2018-09-05 00:03:53', 246, 2065, 1, 37, 2367000, 'TUNAI', '0', 1),
('TR-000000001175', '2018-09-05 00:03:53', 247, 2065, 1, 37, 2474000, 'TUNAI', '0', 1),
('TR-000000001176', '2018-09-05 00:03:53', 297, 2066, 1, 37, 2317000, 'TUNAI', '0', 1),
('TR-000000001177', '2018-09-05 00:03:53', 298, 2066, 1, 37, 2204000, 'TUNAI', '0', 1),
('TR-000000001178', '2018-09-05 00:03:53', 299, 2066, 1, 37, 1497000, 'TUNAI', '0', 1),
('TR-000000001179', '2018-09-05 00:03:53', 300, 2066, 1, 37, 2474000, 'TUNAI', '0', 1),
('TR-000000001180', '2018-09-05 00:03:53', 301, 2066, 1, 37, 1667000, 'TUNAI', '0', 1),
('TR-000000001181', '2018-09-05 00:03:53', 302, 2066, 1, 37, 2474000, 'TUNAI', '0', 1);
INSERT INTO `tbl_transaksi` (`id_transaksi`, `waktu_transaksi`, `id_warga`, `id_rumah`, `id_pegawai`, `id_pembayaran`, `nominal_transaksi`, `pembayaran_melalui`, `file_foto`, `cicilan_transaksi`) VALUES
('TR-000000001182', '2018-09-05 00:03:53', 303, 2066, 1, 37, 2474000, 'TUNAI', '0', 1),
('TR-000000001183', '2018-09-05 00:03:53', 304, 2066, 1, 37, 2474000, 'TUNAI', '0', 1),
('TR-000000001184', '2018-09-05 00:03:53', 305, 2066, 1, 37, 477000, 'TUNAI', '0', 1),
('TR-000000001185', '2018-09-05 00:03:53', 306, 2066, 1, 37, 2474000, 'TUNAI', '0', 1),
('TR-000000001186', '2018-09-05 00:03:53', 307, 2066, 1, 37, 2427000, 'TUNAI', '0', 1),
('TR-000000001187', '2018-09-05 00:03:53', 308, 2066, 1, 37, 2462000, 'TUNAI', '0', 1),
('TR-000000001188', '2018-09-05 00:03:53', 309, 2066, 1, 37, 2474000, 'TUNAI', '0', 1),
('TR-000000001189', '2018-09-05 00:03:53', 310, 2066, 1, 37, 1787000, 'TUNAI', '0', 1),
('TR-000000001190', '2018-09-05 00:03:53', 311, 2066, 1, 37, 2474000, 'TUNAI', '0', 1),
('TR-000000001191', '2018-09-05 00:03:53', 312, 2066, 1, 37, 837000, 'TUNAI', '0', 1),
('TR-000000001192', '2018-09-05 00:03:53', 313, 2066, 1, 37, 2474000, 'TUNAI', '0', 1),
('TR-000000001193', '2018-09-05 00:03:53', 314, 2066, 1, 37, 2474000, 'TUNAI', '0', 1),
('TR-000000001194', '2018-09-05 00:03:53', 315, 2066, 1, 37, 2474000, 'TUNAI', '0', 1),
('TR-000000001195', '2018-09-05 00:03:53', 316, 2066, 1, 37, 2474000, 'TUNAI', '0', 1),
('TR-000000001196', '2018-09-05 00:03:53', 317, 2066, 1, 37, 2474000, 'TUNAI', '0', 1),
('TR-000000001197', '2018-09-05 00:03:53', 318, 2066, 1, 37, 2474000, 'TUNAI', '0', 1),
('TR-000000001198', '2018-09-05 00:03:53', 319, 2066, 1, 37, 2474000, 'TUNAI', '0', 1),
('TR-000000001199', '2018-09-05 00:03:53', 320, 2066, 1, 37, 2474000, 'TUNAI', '0', 1),
('TR-000000001200', '2018-09-05 00:03:53', 321, 2066, 1, 37, 2357000, 'TUNAI', '0', 1),
('TR-000000001201', '2018-09-05 00:03:53', 322, 2067, 1, 37, 2474000, 'TUNAI', '0', 1),
('TR-000000001202', '2018-09-05 00:03:53', 323, 2067, 1, 37, 1986000, 'TUNAI', '0', 1),
('TR-000000001203', '2018-09-05 00:03:53', 324, 2067, 1, 37, 2474000, 'TUNAI', '0', 1),
('TR-000000001204', '2018-09-05 00:03:53', 325, 2067, 1, 37, 2474000, 'TUNAI', '0', 1),
('TR-000000001205', '2018-09-05 00:03:53', 326, 2067, 1, 37, 2474000, 'TUNAI', '0', 1),
('TR-000000001206', '2018-09-05 00:03:53', 327, 2067, 1, 37, 2474000, 'TUNAI', '0', 1),
('TR-000000001207', '2018-09-05 00:03:53', 328, 2067, 1, 37, 2474000, 'TUNAI', '0', 1),
('TR-000000001208', '2018-09-05 00:03:53', 329, 2067, 1, 37, 2474000, 'TUNAI', '0', 1),
('TR-000000001209', '2018-09-05 00:03:53', 330, 2067, 1, 37, 1895000, 'TUNAI', '0', 1),
('TR-000000001210', '2018-09-05 00:03:53', 331, 2067, 1, 37, 1795000, 'TUNAI', '0', 1),
('TR-000000001211', '2018-09-05 00:03:53', 332, 2067, 1, 37, 2474000, 'TUNAI', '0', 1),
('TR-000000001212', '2018-09-05 00:03:53', 333, 2067, 1, 37, 2375000, 'TUNAI', '0', 1),
('TR-000000001213', '2018-09-05 00:03:53', 334, 2067, 1, 37, 2402000, 'TUNAI', '0', 1),
('TR-000000001214', '2018-09-05 00:03:53', 335, 2067, 1, 37, 2474000, 'TUNAI', '0', 1),
('TR-000000001215', '2018-09-05 00:03:53', 336, 2067, 1, 37, 1545000, 'TUNAI', '0', 1),
('TR-000000001216', '2018-09-05 00:03:53', 337, 2067, 1, 37, 2474000, 'TUNAI', '0', 1),
('TR-000000001217', '2018-09-05 00:03:53', 338, 2067, 1, 37, 2474000, 'TUNAI', '0', 1),
('TR-000000001218', '2018-09-05 00:03:53', 339, 2067, 1, 37, 2474000, 'TUNAI', '0', 1),
('TR-000000001219', '2018-09-05 00:03:53', 340, 2067, 1, 37, 2375000, 'TUNAI', '0', 1),
('TR-000000001220', '2018-09-05 00:03:53', 341, 2067, 1, 37, 1745000, 'TUNAI', '0', 1),
('TR-000000001221', '2018-09-05 00:03:53', 342, 2067, 1, 37, 1455000, 'TUNAI', '0', 1),
('TR-000000001222', '2018-09-05 00:03:53', 343, 2067, 1, 37, 2474000, 'TUNAI', '0', 1),
('TR-000000001223', '2018-09-05 00:03:53', 344, 2067, 1, 37, 2474000, 'TUNAI', '0', 1),
('TR-000000001224', '2018-09-05 00:03:53', 345, 2067, 1, 37, 2474000, 'TUNAI', '0', 1),
('TR-000000001225', '2018-09-05 00:03:53', 346, 2068, 1, 37, 2474000, 'TUNAI', '0', 1),
('TR-000000001226', '2018-09-05 00:03:53', 347, 2068, 1, 37, 2474000, 'TUNAI', '0', 1),
('TR-000000001227', '2018-09-05 00:03:53', 348, 2068, 1, 37, 2474000, 'TUNAI', '0', 1),
('TR-000000001228', '2018-09-05 00:03:53', 349, 2068, 1, 37, 2474000, 'TUNAI', '0', 1),
('TR-000000001229', '2018-09-05 00:03:53', 350, 2068, 1, 37, 2474000, 'TUNAI', '0', 1),
('TR-000000001230', '2018-09-05 00:03:53', 351, 2068, 1, 37, 2474000, 'TUNAI', '0', 1),
('TR-000000001231', '2018-09-05 00:03:53', 352, 2068, 1, 37, 2474000, 'TUNAI', '0', 1),
('TR-000000001232', '2018-09-05 00:03:53', 353, 2068, 1, 37, 2474000, 'TUNAI', '0', 1),
('TR-000000001233', '2018-09-05 00:03:53', 354, 2068, 1, 37, 2474000, 'TUNAI', '0', 1),
('TR-000000001234', '2018-09-05 00:03:53', 355, 2068, 1, 37, 2474000, 'TUNAI', '0', 1),
('TR-000000001235', '2018-09-05 00:03:53', 356, 2068, 1, 37, 2474000, 'TUNAI', '0', 1),
('TR-000000001236', '2018-09-05 00:03:53', 357, 2068, 1, 37, 2474000, 'TUNAI', '0', 1),
('TR-000000001237', '2018-09-05 00:03:53', 358, 2068, 1, 37, 2474000, 'TUNAI', '0', 1),
('TR-000000001238', '2018-09-05 00:03:53', 359, 2068, 1, 37, 1895000, 'TUNAI', '0', 1),
('TR-000000001239', '2018-09-05 00:03:53', 360, 2068, 1, 37, 2474000, 'TUNAI', '0', 1),
('TR-000000001240', '2018-09-05 00:03:53', 361, 2068, 1, 37, 2474000, 'TUNAI', '0', 1),
('TR-000000001241', '2018-09-05 00:03:53', 362, 2068, 1, 37, 2474000, 'TUNAI', '0', 1),
('TR-000000001242', '2018-09-05 00:03:53', 363, 2068, 1, 37, 2474000, 'TUNAI', '0', 1),
('TR-000000001243', '2018-09-05 00:03:53', 364, 2068, 1, 37, 2474000, 'TUNAI', '0', 1),
('TR-000000001244', '2018-09-05 00:03:53', 365, 2068, 1, 37, 2474000, 'TUNAI', '0', 1),
('TR-000000001245', '2018-09-05 00:03:53', 366, 2068, 1, 37, 2474000, 'TUNAI', '0', 1),
('TR-000000001246', '2018-09-05 00:03:53', 367, 2068, 1, 37, 2474000, 'TUNAI', '0', 1),
('TR-000000001247', '2018-09-05 00:03:53', 368, 2068, 1, 37, 2474000, 'TUNAI', '0', 1),
('TR-000000001248', '2018-09-05 00:03:53', 369, 2068, 1, 37, 1095000, 'TUNAI', '0', 1),
('TR-000000001249', '2018-09-05 00:03:53', 370, 2068, 1, 37, 2195000, 'TUNAI', '0', 1),
('TR-000000001250', '2018-09-05 00:03:53', 371, 2068, 1, 37, 1615000, 'TUNAI', '0', 1),
('TR-000000001251', '2018-09-05 00:03:53', 271, 2069, 1, 37, 935000, 'TUNAI', '0', 1),
('TR-000000001252', '2018-09-05 00:03:53', 272, 2069, 1, 37, 2474000, 'TUNAI', '0', 1),
('TR-000000001253', '2018-09-05 00:03:53', 273, 2069, 1, 37, 2474000, 'TUNAI', '0', 1),
('TR-000000001254', '2018-09-05 00:03:53', 274, 2069, 1, 37, 2474000, 'TUNAI', '0', 1),
('TR-000000001255', '2018-09-05 00:03:53', 275, 2069, 1, 37, 1545000, 'TUNAI', '0', 1),
('TR-000000001256', '2018-09-05 00:03:53', 276, 2069, 1, 37, 2474000, 'TUNAI', '0', 1),
('TR-000000001257', '2018-09-05 00:03:53', 277, 2069, 1, 37, 752000, 'TUNAI', '0', 1),
('TR-000000001258', '2018-09-05 00:03:53', 278, 2069, 1, 37, 885000, 'TUNAI', '0', 1),
('TR-000000001259', '2018-09-05 00:03:53', 279, 2069, 1, 37, 2474000, 'TUNAI', '0', 1),
('TR-000000001260', '2018-09-05 00:03:53', 280, 2069, 1, 37, 2474000, 'TUNAI', '0', 1),
('TR-000000001261', '2018-09-05 00:03:53', 281, 2069, 1, 37, 995000, 'TUNAI', '0', 1),
('TR-000000001262', '2018-09-05 00:03:53', 282, 2069, 1, 37, 2474000, 'TUNAI', '0', 1),
('TR-000000001263', '2018-09-05 00:03:53', 283, 2069, 1, 37, 295000, 'TUNAI', '0', 1),
('TR-000000001264', '2018-09-05 00:03:53', 284, 2069, 1, 37, 2195000, 'TUNAI', '0', 1),
('TR-000000001265', '2018-09-05 00:03:53', 285, 2069, 1, 37, 2474000, 'TUNAI', '0', 1),
('TR-000000001266', '2018-09-05 00:03:53', 286, 2069, 1, 37, 1857000, 'TUNAI', '0', 1),
('TR-000000001267', '2018-09-05 00:03:53', 287, 2069, 1, 37, 2474000, 'TUNAI', '0', 1),
('TR-000000001268', '2018-09-05 00:03:53', 288, 2069, 1, 37, 2474000, 'TUNAI', '0', 1),
('TR-000000001269', '2018-09-05 00:03:53', 289, 2069, 1, 37, 2474000, 'TUNAI', '0', 1),
('TR-000000001270', '2018-09-05 00:03:53', 290, 2069, 1, 37, 2474000, 'TUNAI', '0', 1),
('TR-000000001271', '2018-09-05 00:03:53', 291, 2069, 1, 37, 2474000, 'TUNAI', '0', 1),
('TR-000000001272', '2018-09-05 00:03:53', 292, 2069, 1, 37, 2367000, 'TUNAI', '0', 1),
('TR-000000001273', '2018-09-05 00:03:53', 293, 2069, 1, 37, 2474000, 'TUNAI', '0', 1),
('TR-000000001274', '2018-09-05 00:03:53', 294, 2069, 1, 37, 1935000, 'TUNAI', '0', 1),
('TR-000000001275', '2018-09-05 00:03:53', 295, 2069, 1, 37, 395000, 'TUNAI', '0', 1),
('TR-000000001276', '2018-09-05 00:03:53', 296, 2069, 1, 37, 1945000, 'TUNAI', '0', 1),
('TR-000000001277', '2018-09-05 00:03:53', 248, 2073, 1, 37, 2474000, 'TUNAI', '0', 1),
('TR-000000001278', '2018-09-05 00:03:53', 249, 2073, 1, 37, 2474000, 'TUNAI', '0', 1),
('TR-000000001279', '2018-09-05 00:03:53', 250, 2073, 1, 37, 2474000, 'TUNAI', '0', 1),
('TR-000000001280', '2018-09-05 00:03:53', 251, 2073, 1, 37, 1867000, 'TUNAI', '0', 1),
('TR-000000001281', '2018-09-05 00:03:53', 252, 2073, 1, 37, 2474000, 'TUNAI', '0', 1),
('TR-000000001282', '2018-09-05 00:03:53', 253, 2073, 1, 37, 2474000, 'TUNAI', '0', 1),
('TR-000000001283', '2018-09-05 00:03:53', 254, 2073, 1, 37, 1285000, 'TUNAI', '0', 1),
('TR-000000001284', '2018-09-05 00:03:53', 255, 2073, 1, 37, 2474000, 'TUNAI', '0', 1),
('TR-000000001285', '2018-09-05 00:03:53', 256, 2073, 1, 37, 2474000, 'TUNAI', '0', 1),
('TR-000000001286', '2018-09-05 00:03:53', 257, 2073, 1, 37, 2474000, 'TUNAI', '0', 1),
('TR-000000001287', '2018-09-05 00:03:53', 258, 2073, 1, 37, 2474000, 'TUNAI', '0', 1),
('TR-000000001288', '2018-09-05 00:03:53', 259, 2073, 1, 37, 2474000, 'TUNAI', '0', 1),
('TR-000000001289', '2018-09-05 00:03:53', 260, 2073, 1, 37, 2474000, 'TUNAI', '0', 1),
('TR-000000001290', '2018-09-05 00:03:53', 261, 2073, 1, 37, 2474000, 'TUNAI', '0', 1),
('TR-000000001291', '2018-09-05 00:03:53', 262, 2073, 1, 37, 2474000, 'TUNAI', '0', 1),
('TR-000000001292', '2018-09-05 00:03:53', 263, 2073, 1, 37, 2474000, 'TUNAI', '0', 1),
('TR-000000001293', '2018-09-05 00:03:53', 264, 2073, 1, 37, 2474000, 'TUNAI', '0', 1),
('TR-000000001294', '2018-09-05 00:03:53', 265, 2073, 1, 37, 2249000, 'TUNAI', '0', 1),
('TR-000000001295', '2018-09-05 00:03:53', 266, 2073, 1, 37, 2474000, 'TUNAI', '0', 1),
('TR-000000001296', '2018-09-05 00:03:53', 267, 2073, 1, 37, 2474000, 'TUNAI', '0', 1),
('TR-000000001297', '2018-09-05 00:03:53', 268, 2073, 1, 37, 2474000, 'TUNAI', '0', 1),
('TR-000000001298', '2018-09-05 00:03:53', 269, 2073, 1, 37, 2474000, 'TUNAI', '0', 1),
('TR-000000001299', '2018-09-05 00:03:53', 270, 2073, 1, 37, 2474000, 'TUNAI', '0', 1),
('TR-000000001300', '2018-09-05 00:03:53', 372, 2070, 1, 37, 2474000, 'TUNAI', '0', 1),
('TR-000000001301', '2018-09-05 00:03:53', 373, 2070, 1, 37, 2474000, 'TUNAI', '0', 1),
('TR-000000001302', '2018-09-05 00:03:53', 374, 2070, 1, 37, 1379000, 'TUNAI', '0', 1),
('TR-000000001303', '2018-09-05 00:03:53', 375, 2070, 1, 37, 2474000, 'TUNAI', '0', 1),
('TR-000000001304', '2018-09-05 00:03:53', 376, 2070, 1, 37, 2474000, 'TUNAI', '0', 1),
('TR-000000001305', '2018-09-05 00:03:53', 377, 2070, 1, 37, 2362000, 'TUNAI', '0', 1),
('TR-000000001306', '2018-09-05 00:03:53', 378, 2070, 1, 37, 865000, 'TUNAI', '0', 1),
('TR-000000001307', '2018-09-05 00:03:53', 379, 2070, 1, 37, 2474000, 'TUNAI', '0', 1),
('TR-000000001308', '2018-09-05 00:03:53', 380, 2070, 1, 37, 2474000, 'TUNAI', '0', 1),
('TR-000000001309', '2018-09-05 00:03:53', 381, 2070, 1, 37, 1068000, 'TUNAI', '0', 1),
('TR-000000001310', '2018-09-05 00:03:53', 382, 2070, 1, 37, 1000000, 'TUNAI', '0', 1),
('TR-000000001311', '2018-09-05 00:03:53', 383, 2070, 1, 37, 2474000, 'TUNAI', '0', 1),
('TR-000000001312', '2018-09-05 00:03:53', 384, 2070, 1, 37, 2474000, 'TUNAI', '0', 1),
('TR-000000001313', '2018-09-05 00:03:53', 385, 2070, 1, 37, 2474000, 'TUNAI', '0', 1),
('TR-000000001314', '2018-09-05 00:03:53', 386, 2070, 1, 37, 2474000, 'TUNAI', '0', 1),
('TR-000000001315', '2018-09-05 00:03:53', 388, 2070, 1, 37, 2474000, 'TUNAI', '0', 1),
('TR-000000001316', '2018-09-05 00:03:53', 389, 2070, 1, 37, 2474000, 'TUNAI', '0', 1),
('TR-000000001317', '2018-09-05 00:03:53', 390, 2070, 1, 37, 1532000, 'TUNAI', '0', 1),
('TR-000000001318', '2018-09-05 00:03:53', 391, 2070, 1, 37, 2095000, 'TUNAI', '0', 1),
('TR-000000001319', '2018-09-05 00:03:53', 392, 2070, 1, 37, 2474000, 'TUNAI', '0', 1),
('TR-000000001320', '2018-09-05 00:03:53', 387, 2070, 1, 37, 2474000, 'TUNAI', '0', 1),
('TR-000000001321', '2018-09-05 00:03:53', 393, 2070, 1, 37, 2474000, 'TUNAI', '0', 1),
('TR-000000001322', '2018-09-05 00:03:53', 394, 2070, 1, 37, 2474000, 'TUNAI', '0', 1),
('TR-000000001323', '2018-09-05 00:03:53', 395, 2070, 1, 37, 2474000, 'TUNAI', '0', 1),
('TR-000000001324', '2018-09-05 00:03:53', 396, 2070, 1, 37, 2474000, 'TUNAI', '0', 1),
('TR-000000001325', '2018-09-05 00:03:53', 397, 2070, 1, 37, 585000, 'TUNAI', '0', 1),
('TR-000000001326', '2018-09-05 00:03:53', 398, 2071, 1, 37, 2474000, 'TUNAI', '0', 1),
('TR-000000001327', '2018-09-05 00:03:53', 399, 2071, 1, 37, 2474000, 'TUNAI', '0', 1),
('TR-000000001328', '2018-09-05 00:03:53', 400, 2071, 1, 37, 1427000, 'TUNAI', '0', 1),
('TR-000000001329', '2018-09-05 00:03:53', 401, 2071, 1, 37, 2474000, 'TUNAI', '0', 1),
('TR-000000001330', '2018-09-05 00:03:53', 402, 2071, 1, 37, 2474000, 'TUNAI', '0', 1),
('TR-000000001331', '2018-09-05 00:03:53', 403, 2071, 1, 37, 2474000, 'TUNAI', '0', 1),
('TR-000000001332', '2018-09-05 00:03:53', 404, 2071, 1, 37, 2474000, 'TUNAI', '0', 1),
('TR-000000001333', '2018-09-05 00:03:53', 405, 2071, 1, 37, 907000, 'TUNAI', '0', 1),
('TR-000000001334', '2018-09-05 00:03:53', 406, 2071, 1, 37, 2474000, 'TUNAI', '0', 1),
('TR-000000001335', '2018-09-05 00:03:53', 407, 2071, 1, 37, 2474000, 'TUNAI', '0', 1),
('TR-000000001336', '2018-09-05 00:03:53', 408, 2071, 1, 37, 2474000, 'TUNAI', '0', 1),
('TR-000000001337', '2018-09-05 00:03:53', 409, 2071, 1, 37, 2275000, 'TUNAI', '0', 1),
('TR-000000001338', '2018-09-05 00:03:53', 410, 2071, 1, 37, 2474000, 'TUNAI', '0', 1),
('TR-000000001339', '2018-09-05 00:03:53', 411, 2071, 1, 37, 1949000, 'TUNAI', '0', 1),
('TR-000000001340', '2018-09-05 00:03:53', 412, 2071, 1, 37, 2474000, 'TUNAI', '0', 1),
('TR-000000001341', '2018-09-05 00:03:53', 413, 2071, 1, 37, 1949000, 'TUNAI', '0', 1),
('TR-000000001342', '2018-09-05 00:03:53', 414, 2071, 1, 37, 2474000, 'TUNAI', '0', 1),
('TR-000000001343', '2018-09-05 00:03:53', 415, 2071, 1, 37, 2017000, 'TUNAI', '0', 1),
('TR-000000001344', '2018-09-05 00:03:53', 416, 2071, 1, 37, 2474000, 'TUNAI', '0', 1),
('TR-000000001345', '2018-09-05 00:03:53', 417, 2071, 1, 37, 2474000, 'TUNAI', '0', 1),
('TR-000000001346', '2018-09-05 00:03:53', 418, 2071, 1, 37, 2474000, 'TUNAI', '0', 1),
('TR-000000001347', '2018-09-05 00:03:53', 419, 2071, 1, 37, 1245000, 'TUNAI', '0', 1),
('TR-000000001348', '2018-09-05 00:03:53', 420, 2071, 1, 37, 370000, 'TUNAI', '0', 1),
('TR-000000001349', '2018-09-05 00:03:53', 421, 2071, 1, 37, 2474000, 'TUNAI', '0', 1),
('TR-000000001350', '2018-09-05 00:03:53', 422, 2071, 1, 37, 2474000, 'TUNAI', '0', 1),
('TR-000000001351', '2018-09-05 00:03:53', 423, 2071, 1, 37, 2474000, 'TUNAI', '0', 1),
('TR-000000001352', '2018-09-05 00:03:53', 424, 2072, 1, 37, 2474000, 'TUNAI', '0', 1),
('TR-000000001353', '2018-09-05 00:03:53', 425, 2072, 1, 37, 2474000, 'TUNAI', '0', 1),
('TR-000000001354', '2018-09-05 00:03:53', 448, 2072, 1, 37, 2474000, 'TUNAI', '0', 1),
('TR-000000001355', '2018-09-05 00:03:53', 447, 2072, 1, 37, 2474000, 'TUNAI', '0', 1),
('TR-000000001356', '2018-09-05 00:03:53', 426, 2072, 1, 37, 2474000, 'TUNAI', '0', 1),
('TR-000000001357', '2018-09-05 00:03:53', 427, 2072, 1, 37, 2424000, 'TUNAI', '0', 1),
('TR-000000001358', '2018-09-05 00:03:53', 428, 2072, 1, 37, 2474000, 'TUNAI', '0', 1),
('TR-000000001359', '2018-09-05 00:03:53', 429, 2072, 1, 37, 450000, 'TUNAI', '0', 1),
('TR-000000001360', '2018-09-05 00:03:53', 430, 2072, 1, 37, 2474000, 'TUNAI', '0', 1),
('TR-000000001361', '2018-09-05 00:03:53', 431, 2072, 1, 37, 2474000, 'TUNAI', '0', 1),
('TR-000000001362', '2018-09-05 00:03:53', 432, 2072, 1, 37, 2474000, 'TUNAI', '0', 1),
('TR-000000001363', '2018-09-05 00:03:53', 433, 2072, 1, 37, 2474000, 'TUNAI', '0', 1),
('TR-000000001364', '2018-09-05 00:03:53', 434, 2072, 1, 37, 2474000, 'TUNAI', '0', 1),
('TR-000000001365', '2018-09-05 00:03:53', 435, 2072, 1, 37, 2045000, 'TUNAI', '0', 1),
('TR-000000001366', '2018-09-05 00:03:53', 436, 2072, 1, 37, 2202000, 'TUNAI', '0', 1),
('TR-000000001367', '2018-09-05 00:03:53', 437, 2072, 1, 37, 2110000, 'TUNAI', '0', 1),
('TR-000000001368', '2018-09-05 00:03:53', 438, 2072, 1, 37, 2474000, 'TUNAI', '0', 1),
('TR-000000001369', '2018-09-05 00:03:53', 439, 2072, 1, 37, 2050000, 'TUNAI', '0', 1),
('TR-000000001370', '2018-09-05 00:03:53', 440, 2072, 1, 37, 2474000, 'TUNAI', '0', 1),
('TR-000000001371', '2018-09-05 00:03:53', 441, 2072, 1, 37, 2474000, 'TUNAI', '0', 1),
('TR-000000001372', '2018-09-05 00:03:53', 442, 2072, 1, 37, 2474000, 'TUNAI', '0', 1),
('TR-000000001373', '2018-09-05 00:03:53', 443, 2072, 1, 37, 2474000, 'TUNAI', '0', 1),
('TR-000000001377', '2018-09-06 03:32:11', 134, 2062, 1, 11, 150000, 'TUNAI', '0', 1),
('TR-000000001378', '2018-09-06 03:32:49', 58, 2056, 1, 13, 325000, 'TUNAI', '0', 3),
('TR-000000001379', '2018-09-06 03:33:15', 58, 2056, 1, 10, 175000, 'TUNAI', '0', 1),
('TR-000000001380', '2018-09-06 03:37:47', 113, 2041, 1, 12, 400000, 'TUNAI', '0', 3),
('TR-000000001381', '2018-09-06 03:38:17', 184, 2045, 1, 12, 650000, 'TUNAI', '0', 2),
('TR-000000001382', '2018-09-06 03:38:39', 184, 2045, 1, 9, 150000, 'TUNAI', '0', 1),
('TR-000000001383', '2018-09-06 03:39:01', 184, 2045, 1, 11, 150000, 'TUNAI', '0', 1),
('TR-000000001384', '2018-09-06 03:39:24', 184, 2045, 1, 18, 150000, 'TUNAI', '0', 1),
('TR-000000001385', '2018-09-06 03:39:48', 184, 2045, 1, 20, 150000, 'TUNAI', '0', 1),
('TR-000000001386', '2018-09-06 03:40:16', 184, 2045, 1, 22, 150000, 'TUNAI', '0', 1),
('TR-000000001387', '2018-09-06 03:40:39', 54, 2056, 1, 10, 175000, 'TUNAI', '0', 1),
('TR-000000001388', '2018-09-06 03:41:09', 69, 2056, 1, 10, 175000, 'TUNAI', '0', 1),
('TR-000000001389', '2018-09-06 03:41:44', 133, 2062, 1, 12, 350000, 'TUNAI', '0', 3),
('TR-000000001390', '2018-09-06 03:42:10', 133, 2062, 1, 9, 150000, 'TUNAI', '0', 1),
('TR-000000001391', '2018-09-06 03:43:21', 120, 2062, 1, 12, 350000, 'TUNAI', '0', 2),
('TR-000000001392', '2018-09-06 03:43:43', 120, 2062, 1, 9, 150000, 'TUNAI', '0', 1),
('TR-000000001393', '2018-09-06 03:44:07', 199, 2046, 1, 12, 150000, 'TUNAI', '0', 3),
('TR-000000001394', '2018-09-06 03:44:30', 199, 2046, 1, 9, 150000, 'TUNAI', '0', 1),
('TR-000000001395', '2018-09-06 03:45:07', 495, 2044, 1, 9, 150000, 'TUNAI', '0', 1),
('TR-000000001396', '2018-09-06 03:45:33', 638, 2060, 1, 17, 200000, 'TUNAI', '0', 1),
('TR-000000001397', '2018-09-06 03:45:57', 326, 2048, 1, 9, 50000, 'TUNAI', '0', 2),
('TR-000000001398', '2018-09-06 03:46:45', 326, 2048, 1, 11, 100000, 'TUNAI', '0', 1),
('TR-000000001399', '2018-09-06 03:47:08', 333, 2048, 1, 14, 1000000, 'TUNAI', '0', 1),
('TR-000000001400', '2018-09-06 03:47:41', 102, 2041, 1, 11, 150000, 'TUNAI', '0', 1),
('TR-000000001401', '2018-09-06 03:48:04', 580, 2050, 1, 11, 150000, 'TUNAI', '0', 1),
('TR-000000001402', '2018-09-06 04:09:41', 449, 2043, 1, 38, 3074000, 'TUNAI', '0', 1),
('TR-000000001403', '2018-09-06 04:24:14', 451, 2043, 1, 38, 5327000, 'TUNAI', '0', 1),
('TR-000000001404', '2018-09-06 04:24:35', 450, 2043, 1, 38, 5327000, 'TUNAI', '0', 1),
('TR-000000001405', '2018-09-06 04:24:58', 452, 2043, 1, 38, 3545000, 'TUNAI', '0', 1),
('TR-000000001406', '2018-09-06 04:25:42', 453, 2043, 1, 38, 4070000, 'TUNAI', '0', 1),
('TR-000000001407', '2018-09-06 04:26:03', 454, 2043, 1, 38, 1795000, 'TUNAI', '0', 1),
('TR-000000001408', '2018-09-06 04:26:21', 455, 2043, 1, 38, 1835000, 'TUNAI', '0', 1),
('TR-000000001409', '2018-09-06 04:26:50', 456, 2043, 1, 38, 5327000, 'TUNAI', '0', 1),
('TR-000000001410', '2018-09-06 04:27:06', 457, 2043, 1, 38, 3991000, 'TUNAI', '0', 1),
('TR-000000001411', '2018-09-06 04:27:17', 458, 2043, 1, 38, 1190000, 'TUNAI', '0', 1),
('TR-000000001412', '2018-09-06 04:27:31', 459, 2043, 1, 38, 1598000, 'TUNAI', '0', 1),
('TR-000000001413', '2018-09-06 04:27:49', 461, 2043, 1, 38, 5285000, 'TUNAI', '0', 1),
('TR-000000001414', '2018-09-06 04:28:08', 462, 2043, 1, 38, 3250000, 'TUNAI', '0', 1),
('TR-000000001415', '2018-09-06 04:28:28', 474, 2043, 1, 38, 4608000, 'TUNAI', '0', 1),
('TR-000000001416', '2018-09-06 04:28:51', 463, 2043, 1, 38, 2540000, 'TUNAI', '0', 1),
('TR-000000001417', '2018-09-09 20:38:55', 547, 2054, 1, 16, 500000, 'TUNAI', '0', 1),
('TR-000000001418', '2018-09-09 20:39:14', 279, 2053, 1, 9, 150000, 'TUNAI', '0', 1),
('TR-000000001419', '2018-09-09 20:39:36', 293, 2053, 1, 14, 150000, 'TUNAI', '0', 1),
('TR-000000001420', '2018-09-09 20:39:55', 293, 2053, 1, 9, 150000, 'TUNAI', '0', 1),
('TR-000000001421', '2018-09-09 20:40:16', 273, 2053, 1, 11, 150000, 'TUNAI', '0', 1),
('TR-000000001422', '2018-09-09 20:40:44', 286, 2053, 1, 14, 150000, 'TUNAI', '0', 1),
('TR-000000001423', '2018-09-09 20:41:12', 85, 2040, 1, 12, 215000, 'TUNAI', '0', 3),
('TR-000000001424', '2018-09-09 20:42:24', 85, 2040, 1, 11, 150000, 'TUNAI', '0', 1),
('TR-000000001425', '2018-09-09 20:42:43', 85, 2040, 1, 18, 85000, 'TUNAI', '0', 1),
('TR-000000001426', '2018-09-09 20:43:18', 107, 2041, 1, 12, 360000, 'TUNAI', '0', 3),
('TR-000000001427', '2018-09-09 20:43:36', 107, 2041, 1, 11, 150000, 'TUNAI', '0', 1),
('TR-000000001428', '2018-09-09 20:44:32', 269, 2063, 1, 14, 150000, 'TUNAI', '0', 3),
('TR-000000001429', '2018-09-09 20:46:47', 269, 2063, 1, 14, 25000, 'TUNAI', '0', 4),
('TR-000000001430', '2018-09-09 20:47:11', 269, 2063, 1, 11, 150000, 'TUNAI', '0', 1),
('TR-000000001431', '2018-09-09 20:47:32', 127, 2062, 1, 12, 150000, 'TUNAI', '0', 2),
('TR-000000001432', '2018-09-09 20:47:48', 127, 2062, 1, 9, 150000, 'TUNAI', '0', 1),
('TR-000000001433', '2018-09-09 20:48:02', 127, 2062, 1, 11, 150000, 'TUNAI', '0', 1),
('TR-000000001434', '2018-09-09 20:48:20', 119, 2062, 1, 12, 700000, 'TUNAI', '0', 2),
('TR-000000001435', '2018-09-09 20:48:37', 119, 2062, 1, 9, 150000, 'TUNAI', '0', 1),
('TR-000000001436', '2018-09-09 20:48:54', 119, 2062, 1, 11, 150000, 'TUNAI', '0', 1),
('TR-000000001437', '2018-09-09 20:49:11', 118, 2062, 1, 11, 150000, 'TUNAI', '0', 1),
('TR-000000001438', '2018-09-09 20:50:38', 17, 2055, 1, 13, 375000, 'TUNAI', '0', 3),
('TR-000000001439', '2018-09-09 20:51:20', 17, 2055, 1, 10, 175000, 'TUNAI', '0', 1),
('TR-000000001440', '2018-09-09 20:51:44', 88, 2040, 1, 12, 415000, 'TUNAI', '0', 3),
('TR-000000001441', '2018-09-09 20:52:00', 88, 2040, 1, 11, 150000, 'TUNAI', '0', 1),
('TR-000000001442', '2018-09-09 20:52:16', 88, 2040, 1, 18, 150000, 'TUNAI', '0', 1),
('TR-000000001443', '2018-09-09 20:52:35', 574, 2050, 1, 9, 150000, 'TUNAI', '0', 1),
('TR-000000001444', '2018-09-09 20:53:14', 198, 2046, 1, 12, 150000, 'TUNAI', '0', 2),
('TR-000000001445', '2018-09-09 20:53:29', 203, 2046, 1, 12, 350000, 'TUNAI', '0', 2),
('TR-000000001446', '2018-09-09 20:53:43', 203, 2046, 1, 9, 150000, 'TUNAI', '0', 1),
('TR-000000001447', '2018-09-09 20:54:09', 215, 2046, 1, 12, 565000, 'TUNAI', '0', 2),
('TR-000000001448', '2018-09-09 20:54:24', 215, 2046, 1, 9, 150000, 'TUNAI', '0', 1),
('TR-000000001449', '2018-09-09 20:54:40', 215, 2046, 1, 11, 150000, 'TUNAI', '0', 1),
('TR-000000001450', '2018-09-09 20:56:23', 518, 2064, 1, 16, 388000, 'TUNAI', '0', 1),
('TR-000000001451', '2018-09-09 20:56:50', 518, 2064, 1, 9, 150000, 'TUNAI', '0', 1),
('TR-000000001452', '2018-09-09 20:57:05', 518, 2064, 1, 11, 150000, 'TUNAI', '0', 1),
('TR-000000001453', '2018-09-09 20:57:22', 152, 2052, 1, 12, 350000, 'TUNAI', '0', 2),
('TR-000000001454', '2018-09-09 20:57:38', 152, 2052, 1, 9, 150000, 'TUNAI', '0', 1),
('TR-000000001455', '2018-09-09 20:57:54', 143, 2052, 1, 12, 500000, 'TUNAI', '0', 2),
('TR-000000001456', '2018-09-09 20:58:17', 143, 2052, 1, 9, 150000, 'TUNAI', '0', 1),
('TR-000000001457', '2018-09-09 20:58:33', 160, 2052, 1, 11, 150000, 'TUNAI', '0', 1),
('TR-000000001458', '2018-09-09 20:58:55', 139, 2052, 1, 12, 150000, 'TUNAI', '0', 2),
('TR-000000001459', '2018-09-09 20:59:12', 139, 2052, 1, 9, 150000, 'TUNAI', '0', 1),
('TR-000000001460', '2018-09-09 20:59:26', 165, 2052, 1, 11, 150000, 'TUNAI', '0', 1),
('TR-000000001461', '2018-09-09 21:01:20', 261, 2063, 1, 20, 150000, 'TUNAI', '0', 1),
('TR-000000001462', '2018-09-09 21:01:49', 261, 2063, 1, 22, 150000, 'TUNAI', '0', 1),
('TR-000000001463', '2018-09-09 21:02:17', 261, 2063, 1, 24, 150000, 'TUNAI', '0', 1),
('TR-000000001464', '2018-09-09 21:02:32', 262, 2063, 1, 9, 150000, 'TUNAI', '0', 1),
('TR-000000001465', '2018-09-09 21:02:50', 252, 2063, 1, 14, 200000, 'TUNAI', '0', 3),
('TR-000000001466', '2018-09-09 21:03:09', 250, 2063, 1, 9, 150000, 'TUNAI', '0', 1),
('TR-000000001467', '2018-09-09 21:03:24', 250, 2063, 1, 11, 150000, 'TUNAI', '0', 1),
('TR-000000001468', '2018-09-09 21:06:35', 460, 2043, 1, 38, 4835000, 'TUNAI', '0', 1),
('TR-000000001469', '2018-09-09 21:06:56', 464, 2043, 1, 38, 5327000, 'TUNAI', '0', 1),
('TR-000000001470', '2018-09-09 21:07:12', 465, 2043, 1, 38, 5327000, 'TUNAI', '0', 1),
('TR-000000001471', '2018-09-09 21:07:27', 467, 2043, 1, 38, 5250000, 'TUNAI', '0', 1),
('TR-000000001472', '2018-09-09 21:07:42', 466, 2043, 1, 38, 3235000, 'TUNAI', '0', 1),
('TR-000000001473', '2018-09-09 21:08:01', 468, 2043, 1, 38, 5327000, 'TUNAI', '0', 1),
('TR-000000001474', '2018-09-09 21:08:17', 469, 2043, 1, 38, 5327000, 'TUNAI', '0', 1),
('TR-000000001475', '2018-09-09 21:08:37', 470, 2043, 1, 38, 2050000, 'TUNAI', '0', 1),
('TR-000000001476', '2018-09-09 21:08:54', 471, 2043, 1, 38, 5327000, 'TUNAI', '0', 1),
('TR-000000001477', '2018-09-09 21:09:10', 472, 2043, 1, 38, 5308000, 'TUNAI', '0', 1),
('TR-000000001478', '2018-09-09 21:09:25', 473, 2043, 1, 38, 2670000, 'TUNAI', '0', 1),
('TR-000000001479', '2018-09-09 21:09:41', 475, 2044, 1, 38, 5327000, 'TUNAI', '0', 1),
('TR-000000001480', '2018-09-09 21:09:59', 476, 2044, 1, 38, 5327000, 'TUNAI', '0', 1),
('TR-000000001481', '2018-09-09 21:10:16', 477, 2044, 1, 38, 2697000, 'TUNAI', '0', 1),
('TR-000000001482', '2018-09-09 21:10:34', 478, 2044, 1, 38, 5327000, 'TUNAI', '0', 1),
('TR-000000001483', '2018-09-09 21:10:50', 479, 2044, 1, 38, 5327000, 'TUNAI', '0', 1),
('TR-000000001484', '2018-09-09 21:11:04', 480, 2044, 1, 38, 4427000, 'TUNAI', '0', 1),
('TR-000000001485', '2018-09-09 21:11:20', 481, 2044, 1, 38, 5327000, 'TUNAI', '0', 1),
('TR-000000001486', '2018-09-09 21:11:35', 482, 2044, 1, 38, 4263000, 'TUNAI', '0', 1),
('TR-000000001487', '2018-09-09 21:11:52', 483, 2044, 1, 38, 4884000, 'TUNAI', '0', 1),
('TR-000000001488', '2018-09-09 21:12:08', 484, 2044, 1, 38, 5327000, 'TUNAI', '0', 1),
('TR-000000001489', '2018-09-09 21:12:33', 485, 2044, 1, 38, 4304000, 'TUNAI', '0', 1),
('TR-000000001490', '2018-09-09 21:12:49', 486, 2044, 1, 38, 5327000, 'TUNAI', '0', 1),
('TR-000000001491', '2018-09-09 21:13:05', 487, 2044, 1, 38, 4245000, 'TUNAI', '0', 1),
('TR-000000001492', '2018-09-09 21:13:25', 488, 2044, 1, 38, 5327000, 'TUNAI', '0', 1),
('TR-000000001493', '2018-09-09 21:14:01', 502, 2044, 1, 38, 5327000, 'TUNAI', '0', 1),
('TR-000000001494', '2018-09-09 21:14:19', 494, 2044, 1, 38, 5235000, 'TUNAI', '0', 1),
('TR-000000001495', '2018-09-09 21:15:52', 151, 2052, 1, 11, 150000, 'TUNAI', '0', 1),
('TR-000000001496', '2018-09-09 21:16:32', 489, 2044, 1, 38, 4420000, 'TUNAI', '0', 1),
('TR-000000001497', '2018-09-09 21:16:51', 490, 2044, 1, 38, 5327000, 'TUNAI', '0', 1),
('TR-000000001498', '2018-09-09 21:17:08', 491, 2044, 1, 38, 4228000, 'TUNAI', '0', 1),
('TR-000000001499', '2018-09-09 21:17:24', 492, 2044, 1, 38, 5327000, 'TUNAI', '0', 1),
('TR-000000001500', '2018-09-09 21:18:21', 493, 2044, 1, 38, 5138000, 'TUNAI', '0', 1),
('TR-000000001501', '2018-09-09 21:18:41', 495, 2044, 1, 38, 5327000, 'TUNAI', '0', 1),
('TR-000000001502', '2018-09-09 21:18:55', 496, 2044, 1, 38, 5327000, 'TUNAI', '0', 1),
('TR-000000001503', '2018-09-09 21:19:11', 497, 2044, 1, 38, 5171000, 'TUNAI', '0', 1),
('TR-000000001504', '2018-09-09 21:19:33', 498, 2044, 1, 38, 2478000, 'TUNAI', '0', 1),
('TR-000000001505', '2018-09-09 21:19:48', 499, 2044, 1, 38, 3653000, 'TUNAI', '0', 1),
('TR-000000001506', '2018-09-09 21:20:07', 500, 2044, 1, 38, 4414000, 'TUNAI', '0', 1),
('TR-000000001507', '2018-09-09 21:20:20', 501, 2044, 1, 38, 5327000, 'TUNAI', '0', 1),
('TR-000000001508', '2018-09-09 21:20:40', 553, 2050, 1, 38, 3045000, 'TUNAI', '0', 1),
('TR-000000001509', '2018-09-09 21:20:56', 554, 2050, 1, 38, 5327000, 'TUNAI', '0', 1),
('TR-000000001510', '2018-09-09 21:21:11', 557, 2050, 1, 38, 5327000, 'TUNAI', '0', 1),
('TR-000000001511', '2018-09-09 21:21:27', 555, 2050, 1, 38, 5327000, 'TUNAI', '0', 1),
('TR-000000001512', '2018-09-09 21:21:42', 556, 2050, 1, 38, 5327000, 'TUNAI', '0', 1),
('TR-000000001513', '2018-09-09 21:21:55', 558, 2050, 1, 38, 5327000, 'TUNAI', '0', 1),
('TR-000000001514', '2018-09-09 21:22:13', 559, 2050, 1, 38, 5177000, 'TUNAI', '0', 1),
('TR-000000001515', '2018-09-09 21:22:28', 560, 2050, 1, 38, 5327000, 'TUNAI', '0', 1),
('TR-000000001516', '2018-09-09 21:22:52', 561, 2050, 1, 38, 1114500, 'TUNAI', '0', 1),
('TR-000000001517', '2018-09-09 21:23:06', 562, 2050, 1, 38, 2102000, 'TUNAI', '0', 1),
('TR-000000001518', '2018-09-09 21:23:22', 563, 2050, 1, 38, 5327000, 'TUNAI', '0', 1),
('TR-000000001519', '2018-09-09 21:23:41', 564, 2050, 1, 38, 3513000, 'TUNAI', '0', 1),
('TR-000000001520', '2018-09-09 21:23:56', 566, 2050, 1, 38, 3430000, 'TUNAI', '0', 1),
('TR-000000001521', '2018-09-09 21:24:13', 567, 2050, 1, 38, 5327000, 'TUNAI', '0', 1),
('TR-000000001522', '2018-09-09 21:27:02', 569, 2050, 1, 38, 5327000, 'TUNAI', '0', 1),
('TR-000000001523', '2018-09-09 21:27:21', 570, 2050, 1, 38, 5184000, 'TUNAI', '0', 1),
('TR-000000001524', '2018-09-09 21:27:38', 572, 2050, 1, 38, 2232000, 'TUNAI', '0', 1),
('TR-000000001525', '2018-09-09 21:27:55', 571, 2050, 1, 38, 4230000, 'TUNAI', '0', 1),
('TR-000000001526', '2018-09-09 21:28:13', 574, 2050, 1, 38, 5327000, 'TUNAI', '0', 1),
('TR-000000001527', '2018-09-09 21:29:15', 575, 2050, 1, 38, 4461000, 'TUNAI', '0', 1),
('TR-000000001528', '2018-09-09 21:29:34', 579, 2050, 1, 38, 5327000, 'TUNAI', '0', 1),
('TR-000000001529', '2018-09-09 21:29:53', 576, 2050, 1, 38, 4993000, 'TUNAI', '0', 1),
('TR-000000001530', '2018-09-09 21:30:10', 577, 2050, 1, 38, 5327000, 'TUNAI', '0', 1),
('TR-000000001531', '2018-09-09 21:31:27', 578, 2050, 1, 38, 5327000, 'TUNAI', '0', 1),
('TR-000000001532', '2018-09-09 21:31:43', 573, 2050, 1, 38, 4120000, 'TUNAI', '0', 1),
('TR-000000001533', '2018-09-09 21:31:57', 565, 2050, 1, 38, 5327000, 'TUNAI', '0', 1),
('TR-000000001534', '2018-09-09 21:32:15', 568, 2050, 1, 38, 5327000, 'TUNAI', '0', 1),
('TR-000000001535', '2018-09-09 21:32:47', 580, 2050, 1, 38, 5327000, 'TUNAI', '0', 1),
('TR-000000001536', '2018-09-09 21:34:09', 581, 2050, 1, 38, 4912000, 'TUNAI', '0', 1),
('TR-000000001537', '2018-09-09 21:34:25', 582, 2050, 1, 38, 5327000, 'TUNAI', '0', 1),
('TR-000000001538', '2018-09-09 21:34:44', 583, 2050, 1, 38, 5327000, 'TUNAI', '0', 1),
('TR-000000001539', '2018-09-09 21:35:00', 584, 2050, 1, 38, 2625000, 'TUNAI', '0', 1),
('TR-000000001540', '2018-09-09 21:35:25', 585, 2050, 1, 38, 4263000, 'TUNAI', '0', 1),
('TR-000000001541', '2018-09-09 21:35:48', 586, 2050, 1, 38, 5327000, 'TUNAI', '0', 1),
('TR-000000001542', '2018-09-09 21:36:04', 587, 2051, 1, 38, 4119000, 'TUNAI', '0', 1),
('TR-000000001543', '2018-09-09 21:36:21', 588, 2051, 1, 38, 5155000, 'TUNAI', '0', 1),
('TR-000000001544', '2018-09-09 21:36:36', 589, 2051, 1, 38, 5327000, 'TUNAI', '0', 1),
('TR-000000001545', '2018-09-09 21:36:56', 590, 2051, 1, 38, 5327000, 'TUNAI', '0', 1),
('TR-000000001546', '2018-09-09 22:04:42', 591, 2051, 1, 38, 5327000, 'TUNAI', '0', 1),
('TR-000000001547', '2018-09-09 22:04:59', 592, 2051, 1, 38, 5327000, 'TUNAI', '0', 1),
('TR-000000001548', '2018-09-09 22:05:19', 593, 2051, 1, 38, 5037000, 'TUNAI', '0', 1),
('TR-000000001549', '2018-09-09 22:05:35', 594, 2051, 1, 38, 5100000, 'TUNAI', '0', 1),
('TR-000000001550', '2018-09-09 22:05:51', 595, 2051, 1, 38, 3562000, 'TUNAI', '0', 1),
('TR-000000001551', '2018-09-09 22:06:09', 596, 2051, 1, 38, 5327000, 'TUNAI', '0', 1),
('TR-000000001552', '2018-09-09 22:06:24', 597, 2051, 1, 38, 5327000, 'TUNAI', '0', 1),
('TR-000000001553', '2018-09-09 22:06:41', 600, 2051, 1, 38, 5327000, 'TUNAI', '0', 1),
('TR-000000001554', '2018-09-09 22:06:56', 601, 2051, 1, 38, 4303000, 'TUNAI', '0', 1),
('TR-000000001555', '2018-09-09 22:07:16', 603, 2051, 1, 38, 5327000, 'TUNAI', '0', 1),
('TR-000000001556', '2018-09-09 22:07:33', 605, 2051, 1, 38, 3191000, 'TUNAI', '0', 1),
('TR-000000001557', '2018-09-09 22:07:48', 599, 2051, 1, 38, 5327000, 'TUNAI', '0', 1),
('TR-000000001558', '2018-09-09 22:08:51', 606, 2051, 1, 38, 4347000, 'TUNAI', '0', 1),
('TR-000000001559', '2018-09-09 22:09:06', 607, 2051, 1, 38, 5327000, 'TUNAI', '0', 1),
('TR-000000001560', '2018-09-09 22:09:21', 608, 2051, 1, 38, 5327000, 'TUNAI', '0', 1),
('TR-000000001561', '2018-09-09 22:09:36', 604, 2051, 1, 38, 5327000, 'TUNAI', '0', 1),
('TR-000000001562', '2018-09-09 22:10:13', 609, 2051, 1, 38, 5327000, 'TUNAI', '0', 1),
('TR-000000001563', '2018-09-09 22:14:10', 610, 2051, 1, 38, 5065000, 'TUNAI', '0', 1),
('TR-000000001564', '2018-09-09 22:14:28', 611, 2051, 1, 38, 5327000, 'TUNAI', '0', 1),
('TR-000000001565', '2018-09-09 22:14:48', 612, 2051, 1, 38, 5302000, 'TUNAI', '0', 1),
('TR-000000001566', '2018-09-09 22:18:17', 614, 2051, 1, 38, 5327000, 'TUNAI', '0', 1),
('TR-000000001567', '2018-09-09 22:18:40', 613, 2051, 1, 38, 2018000, 'TUNAI', '0', 1),
('TR-000000001568', '2018-09-09 22:18:53', 602, 2051, 1, 38, 5327000, 'TUNAI', '0', 1),
('TR-000000001569', '2018-09-09 22:19:09', 598, 2051, 1, 38, 5327000, 'TUNAI', '0', 1),
('TR-000000001570', '2018-09-09 22:19:23', 615, 2051, 1, 38, 5327000, 'TUNAI', '0', 1),
('TR-000000001571', '2018-09-09 22:19:40', 616, 2051, 1, 38, 5327000, 'TUNAI', '0', 1),
('TR-000000001572', '2018-09-09 22:19:54', 617, 2051, 1, 38, 5327000, 'TUNAI', '0', 1),
('TR-000000001573', '2018-09-09 22:20:33', 618, 2051, 1, 38, 5327000, 'TUNAI', '0', 1),
('TR-000000001574', '2018-09-09 22:20:54', 619, 2051, 1, 38, 5327000, 'TUNAI', '0', 1),
('TR-000000001575', '2018-09-09 22:21:14', 620, 2051, 1, 38, 5315000, 'TUNAI', '0', 1),
('TR-000000001576', '2018-09-09 22:21:30', 621, 2051, 1, 38, 5327000, 'TUNAI', '0', 1),
('TR-000000001577', '2018-09-09 22:21:49', 523, 2054, 1, 38, 4389000, 'TUNAI', '0', 1),
('TR-000000001578', '2018-09-09 22:22:06', 524, 2054, 1, 38, 5327000, 'TUNAI', '0', 1),
('TR-000000001579', '2018-09-09 22:22:21', 525, 2054, 1, 38, 5327000, 'TUNAI', '0', 1),
('TR-000000001580', '2018-09-09 22:22:35', 526, 2054, 1, 38, 5327000, 'TUNAI', '0', 1),
('TR-000000001581', '2018-09-09 22:22:48', 527, 2054, 1, 38, 5327000, 'TUNAI', '0', 1),
('TR-000000001582', '2018-09-09 22:23:13', 528, 2054, 1, 38, 5327000, 'TUNAI', '0', 1),
('TR-000000001583', '2018-09-09 22:23:29', 529, 2054, 1, 38, 5327000, 'TUNAI', '0', 1),
('TR-000000001584', '2018-09-09 22:23:46', 530, 2054, 1, 38, 4618000, 'TUNAI', '0', 1),
('TR-000000001585', '2018-09-09 22:24:04', 531, 2054, 1, 38, 2774000, 'TUNAI', '0', 1),
('TR-000000001586', '2018-09-09 22:24:22', 532, 2054, 1, 38, 3807000, 'TUNAI', '0', 1),
('TR-000000001587', '2018-09-09 22:24:40', 533, 2054, 1, 38, 4328000, 'TUNAI', '0', 1),
('TR-000000001588', '2018-09-09 22:24:54', 535, 2054, 1, 38, 5327000, 'TUNAI', '0', 1),
('TR-000000001589', '2018-09-09 22:25:10', 536, 2054, 1, 38, 5327000, 'TUNAI', '0', 1),
('TR-000000001590', '2018-09-09 22:25:35', 537, 2054, 1, 38, 4402000, 'TUNAI', '0', 1),
('TR-000000001591', '2018-09-09 23:28:41', 538, 2054, 1, 38, 3700000, 'TUNAI', '0', 1),
('TR-000000001592', '2018-09-09 23:28:58', 539, 2054, 1, 38, 5307000, 'TUNAI', '0', 1),
('TR-000000001593', '2018-09-09 23:29:15', 540, 2054, 1, 38, 5163000, 'TUNAI', '0', 1),
('TR-000000001594', '2018-09-09 23:29:31', 541, 2054, 1, 38, 3228000, 'TUNAI', '0', 1),
('TR-000000001595', '2018-09-09 23:29:46', 551, 2054, 1, 38, 5149000, 'TUNAI', '0', 1),
('TR-000000001596', '2018-09-09 23:30:07', 542, 2054, 1, 38, 5327000, 'TUNAI', '0', 1),
('TR-000000001597', '2018-09-09 23:30:24', 543, 2054, 1, 38, 5327000, 'TUNAI', '0', 1),
('TR-000000001598', '2018-09-09 23:30:44', 544, 2054, 1, 38, 4521000, 'TUNAI', '0', 1),
('TR-000000001599', '2018-09-09 23:31:00', 534, 2054, 1, 38, 3458000, 'TUNAI', '0', 1),
('TR-000000001600', '2018-09-09 23:31:17', 552, 2054, 1, 38, 5327000, 'TUNAI', '0', 1),
('TR-000000001601', '2018-09-09 23:32:26', 545, 2054, 1, 38, 3376000, 'TUNAI', '0', 1),
('TR-000000001602', '2018-09-09 23:33:28', 546, 2054, 1, 38, 4723000, 'TUNAI', '0', 1),
('TR-000000001603', '2018-09-09 23:33:53', 547, 2054, 1, 38, 5258000, 'TUNAI', '0', 1),
('TR-000000001604', '2018-09-09 23:34:11', 548, 2054, 1, 38, 5327000, 'TUNAI', '0', 1),
('TR-000000001605', '2018-09-09 23:34:30', 549, 2054, 1, 38, 5327000, 'TUNAI', '0', 1),
('TR-000000001606', '2018-09-09 23:34:45', 550, 2054, 1, 38, 4836000, 'TUNAI', '0', 1),
('TR-000000001607', '2018-09-09 23:35:02', 503, 2064, 1, 38, 5327000, 'TUNAI', '0', 1),
('TR-000000001608', '2018-09-09 23:35:21', 504, 2064, 1, 38, 5263000, 'TUNAI', '0', 1),
('TR-000000001609', '2018-09-09 23:35:36', 505, 2064, 1, 38, 4845000, 'TUNAI', '0', 1),
('TR-000000001610', '2018-09-09 23:35:53', 506, 2064, 1, 38, 5327000, 'TUNAI', '0', 1),
('TR-000000001611', '2018-09-09 23:36:08', 507, 2064, 1, 38, 5327000, 'TUNAI', '0', 1),
('TR-000000001612', '2018-09-09 23:36:28', 508, 2064, 1, 38, 3990000, 'TUNAI', '0', 1),
('TR-000000001613', '2018-09-09 23:37:07', 509, 2064, 1, 38, 5327000, 'TUNAI', '0', 1),
('TR-000000001614', '2018-09-09 23:37:24', 510, 2064, 1, 38, 5327000, 'TUNAI', '0', 1),
('TR-000000001615', '2018-09-09 23:37:44', 511, 2064, 1, 38, 2445000, 'TUNAI', '0', 1),
('TR-000000001616', '2018-09-09 23:38:02', 512, 2064, 1, 38, 5327000, 'TUNAI', '0', 1),
('TR-000000001617', '2018-09-09 23:38:22', 513, 2064, 1, 38, 4718000, 'TUNAI', '0', 1),
('TR-000000001618', '2018-09-09 23:38:42', 514, 2064, 1, 38, 5327000, 'TUNAI', '0', 1),
('TR-000000001619', '2018-09-09 23:38:56', 515, 2064, 1, 38, 5327000, 'TUNAI', '0', 1),
('TR-000000001620', '2018-09-09 23:39:19', 516, 2064, 1, 38, 5327000, 'TUNAI', '0', 1),
('TR-000000001621', '2018-09-09 23:39:35', 517, 2064, 1, 38, 3579000, 'TUNAI', '0', 1),
('TR-000000001622', '2018-09-09 23:39:52', 518, 2064, 1, 38, 5015000, 'TUNAI', '0', 1),
('TR-000000001623', '2018-09-09 23:42:12', 519, 2064, 1, 38, 5327000, 'TUNAI', '0', 1),
('TR-000000001624', '2018-09-09 23:42:33', 520, 2064, 1, 38, 5327000, 'TUNAI', '0', 1),
('TR-000000001625', '2018-09-09 23:42:50', 521, 2064, 1, 38, 5327000, 'TUNAI', '0', 1),
('TR-000000001626', '2018-09-09 23:43:09', 522, 2064, 1, 38, 1337000, 'TUNAI', '0', 1),
('TR-000000001627', '2018-09-10 08:03:14', 622, 2060, 1, 38, 5327000, 'TUNAI', '0', 1),
('TR-000000001628', '2018-09-10 08:03:30', 623, 2060, 1, 38, 4095000, 'TUNAI', '0', 1),
('TR-000000001629', '2018-09-10 08:03:41', 624, 2060, 1, 38, 5327000, 'TUNAI', '0', 1),
('TR-000000001630', '2018-09-10 08:03:59', 625, 2060, 1, 38, 4765000, 'TUNAI', '0', 1),
('TR-000000001631', '2018-09-10 08:04:11', 626, 2060, 1, 38, 4067000, 'TUNAI', '0', 1),
('TR-000000001632', '2018-09-10 08:04:21', 627, 2060, 1, 38, 5327000, 'TUNAI', '0', 1),
('TR-000000001633', '2018-09-10 08:04:40', 628, 2060, 1, 38, 2642000, 'TUNAI', '0', 1),
('TR-000000001634', '2018-09-10 08:04:55', 629, 2060, 1, 38, 2042000, 'TUNAI', '0', 1),
('TR-000000001635', '2018-09-10 08:05:07', 630, 2060, 1, 38, 5327000, 'TUNAI', '0', 1),
('TR-000000001636', '2018-09-10 08:05:18', 631, 2060, 1, 38, 5299000, 'TUNAI', '0', 1),
('TR-000000001637', '2018-09-10 08:05:30', 632, 2060, 1, 38, 2962500, 'TUNAI', '0', 1),
('TR-000000001638', '2018-09-10 08:05:40', 633, 2060, 1, 38, 2542000, 'TUNAI', '0', 1),
('TR-000000001639', '2018-09-10 08:05:51', 634, 2060, 1, 38, 5130000, 'TUNAI', '0', 1),
('TR-000000001640', '2018-09-10 08:06:00', 636, 2060, 1, 38, 4250000, 'TUNAI', '0', 1),
('TR-000000001641', '2018-09-10 08:06:15', 635, 2060, 1, 38, 5327000, 'TUNAI', '0', 1),
('TR-000000001642', '2018-09-10 08:06:27', 637, 2060, 1, 38, 4434000, 'TUNAI', '0', 1),
('TR-000000001643', '2018-09-10 08:06:43', 638, 2060, 1, 38, 4422000, 'TUNAI', '0', 1),
('TR-000000001644', '2018-09-10 08:06:58', 639, 2060, 1, 38, 0, 'TUNAI', '0', 1),
('TR-000000001645', '2018-09-10 08:07:14', 640, 2060, 1, 38, 4510000, 'TUNAI', '0', 1),
('TR-000000001646', '2018-09-10 08:07:31', 641, 2061, 1, 38, 5327000, 'TUNAI', '0', 1),
('TR-000000001647', '2018-09-10 08:07:39', 642, 2061, 1, 38, 5327000, 'TUNAI', '0', 1),
('TR-000000001648', '2018-09-10 08:07:48', 643, 2061, 1, 38, 5327000, 'TUNAI', '0', 1),
('TR-000000001649', '2018-09-10 08:07:59', 644, 2061, 1, 38, 4905000, 'TUNAI', '0', 1),
('TR-000000001650', '2018-09-10 08:08:12', 645, 2061, 1, 38, 3443000, 'TUNAI', '0', 1),
('TR-000000001651', '2018-09-10 08:08:27', 646, 2061, 1, 38, 5327000, 'TUNAI', '0', 1),
('TR-000000001652', '2018-09-10 08:08:41', 647, 2061, 1, 38, 3242000, 'TUNAI', '0', 1),
('TR-000000001653', '2018-09-10 08:08:52', 648, 2061, 1, 38, 5327000, 'TUNAI', '0', 1),
('TR-000000001654', '2018-09-10 08:09:00', 649, 2061, 1, 38, 5327000, 'TUNAI', '0', 1),
('TR-000000001655', '2018-09-10 08:09:10', 650, 2061, 1, 38, 3732000, 'TUNAI', '0', 1),
('TR-000000001656', '2018-09-10 08:09:22', 651, 2061, 1, 38, 5327000, 'TUNAI', '0', 1),
('TR-000000001657', '2018-09-10 08:09:32', 652, 2061, 1, 38, 5327000, 'TUNAI', '0', 1),
('TR-000000001658', '2018-09-10 08:09:55', 653, 2061, 1, 38, 5287000, 'TUNAI', '0', 1),
('TR-000000001659', '2018-09-10 08:10:14', 654, 2061, 1, 38, 5282000, 'TUNAI', '0', 1),
('TR-000000001660', '2018-09-10 08:10:31', 654, 2061, 1, 38, 5282000, 'TUNAI', '0', 2),
('TR-000000001661', '2018-09-10 08:10:43', 655, 2061, 1, 38, 2442000, 'TUNAI', '0', 1),
('TR-000000001662', '2018-09-10 08:11:00', 656, 2061, 1, 38, 4972000, 'TUNAI', '0', 1),
('TR-000000001663', '2018-09-10 08:11:09', 657, 2061, 1, 38, 5327000, 'TUNAI', '0', 1),
('TR-000000001664', '2018-09-10 08:11:19', 658, 2061, 1, 38, 5327000, 'TUNAI', '0', 1),
('TR-000000001665', '2018-09-10 08:11:28', 659, 2061, 1, 38, 5327000, 'TUNAI', '0', 1),
('TR-000000001666', '2018-09-10 08:11:45', 660, 2061, 1, 38, 3847000, 'TUNAI', '0', 1),
('TR-000000001667', '2018-09-10 08:12:00', 661, 2061, 1, 38, 1653000, 'TUNAI', '0', 1),
('TR-000000001668', '2018-09-10 08:12:12', 662, 2061, 1, 38, 3348000, 'TUNAI', '0', 1),
('TR-000000001669', '2018-09-10 08:12:24', 663, 2061, 1, 38, 2130000, 'TUNAI', '0', 1),
('TR-000000001670', '2018-09-10 08:12:42', 664, 2061, 1, 38, 5327000, 'TUNAI', '0', 1),
('TR-000000001671', '2018-09-10 08:12:59', 665, 2061, 1, 38, 5327000, 'TUNAI', '0', 1),
('TR-000000001672', '2018-09-10 08:13:22', 666, 2061, 1, 38, 4110000, 'TUNAI', '0', 1),
('TR-000000001673', '2018-09-10 08:15:31', 547, 2054, 1, 38, 69000, 'TUNAI', '0', 2),
('TR-000000001674', '2018-09-10 08:15:51', 585, 2050, 1, 38, 500000, 'TUNAI', '0', 2),
('TR-000000001675', '2018-09-10 08:18:09', 544, 2054, 1, 38, 200000, 'TUNAI', '0', 2),
('TR-000000001676', '2018-09-10 08:18:35', 518, 2064, 1, 38, 312000, 'TUNAI', '0', 2),
('TR-000000001677', '2018-09-10 08:32:05', 220, 2042, 1, 39, 2474000, 'TUNAI', '0', 1),
('TR-000000001678', '2018-09-10 08:32:15', 221, 2042, 1, 39, 2474000, 'TUNAI', '0', 1),
('TR-000000001679', '2018-09-10 08:33:36', 222, 2042, 1, 39, 2474000, 'TUNAI', '0', 1),
('TR-000000001680', '2018-09-10 08:33:45', 223, 2042, 1, 39, 2474000, 'TUNAI', '0', 1),
('TR-000000001681', '2018-09-10 08:33:57', 224, 2042, 1, 39, 2474000, 'TUNAI', '0', 1),
('TR-000000001682', '2018-09-10 08:34:07', 227, 2042, 1, 39, 2474000, 'TUNAI', '0', 1),
('TR-000000001683', '2018-09-10 08:34:15', 228, 2042, 1, 39, 2474000, 'TUNAI', '0', 1),
('TR-000000001684', '2018-09-10 08:34:23', 229, 2042, 1, 39, 2474000, 'TUNAI', '0', 1),
('TR-000000001685', '2018-09-10 08:34:31', 230, 2042, 1, 39, 2474000, 'TUNAI', '0', 1),
('TR-000000001686', '2018-09-10 08:36:01', 231, 2042, 1, 39, 2474000, 'TUNAI', '0', 1),
('TR-000000001687', '2018-09-10 08:36:18', 232, 2042, 1, 39, 2474000, 'TUNAI', '0', 1),
('TR-000000001688', '2018-09-10 08:36:27', 233, 2042, 1, 39, 2474000, 'TUNAI', '0', 1),
('TR-000000001689', '2018-09-10 08:36:34', 234, 2042, 1, 39, 2474000, 'TUNAI', '0', 1),
('TR-000000001690', '2018-09-10 08:36:43', 235, 2042, 1, 39, 2474000, 'TUNAI', '0', 1),
('TR-000000001691', '2018-09-10 08:36:57', 236, 2042, 1, 39, 2474000, 'TUNAI', '0', 1),
('TR-000000001692', '2018-09-10 08:37:05', 237, 2042, 1, 39, 2474000, 'TUNAI', '0', 1),
('TR-000000001693', '2018-09-10 08:51:58', 239, 2042, 1, 39, 2474000, 'TUNAI', '0', 1),
('TR-000000001694', '2018-09-10 08:52:16', 240, 2042, 1, 39, 2474000, 'TUNAI', '0', 1),
('TR-000000001695', '2018-09-10 08:53:43', 241, 2042, 1, 39, 2474000, 'TUNAI', '0', 1),
('TR-000000001696', '2018-09-10 08:53:58', 242, 2042, 1, 39, 2474000, 'TUNAI', '0', 1),
('TR-000000001697', '2018-09-10 08:54:06', 245, 2042, 1, 39, 2474000, 'TUNAI', '0', 1),
('TR-000000001698', '2018-09-10 08:54:14', 247, 2042, 1, 39, 2474000, 'TUNAI', '0', 1),
('TR-000000001699', '2018-09-10 08:54:25', 300, 2047, 1, 39, 2474000, 'TUNAI', '0', 1),
('TR-000000001700', '2018-09-10 08:54:33', 302, 2047, 1, 39, 2474000, 'TUNAI', '0', 1),
('TR-000000001701', '2018-09-10 08:54:47', 303, 2047, 1, 39, 2474000, 'TUNAI', '0', 1),
('TR-000000001702', '2018-09-10 08:58:52', 304, 2047, 1, 39, 2474000, 'TUNAI', '0', 1),
('TR-000000001703', '2018-09-10 08:59:00', 306, 2047, 1, 39, 2474000, 'TUNAI', '0', 1),
('TR-000000001704', '2018-09-10 08:59:15', 309, 2047, 1, 39, 2474000, 'TUNAI', '0', 1),
('TR-000000001705', '2018-09-10 08:59:24', 311, 2047, 1, 39, 2474000, 'TUNAI', '0', 1),
('TR-000000001706', '2018-09-10 09:00:26', 313, 2047, 1, 39, 2474000, 'TUNAI', '0', 1),
('TR-000000001707', '2018-09-10 09:00:54', 314, 2047, 1, 39, 2474000, 'TUNAI', '0', 1),
('TR-000000001708', '2018-09-10 09:01:05', 315, 2047, 1, 39, 2474000, 'TUNAI', '0', 1),
('TR-000000001709', '2018-09-10 09:01:14', 316, 2047, 1, 39, 2474000, 'TUNAI', '0', 1),
('TR-000000001710', '2018-09-10 09:01:25', 317, 2047, 1, 39, 2474000, 'TUNAI', '0', 1),
('TR-000000001711', '2018-09-10 09:01:35', 318, 2047, 1, 39, 2474000, 'TUNAI', '0', 1),
('TR-000000001712', '2018-09-10 09:01:44', 319, 2047, 1, 39, 2474000, 'TUNAI', '0', 1),
('TR-000000001713', '2018-09-10 09:07:39', 320, 2047, 1, 39, 2474000, 'TUNAI', '0', 1),
('TR-000000001714', '2018-09-10 09:07:48', 322, 2048, 1, 39, 2474000, 'TUNAI', '0', 1),
('TR-000000001715', '2018-09-10 09:07:58', 324, 2048, 1, 39, 2474000, 'TUNAI', '0', 1),
('TR-000000001716', '2018-09-10 09:08:07', 325, 2048, 1, 39, 2474000, 'TUNAI', '0', 1),
('TR-000000001717', '2018-09-10 09:08:19', 326, 2048, 1, 39, 2474000, 'TUNAI', '0', 1),
('TR-000000001718', '2018-09-10 09:17:44', 327, 2048, 1, 39, 2474000, 'TUNAI', '0', 1),
('TR-000000001719', '2018-09-10 09:17:53', 328, 2048, 1, 39, 2474000, 'TUNAI', '0', 1),
('TR-000000001720', '2018-09-10 09:18:03', 329, 2048, 1, 39, 2474000, 'TUNAI', '0', 1),
('TR-000000001721', '2018-09-10 09:21:17', 332, 2048, 1, 39, 2474000, 'TUNAI', '0', 1),
('TR-000000001722', '2018-09-10 09:21:35', 335, 2048, 1, 39, 2474000, 'TUNAI', '0', 1),
('TR-000000001723', '2018-09-10 09:21:45', 337, 2048, 1, 39, 2474000, 'TUNAI', '0', 1),
('TR-000000001724', '2018-09-10 09:21:53', 338, 2048, 1, 39, 2474000, 'TUNAI', '0', 1),
('TR-000000001725', '2018-09-10 09:22:06', 339, 2048, 1, 39, 2474000, 'TUNAI', '0', 1),
('TR-000000001726', '2018-09-10 09:22:15', 343, 2048, 1, 39, 2474000, 'TUNAI', '0', 1),
('TR-000000001727', '2018-09-10 09:22:25', 344, 2048, 1, 39, 2474000, 'TUNAI', '0', 1),
('TR-000000001728', '2018-09-10 09:22:33', 345, 2048, 1, 39, 2474000, 'TUNAI', '0', 1),
('TR-000000001729', '2018-09-10 09:22:48', 346, 2049, 1, 39, 2474000, 'TUNAI', '0', 1),
('TR-000000001730', '2018-09-10 09:22:58', 347, 2049, 1, 39, 2474000, 'TUNAI', '0', 1),
('TR-000000001731', '2018-09-10 09:23:09', 348, 2049, 1, 39, 2474000, 'TUNAI', '0', 1),
('TR-000000001732', '2018-09-10 09:23:24', 349, 2049, 1, 39, 2474000, 'TUNAI', '0', 1),
('TR-000000001733', '2018-09-10 09:23:33', 350, 2049, 1, 39, 2474000, 'TUNAI', '0', 1),
('TR-000000001734', '2018-09-10 09:23:43', 351, 2049, 1, 39, 2474000, 'TUNAI', '0', 1),
('TR-000000001735', '2018-09-10 09:23:52', 352, 2049, 1, 39, 2474000, 'TUNAI', '0', 1),
('TR-000000001736', '2018-09-10 09:24:05', 353, 2049, 1, 39, 2474000, 'TUNAI', '0', 1),
('TR-000000001737', '2018-09-10 09:24:31', 354, 2049, 1, 39, 2474000, 'TUNAI', '0', 1),
('TR-000000001738', '2018-09-10 09:24:59', 355, 2049, 1, 39, 2474000, 'TUNAI', '0', 1),
('TR-000000001739', '2018-09-10 09:25:11', 356, 2049, 1, 39, 2474000, 'TUNAI', '0', 1),
('TR-000000001740', '2018-09-10 09:25:46', 357, 2049, 1, 39, 2474000, 'TUNAI', '0', 1),
('TR-000000001741', '2018-09-11 02:52:05', 360, 2049, 1, 39, 2474000, 'TUNAI', '0', 1),
('TR-000000001742', '2018-09-11 02:54:48', 361, 2049, 1, 39, 2474000, 'TUNAI', '0', 1),
('TR-000000001743', '2018-09-11 02:55:02', 362, 2049, 1, 39, 2474000, 'TUNAI', '0', 1),
('TR-000000001744', '2018-09-11 02:55:20', 363, 2049, 1, 39, 2474000, 'TUNAI', '0', 1),
('TR-000000001745', '2018-09-11 02:55:35', 364, 2049, 1, 39, 2474000, 'TUNAI', '0', 1),
('TR-000000001746', '2018-09-11 02:55:51', 365, 2049, 1, 39, 2474000, 'TUNAI', '0', 1),
('TR-000000001747', '2018-09-11 02:56:07', 366, 2049, 1, 39, 2474000, 'TUNAI', '0', 1),
('TR-000000001748', '2018-09-11 02:56:29', 367, 2049, 1, 39, 2474000, 'TUNAI', '0', 1),
('TR-000000001749', '2018-09-11 02:59:53', 368, 2049, 1, 39, 2474000, 'TUNAI', '0', 1),
('TR-000000001750', '2018-09-11 03:00:27', 272, 2053, 1, 39, 2474000, 'TUNAI', '0', 1),
('TR-000000001751', '2018-09-11 03:00:48', 273, 2053, 1, 39, 2474000, 'TUNAI', '0', 1),
('TR-000000001752', '2018-09-11 03:01:06', 274, 2053, 1, 39, 2474000, 'TUNAI', '0', 1),
('TR-000000001753', '2018-09-11 03:01:22', 276, 2053, 1, 39, 2474000, 'TUNAI', '0', 1),
('TR-000000001754', '2018-09-11 03:01:38', 279, 2053, 1, 39, 2474000, 'TUNAI', '0', 1),
('TR-000000001755', '2018-09-11 03:01:58', 280, 2053, 1, 39, 2474000, 'TUNAI', '0', 1),
('TR-000000001756', '2018-09-11 03:02:15', 282, 2053, 1, 39, 2474000, 'TUNAI', '0', 1),
('TR-000000001757', '2018-09-11 03:02:33', 285, 2053, 1, 39, 2474000, 'TUNAI', '0', 1),
('TR-000000001758', '2018-09-11 03:02:53', 287, 2053, 1, 39, 2474000, 'TUNAI', '0', 1),
('TR-000000001759', '2018-09-11 03:03:11', 288, 2053, 1, 39, 2474000, 'TUNAI', '0', 1),
('TR-000000001760', '2018-09-11 03:03:27', 289, 2053, 1, 39, 2474000, 'TUNAI', '0', 1),
('TR-000000001761', '2018-09-11 03:03:43', 290, 2053, 1, 39, 2474000, 'TUNAI', '0', 1),
('TR-000000001762', '2018-09-11 03:04:00', 291, 2053, 1, 39, 2474000, 'TUNAI', '0', 1),
('TR-000000001763', '2018-09-11 03:04:17', 293, 2053, 1, 39, 2474000, 'TUNAI', '0', 1),
('TR-000000001764', '2018-09-11 03:04:35', 248, 2063, 1, 39, 2474000, 'TUNAI', '0', 1);
INSERT INTO `tbl_transaksi` (`id_transaksi`, `waktu_transaksi`, `id_warga`, `id_rumah`, `id_pegawai`, `id_pembayaran`, `nominal_transaksi`, `pembayaran_melalui`, `file_foto`, `cicilan_transaksi`) VALUES
('TR-000000001765', '2018-09-11 03:04:55', 249, 2063, 1, 39, 2474000, 'TUNAI', '0', 1),
('TR-000000001766', '2018-09-11 03:05:14', 250, 2063, 1, 39, 2474000, 'TUNAI', '0', 1),
('TR-000000001767', '2018-09-11 03:05:32', 252, 2063, 1, 39, 2474000, 'TUNAI', '0', 1),
('TR-000000001768', '2018-09-11 03:06:00', 253, 2063, 1, 39, 2474000, 'TUNAI', '0', 1),
('TR-000000001769', '2018-09-11 03:06:19', 255, 2063, 1, 39, 2474000, 'TUNAI', '0', 1),
('TR-000000001770', '2018-09-11 03:06:40', 256, 2063, 1, 39, 2474000, 'TUNAI', '0', 1),
('TR-000000001771', '2018-09-11 03:06:59', 257, 2063, 1, 39, 2474000, 'TUNAI', '0', 1),
('TR-000000001772', '2018-09-11 03:07:15', 258, 2063, 1, 39, 2474000, 'TUNAI', '0', 1),
('TR-000000001773', '2018-09-11 03:07:33', 259, 2063, 1, 39, 2474000, 'TUNAI', '0', 1),
('TR-000000001774', '2018-09-11 03:07:54', 260, 2063, 1, 39, 2474000, 'TUNAI', '0', 1),
('TR-000000001775', '2018-09-11 03:08:11', 261, 2063, 1, 39, 2474000, 'TUNAI', '0', 1),
('TR-000000001776', '2018-09-11 03:08:28', 262, 2063, 1, 39, 2474000, 'TUNAI', '0', 1),
('TR-000000001777', '2018-09-11 03:08:44', 263, 2063, 1, 39, 2474000, 'TUNAI', '0', 1),
('TR-000000001778', '2018-09-11 03:09:03', 264, 2063, 1, 39, 2474000, 'TUNAI', '0', 1),
('TR-000000001779', '2018-09-11 03:09:19', 266, 2063, 1, 39, 2474000, 'TUNAI', '0', 1),
('TR-000000001780', '2018-09-11 03:09:35', 267, 2063, 1, 39, 2474000, 'TUNAI', '0', 1),
('TR-000000001781', '2018-09-11 03:09:51', 268, 2063, 1, 39, 2474000, 'TUNAI', '0', 1),
('TR-000000001782', '2018-09-11 03:10:09', 269, 2063, 1, 39, 2474000, 'TUNAI', '0', 1),
('TR-000000001783', '2018-09-11 03:10:26', 270, 2063, 1, 39, 2474000, 'TUNAI', '0', 1),
('TR-000000001784', '2018-09-11 03:10:44', 372, 2057, 1, 39, 2474000, 'TUNAI', '0', 1),
('TR-000000001785', '2018-09-11 03:11:03', 373, 2057, 1, 39, 2474000, 'TUNAI', '0', 1),
('TR-000000001786', '2018-09-11 03:11:32', 375, 2057, 1, 39, 2474000, 'TUNAI', '0', 1),
('TR-000000001787', '2018-09-11 03:11:49', 376, 2057, 1, 39, 2474000, 'TUNAI', '0', 1),
('TR-000000001788', '2018-09-11 03:12:05', 379, 2057, 1, 39, 2474000, 'TUNAI', '0', 1),
('TR-000000001789', '2018-09-11 03:12:22', 380, 2057, 1, 39, 2474000, 'TUNAI', '0', 1),
('TR-000000001790', '2018-09-11 03:12:38', 383, 2057, 1, 39, 2474000, 'TUNAI', '0', 1),
('TR-000000001791', '2018-09-11 03:12:53', 384, 2057, 1, 39, 2474000, 'TUNAI', '0', 1),
('TR-000000001792', '2018-09-11 03:13:15', 385, 2057, 1, 39, 2474000, 'TUNAI', '0', 1),
('TR-000000001793', '2018-09-11 03:13:30', 386, 2057, 1, 39, 2474000, 'TUNAI', '0', 1),
('TR-000000001794', '2018-09-11 03:13:47', 388, 2057, 1, 39, 2474000, 'TUNAI', '0', 1),
('TR-000000001795', '2018-09-11 03:14:02', 389, 2057, 1, 39, 2474000, 'TUNAI', '0', 1),
('TR-000000001796', '2018-09-11 03:14:19', 392, 2057, 1, 39, 2474000, 'TUNAI', '0', 1),
('TR-000000001797', '2018-09-11 03:14:37', 387, 2057, 1, 39, 2474000, 'TUNAI', '0', 1),
('TR-000000001798', '2018-09-11 03:15:11', 393, 2057, 1, 39, 2474000, 'TUNAI', '0', 1),
('TR-000000001799', '2018-09-11 03:15:27', 394, 2057, 1, 39, 2474000, 'TUNAI', '0', 1),
('TR-000000001800', '2018-09-11 03:15:45', 395, 2057, 1, 39, 2474000, 'TUNAI', '0', 1),
('TR-000000001801', '2018-09-11 03:16:02', 396, 2057, 1, 39, 2474000, 'TUNAI', '0', 1),
('TR-000000001802', '2018-09-11 03:16:20', 398, 2058, 1, 39, 2474000, 'TUNAI', '0', 1),
('TR-000000001803', '2018-09-11 03:17:00', 401, 2058, 1, 39, 2474000, 'TUNAI', '0', 1),
('TR-000000001804', '2018-09-11 03:17:18', 402, 2058, 1, 39, 2474000, 'TUNAI', '0', 1),
('TR-000000001805', '2018-09-11 03:17:39', 403, 2058, 1, 39, 2474000, 'TUNAI', '0', 1),
('TR-000000001806', '2018-09-11 03:17:55', 404, 2058, 1, 39, 2474000, 'TUNAI', '0', 1),
('TR-000000001807', '2018-09-11 03:19:38', 406, 2058, 1, 39, 2474000, 'TUNAI', '0', 1),
('TR-000000001808', '2018-09-11 03:19:55', 407, 2058, 1, 39, 2474000, 'TUNAI', '0', 1),
('TR-000000001809', '2018-09-11 03:20:11', 408, 2058, 1, 39, 2474000, 'TUNAI', '0', 1),
('TR-000000001810', '2018-09-11 03:20:28', 410, 2058, 1, 39, 2474000, 'TUNAI', '0', 1),
('TR-000000001811', '2018-09-11 03:21:49', 412, 2058, 1, 39, 2474000, 'TUNAI', '0', 1),
('TR-000000001812', '2018-09-11 03:22:06', 414, 2058, 1, 39, 2474000, 'TUNAI', '0', 1),
('TR-000000001813', '2018-09-11 03:22:23', 416, 2058, 1, 39, 2474000, 'TUNAI', '0', 1),
('TR-000000001814', '2018-09-11 03:22:40', 417, 2058, 1, 39, 2474000, 'TUNAI', '0', 1),
('TR-000000001815', '2018-09-11 03:22:56', 418, 2058, 1, 39, 2474000, 'TUNAI', '0', 1),
('TR-000000001816', '2018-09-11 03:23:12', 421, 2058, 1, 39, 2474000, 'TUNAI', '0', 1),
('TR-000000001817', '2018-09-11 03:23:29', 422, 2058, 1, 39, 2474000, 'TUNAI', '0', 1),
('TR-000000001818', '2018-09-11 03:23:54', 423, 2058, 1, 39, 2474000, 'TUNAI', '0', 1),
('TR-000000001819', '2018-09-11 03:24:13', 424, 2059, 1, 39, 2474000, 'TUNAI', '0', 1),
('TR-000000001820', '2018-09-11 03:24:34', 425, 2059, 1, 39, 2474000, 'TUNAI', '0', 1),
('TR-000000001821', '2018-09-11 03:24:49', 448, 2059, 1, 39, 2474000, 'TUNAI', '0', 1),
('TR-000000001822', '2018-09-11 03:25:07', 447, 2059, 1, 39, 2474000, 'TUNAI', '0', 1),
('TR-000000001823', '2018-09-11 03:25:23', 426, 2059, 1, 39, 2474000, 'TUNAI', '0', 1),
('TR-000000001824', '2018-09-11 03:25:39', 428, 2059, 1, 39, 2474000, 'TUNAI', '0', 1),
('TR-000000001825', '2018-09-11 03:25:56', 430, 2059, 1, 39, 2474000, 'TUNAI', '0', 1),
('TR-000000001826', '2018-09-11 03:26:14', 431, 2059, 1, 39, 2474000, 'TUNAI', '0', 1),
('TR-000000001827', '2018-09-11 03:26:35', 432, 2059, 1, 39, 2474000, 'TUNAI', '0', 1),
('TR-000000001828', '2018-09-11 03:26:51', 433, 2059, 1, 39, 2474000, 'TUNAI', '0', 1),
('TR-000000001829', '2018-09-11 03:27:11', 434, 2059, 1, 39, 2474000, 'TUNAI', '0', 1),
('TR-000000001830', '2018-09-11 03:28:11', 438, 2059, 1, 39, 2474000, 'TUNAI', '0', 1),
('TR-000000001831', '2018-09-11 03:28:28', 440, 2059, 1, 39, 2474000, 'TUNAI', '0', 1),
('TR-000000001832', '2018-09-11 03:28:46', 441, 2059, 1, 39, 2474000, 'TUNAI', '0', 1),
('TR-000000001833', '2018-09-11 03:29:04', 442, 2059, 1, 39, 2474000, 'TUNAI', '0', 1),
('TR-000000001834', '2018-09-11 03:29:22', 443, 2059, 1, 39, 2474000, 'TUNAI', '0', 1),
('TR-000000001835', '2018-09-11 03:29:40', 444, 2059, 1, 39, 2474000, 'TUNAI', '0', 1),
('TR-000000001836', '2018-09-11 03:29:57', 446, 2059, 1, 39, 2474000, 'TUNAI', '0', 1),
('TR-000000001837', '2018-09-11 03:30:36', 225, 2042, 1, 39, 1837000, 'TUNAI', '0', 1),
('TR-000000001838', '2018-09-11 03:30:54', 226, 2042, 1, 39, 2377000, 'TUNAI', '0', 1),
('TR-000000001839', '2018-09-11 03:31:19', 238, 2042, 1, 39, 2367000, 'TUNAI', '0', 1),
('TR-000000001840', '2018-09-11 03:31:39', 243, 2042, 1, 39, 2267000, 'TUNAI', '0', 1),
('TR-000000001841', '2018-09-11 03:31:56', 244, 2042, 1, 39, 337000, 'TUNAI', '0', 1),
('TR-000000001842', '2018-09-11 03:32:14', 246, 2042, 1, 39, 2367000, 'TUNAI', '0', 1),
('TR-000000001843', '2018-09-11 03:32:30', 297, 2047, 1, 39, 2317000, 'TUNAI', '0', 1),
('TR-000000001844', '2018-09-11 03:32:46', 298, 2047, 1, 39, 2204000, 'TUNAI', '0', 1),
('TR-000000001845', '2018-09-11 03:33:03', 299, 2047, 1, 39, 1497000, 'TUNAI', '0', 1),
('TR-000000001846', '2018-09-11 03:33:20', 301, 2047, 1, 39, 1667000, 'TUNAI', '0', 1),
('TR-000000001847', '2018-09-11 03:33:43', 305, 2047, 1, 39, 477000, 'TUNAI', '0', 1),
('TR-000000001848', '2018-09-11 03:35:21', 307, 2047, 1, 39, 2427000, 'TUNAI', '0', 1),
('TR-000000001849', '2018-09-11 03:35:40', 308, 2047, 1, 39, 2462000, 'TUNAI', '0', 1),
('TR-000000001850', '2018-09-11 03:35:57', 310, 2047, 1, 39, 1787000, 'TUNAI', '0', 1),
('TR-000000001851', '2018-09-11 03:36:16', 312, 2047, 1, 39, 837000, 'TUNAI', '0', 1),
('TR-000000001852', '2018-09-11 03:36:36', 321, 2047, 1, 39, 2357000, 'TUNAI', '0', 1),
('TR-000000001853', '2018-09-11 03:36:53', 323, 2048, 1, 39, 1986000, 'TUNAI', '0', 1),
('TR-000000001854', '2018-09-11 03:37:13', 330, 2048, 1, 39, 1895000, 'TUNAI', '0', 1),
('TR-000000001855', '2018-09-11 03:38:08', 331, 2048, 1, 39, 1795000, 'TUNAI', '0', 1),
('TR-000000001856', '2018-09-11 03:38:25', 333, 2048, 1, 39, 2375000, 'TUNAI', '0', 1),
('TR-000000001857', '2018-09-11 03:38:45', 334, 2048, 1, 39, 2402000, 'TUNAI', '0', 1),
('TR-000000001858', '2018-09-11 03:39:05', 336, 2048, 1, 39, 1545000, 'TUNAI', '0', 1),
('TR-000000001859', '2018-09-11 03:39:27', 340, 2048, 1, 39, 2375000, 'TUNAI', '0', 1),
('TR-000000001860', '2018-09-11 03:39:45', 341, 2048, 1, 39, 1745000, 'TUNAI', '0', 1),
('TR-000000001861', '2018-09-11 03:40:07', 342, 2048, 1, 39, 1455000, 'TUNAI', '0', 1),
('TR-000000001862', '2018-09-11 03:40:27', 359, 2049, 1, 39, 1895000, 'TUNAI', '0', 1),
('TR-000000001863', '2018-09-11 03:41:32', 369, 2049, 1, 39, 1095000, 'TUNAI', '0', 1),
('TR-000000001864', '2018-09-11 03:41:50', 370, 2049, 1, 39, 2195000, 'TUNAI', '0', 1),
('TR-000000001865', '2018-09-11 03:42:08', 371, 2049, 1, 39, 1615000, 'TUNAI', '0', 1),
('TR-000000001866', '2018-09-11 03:42:29', 271, 2053, 1, 39, 935000, 'TUNAI', '0', 1),
('TR-000000001867', '2018-09-11 03:42:49', 275, 2053, 1, 39, 1545000, 'TUNAI', '0', 1),
('TR-000000001868', '2018-09-11 03:43:06', 277, 2053, 1, 39, 752000, 'TUNAI', '0', 1),
('TR-000000001869', '2018-09-11 03:43:20', 278, 2053, 1, 39, 885000, 'TUNAI', '0', 1),
('TR-000000001870', '2018-09-11 03:43:35', 281, 2053, 1, 39, 995000, 'TUNAI', '0', 1),
('TR-000000001871', '2018-09-11 03:43:55', 283, 2053, 1, 39, 295000, 'TUNAI', '0', 1),
('TR-000000001872', '2018-09-11 03:44:15', 284, 2053, 1, 39, 2195000, 'TUNAI', '0', 1),
('TR-000000001873', '2018-09-11 03:44:46', 286, 2053, 1, 39, 2007000, 'TUNAI', '0', 1),
('TR-000000001874', '2018-09-11 03:45:06', 292, 2053, 1, 39, 2367000, 'TUNAI', '0', 1),
('TR-000000001875', '2018-09-11 03:45:29', 294, 2053, 1, 39, 1935000, 'TUNAI', '0', 1),
('TR-000000001876', '2018-09-11 03:46:01', 295, 2053, 1, 39, 395000, 'TUNAI', '0', 1),
('TR-000000001877', '2018-09-11 03:46:27', 296, 2053, 1, 39, 1945000, 'TUNAI', '0', 1),
('TR-000000001878', '2018-09-11 03:46:43', 251, 2063, 1, 39, 1867000, 'TUNAI', '0', 1),
('TR-000000001879', '2018-09-11 03:46:58', 254, 2063, 1, 39, 1285000, 'TUNAI', '0', 1),
('TR-000000001880', '2018-09-11 03:47:18', 265, 2063, 1, 39, 2249000, 'TUNAI', '0', 1),
('TR-000000001881', '2018-09-11 03:47:38', 374, 2057, 1, 39, 1379000, 'TUNAI', '0', 1),
('TR-000000001882', '2018-09-11 03:47:57', 377, 2057, 1, 39, 2362000, 'TUNAI', '0', 1),
('TR-000000001883', '2018-09-11 03:48:16', 378, 2057, 1, 39, 865000, 'TUNAI', '0', 1),
('TR-000000001884', '2018-09-11 03:48:35', 381, 2057, 1, 39, 1068000, 'TUNAI', '0', 1),
('TR-000000001885', '2018-09-11 03:49:05', 382, 2057, 1, 39, 1000000, 'TUNAI', '0', 1),
('TR-000000001886', '2018-09-11 03:49:30', 390, 2057, 1, 39, 1532000, 'TUNAI', '0', 1),
('TR-000000001887', '2018-09-11 03:49:47', 391, 2057, 1, 39, 2095000, 'TUNAI', '0', 1),
('TR-000000001888', '2018-09-11 03:50:06', 397, 2057, 1, 39, 585000, 'TUNAI', '0', 1),
('TR-000000001889', '2018-09-11 03:50:26', 399, 2058, 1, 39, 0, 'TUNAI', '0', 1),
('TR-000000001890', '2018-09-11 03:50:48', 400, 2058, 1, 39, 1427000, 'TUNAI', '0', 1),
('TR-000000001891', '2018-09-11 03:51:08', 405, 2058, 1, 39, 907000, 'TUNAI', '0', 1),
('TR-000000001892', '2018-09-11 03:51:28', 409, 2058, 1, 39, 2275000, 'TUNAI', '0', 1),
('TR-000000001893', '2018-09-11 03:51:46', 411, 2058, 1, 39, 1949000, 'TUNAI', '0', 1),
('TR-000000001894', '2018-09-11 03:52:07', 413, 2058, 1, 39, 1949000, 'TUNAI', '0', 1),
('TR-000000001895', '2018-09-11 03:52:25', 415, 2058, 1, 39, 2017000, 'TUNAI', '0', 1),
('TR-000000001896', '2018-09-11 03:53:06', 419, 2058, 1, 39, 1245000, 'TUNAI', '0', 1),
('TR-000000001897', '2018-09-11 03:53:28', 420, 2058, 1, 39, 370000, 'TUNAI', '0', 1),
('TR-000000001898', '2018-09-11 03:53:47', 427, 2059, 1, 39, 2424000, 'TUNAI', '0', 1),
('TR-000000001899', '2018-09-11 03:54:05', 429, 2059, 1, 39, 450000, 'TUNAI', '0', 1),
('TR-000000001900', '2018-09-11 03:54:33', 435, 2059, 1, 39, 2045000, 'TUNAI', '0', 1),
('TR-000000001901', '2018-09-11 03:54:52', 436, 2059, 1, 39, 2202000, 'TUNAI', '0', 1),
('TR-000000001902', '2018-09-11 03:55:15', 437, 2059, 1, 39, 2110000, 'TUNAI', '0', 1),
('TR-000000001903', '2018-09-11 03:55:35', 439, 2059, 1, 39, 2050000, 'TUNAI', '0', 1),
('TR-000000001904', '2018-09-11 03:56:04', 445, 2059, 1, 39, 2402000, 'TUNAI', '0', 1),
('TR-000000001905', '2018-09-11 03:58:02', 630, 2060, 1, 17, 700000, 'TUNAI', '0', 2),
('TR-000000001906', '2018-09-11 03:58:29', 630, 2060, 1, 8, 175000, 'TUNAI', '0', 1),
('TR-000000001907', '2018-09-11 03:58:50', 630, 2060, 1, 10, 175000, 'TUNAI', '0', 1),
('TR-000000001908', '2018-09-11 03:59:13', 338, 2048, 1, 9, 150000, 'TUNAI', '0', 1),
('TR-000000001909', '2018-09-12 09:07:13', 338, 2048, 1, 11, 150000, 'TUNAI', '0', 1),
('TR-000000001910', '2018-09-12 09:07:30', 21, 2055, 1, 13, 290000, 'TUNAI', '0', 4),
('TR-000000001911', '2018-09-12 09:07:50', 49, 2056, 1, 10, 100000, 'TUNAI', '0', 1),
('TR-000000001912', '2018-09-12 09:08:09', 70, 2056, 1, 10, 175000, 'TUNAI', '0', 1),
('TR-000000001913', '2018-09-12 09:09:12', 643, 2061, 1, 19, 45000, 'TUNAI', '0', 1),
('TR-000000001914', '2018-09-12 09:09:47', 643, 2061, 1, 8, 175000, 'TUNAI', '0', 1),
('TR-000000001915', '2018-09-12 09:10:03', 643, 2061, 1, 10, 175000, 'TUNAI', '0', 1),
('TR-000000001916', '2018-09-12 09:10:20', 643, 2061, 1, 19, 130000, 'TUNAI', '0', 2),
('TR-000000001917', '2018-09-12 09:10:41', 643, 2061, 1, 21, 175000, 'TUNAI', '0', 1),
('TR-000000001918', '2018-09-12 09:10:54', 643, 2061, 1, 23, 175000, 'TUNAI', '0', 1),
('TR-000000001919', '2018-09-12 09:11:06', 643, 2061, 1, 25, 20000, 'TUNAI', '0', 1),
('TR-000000001920', '2018-09-12 09:34:47', 209, 2046, 1, 12, 150000, 'TUNAI', '0', 3),
('TR-000000001921', '2018-09-12 09:35:00', 209, 2046, 1, 11, 150000, 'TUNAI', '0', 1),
('TR-000000001922', '2018-09-12 09:35:19', 516, 2064, 1, 9, 150000, 'TUNAI', '0', 1),
('TR-000000001923', '2018-09-12 09:35:30', 516, 2064, 1, 11, 150000, 'TUNAI', '0', 1),
('TR-000000001924', '2018-09-12 09:35:44', 617, 2051, 1, 11, 150000, 'TUNAI', '0', 1),
('TR-000000001925', '2018-09-12 09:36:03', 616, 2051, 1, 9, 150000, 'TUNAI', '0', 1),
('TR-000000001926', '2018-09-12 09:36:21', 604, 2051, 1, 11, 150000, 'TUNAI', '0', 1),
('TR-000000001927', '2018-09-12 09:36:40', 293, 2053, 1, 14, 150000, 'TUNAI', '0', 2),
('TR-000000001928', '2018-09-12 09:36:51', 293, 2053, 1, 11, 150000, 'TUNAI', '0', 1),
('TR-000000001929', '2018-09-12 09:37:18', 295, 2053, 1, 39, 100000, 'TUNAI', '0', 2),
('TR-000000001930', '2018-09-12 10:14:11', 372, 2057, 1, 8, 175000, 'TUNAI', '0', 1),
('TR-000000001931', '2018-09-12 10:15:05', 372, 2057, 1, 10, 175000, 'TUNAI', '0', 1),
('TR-000000001932', '2018-09-12 10:15:26', 387, 2057, 1, 10, 175000, 'TUNAI', '0', 1),
('TR-000000001933', '2018-09-12 10:15:46', 528, 2054, 1, 16, 150000, 'TUNAI', '0', 1),
('TR-000000001934', '2018-09-12 10:16:03', 523, 2054, 1, 38, 150000, 'TUNAI', '0', 2),
('TR-000000001935', '2018-09-13 09:34:53', 595, 2051, 1, 38, 400000, 'TUNAI', '0', 2),
('TR-000000001936', '2018-09-13 09:35:11', 385, 2057, 1, 10, 175000, 'TUNAI', '0', 1),
('TR-000000001937', '2018-09-13 09:35:22', 363, 2049, 1, 11, 150000, 'TUNAI', '0', 1),
('TR-000000001938', '2018-09-13 09:36:49', 573, 2050, 1, 38, 300000, 'TUNAI', '0', 2),
('TR-000000001939', '2018-09-13 09:37:05', 266, 2063, 1, 14, 500000, 'TUNAI', '0', 2),
('TR-000000001940', '2018-09-13 09:37:15', 264, 2063, 1, 9, 150000, 'TUNAI', '0', 1),
('TR-000000001941', '2018-09-13 09:37:31', 264, 2063, 1, 11, 150000, 'TUNAI', '0', 1),
('TR-000000001942', '2018-09-13 09:37:43', 249, 2063, 1, 9, 150000, 'TUNAI', '0', 1),
('TR-000000001943', '2018-09-13 09:37:54', 249, 2063, 1, 11, 150000, 'TUNAI', '0', 1),
('TR-000000001944', '2018-09-13 09:38:15', 257, 2063, 1, 11, 150000, 'TUNAI', '0', 1),
('TR-000000001945', '2018-09-13 09:38:30', 268, 2063, 1, 14, 150000, 'TUNAI', '0', 4),
('TR-000000001946', '2018-09-13 09:38:43', 260, 2063, 1, 14, 500000, 'TUNAI', '0', 3),
('TR-000000001947', '2018-09-13 09:38:58', 260, 2063, 1, 11, 150000, 'TUNAI', '0', 1),
('TR-000000001948', '2018-09-13 09:39:16', 624, 2060, 1, 17, 200000, 'TUNAI', '0', 3),
('TR-000000001949', '2018-09-13 09:39:34', 425, 2059, 1, 15, 525000, 'TUNAI', '0', 2),
('TR-000000001950', '2018-09-13 09:39:50', 425, 2059, 1, 10, 175000, 'TUNAI', '0', 1),
('TR-000000001951', '2018-09-13 09:40:17', 490, 2044, 1, 11, 150000, 'TUNAI', '0', 1),
('TR-000000001952', '2018-09-13 09:42:55', 105, 2041, 1, 12, 200000, 'TUNAI', '0', 4),
('TR-000000001953', '2018-09-13 09:43:08', 97, 2041, 1, 12, 150000, 'TUNAI', '0', 2),
('TR-000000001954', '2018-09-13 09:43:21', 137, 2052, 1, 11, 150000, 'TUNAI', '0', 1),
('TR-000000001955', '2018-09-13 09:43:43', 600, 2051, 1, 16, 300000, 'TUNAI', '0', 1),
('TR-000000001956', '2018-09-13 09:44:17', 600, 2051, 1, 16, 340000, 'TUNAI', '0', 2),
('TR-000000001957', '2018-09-13 09:44:51', 600, 2051, 1, 9, 150000, 'TUNAI', '0', 1),
('TR-000000001958', '2018-09-13 09:45:14', 600, 2051, 1, 11, 150000, 'TUNAI', '0', 1),
('TR-000000001959', '2018-09-13 09:46:20', 195, 2046, 1, 12, 550000, 'TUNAI', '0', 2),
('TR-000000001960', '2018-09-13 09:46:31', 195, 2046, 1, 9, 150000, 'TUNAI', '0', 1),
('TR-000000001961', '2018-09-13 09:48:34', 22, 2055, 1, 8, 55000, 'TUNAI', '0', 2),
('TR-000000001962', '2018-09-13 09:48:46', 22, 2055, 1, 10, 175000, 'TUNAI', '0', 1),
('TR-000000001963', '2018-09-13 09:49:26', 22, 2055, 1, 19, 175000, 'TUNAI', '0', 1),
('TR-000000001964', '2018-09-13 09:49:44', 219, 2046, 1, 12, 565000, 'TUNAI', '0', 2),
('TR-000000001965', '2018-09-13 09:49:56', 219, 2046, 1, 9, 150000, 'TUNAI', '0', 1),
('TR-000000001966', '2018-09-13 09:50:06', 560, 2050, 1, 11, 150000, 'TUNAI', '0', 1),
('TR-000000001967', '2018-09-13 09:50:27', 80, 2040, 1, 20, 150000, 'TUNAI', '0', 1),
('TR-000000001968', '2018-09-13 09:50:53', 631, 2060, 1, 17, 175000, 'TUNAI', '0', 1),
('TR-000000001969', '2018-09-13 09:51:05', 631, 2060, 1, 8, 175000, 'TUNAI', '0', 1),
('TR-000000001970', '2018-09-13 09:51:16', 631, 2060, 1, 10, 175000, 'TUNAI', '0', 1),
('TR-000000001971', '2018-09-13 09:51:37', 44, 2056, 1, 10, 175000, 'TUNAI', '0', 1),
('TR-000000001972', '2018-09-13 09:51:51', 44, 2056, 1, 19, 175000, 'TUNAI', '0', 1),
('TR-000000001973', '2018-09-13 09:52:12', 318, 2047, 1, 14, 200000, 'TUNAI', '0', 3),
('TR-000000001974', '2018-09-13 09:52:28', 209, 2046, 1, 12, 965000, 'TUNAI', '0', 4),
('TR-000000001975', '2018-09-13 09:52:41', 53, 2056, 1, 10, 175000, 'TUNAI', '0', 1),
('TR-000000001976', '2018-09-13 09:52:55', 77, 2040, 1, 12, 1265000, 'TUNAI', '0', 2),
('TR-000000001977', '2018-09-13 09:53:11', 77, 2040, 1, 9, 150000, 'TUNAI', '0', 1),
('TR-000000001978', '2018-09-13 09:53:22', 77, 2040, 1, 11, 150000, 'TUNAI', '0', 1),
('TR-000000001979', '2018-09-13 09:54:24', 476, 2044, 1, 9, 150000, 'TUNAI', '0', 1),
('TR-000000001980', '2018-09-13 09:54:36', 476, 2044, 1, 11, 150000, 'TUNAI', '0', 1),
('TR-000000001981', '2018-09-14 10:18:30', 646, 2061, 1, 8, 175000, 'TUNAI', '0', 1),
('TR-000000001982', '2018-09-14 10:28:41', 646, 2061, 1, 10, 175000, 'TUNAI', '0', 1),
('TR-000000001983', '2018-09-14 10:29:04', 109, 2041, 1, 11, 150000, 'TUNAI', '0', 1),
('TR-000000001984', '2018-09-14 10:29:24', 554, 2050, 1, 9, 150000, 'TUNAI', '0', 1),
('TR-000000001985', '2018-09-14 10:29:50', 558, 2050, 1, 16, 150000, 'TUNAI', '0', 3),
('TR-000000001986', '2018-09-15 09:17:40', 542, 2054, 1, 16, 150000, 'TUNAI', '0', 2),
('TR-000000001987', '2018-09-15 09:17:56', 36, 2055, 1, 13, 425000, 'TUNAI', '0', 2),
('TR-000000001988', '2018-09-15 09:18:12', 36, 2055, 1, 8, 175000, 'TUNAI', '0', 1),
('TR-000000001989', '2018-09-15 09:18:27', 168, 2045, 1, 12, 350000, 'TUNAI', '0', 2),
('TR-000000001990', '2018-09-15 10:12:51', 218, 2046, 1, 11, 150000, 'TUNAI', '0', 1),
('TR-000000001991', '2018-09-15 12:45:12', 373, 2057, 1, 15, 300000, 'TUNAI', '0', 2),
('TR-000000001992', '2018-09-15 12:45:33', 373, 2057, 1, 8, 175000, 'TUNAI', '0', 1),
('TR-000000001993', '2018-09-15 12:45:46', 472, 2043, 1, 38, 19000, 'TUNAI', '0', 2),
('TR-000000001994', '2018-09-15 12:45:58', 472, 2043, 1, 11, 150000, 'TUNAI', '0', 1),
('TR-000000001995', '2018-09-15 12:46:09', 206, 2046, 1, 11, 150000, 'TUNAI', '0', 1),
('TR-000000001996', '2018-09-15 12:46:20', 388, 2057, 1, 8, 175000, 'TUNAI', '0', 1),
('TR-000000001997', '2018-09-15 12:46:36', 388, 2057, 1, 10, 175000, 'TUNAI', '0', 1),
('TR-000000001998', '2018-09-15 13:36:55', 169, 2045, 1, 12, 350000, 'TUNAI', '0', 2),
('TR-000000001999', '2018-09-15 13:37:11', 169, 2045, 1, 9, 150000, 'TUNAI', '0', 1),
('TR-000000002000', '2018-09-15 13:37:22', 526, 2054, 1, 9, 150000, 'TUNAI', '0', 1),
('TR-000000002001', '2018-09-15 13:37:47', 441, 2059, 1, 8, 175000, 'TUNAI', '0', 1),
('TR-000000002002', '2018-09-15 13:38:04', 270, 2063, 1, 14, 400000, 'TUNAI', '0', 2),
('TR-000000002003', '2018-09-15 13:38:20', 270, 2063, 1, 11, 150000, 'TUNAI', '0', 1),
('TR-000000002004', '2018-09-15 13:38:37', 6, 2055, 1, 10, 175000, 'TUNAI', '0', 1),
('TR-000000002005', '2018-09-15 13:38:49', 506, 2064, 1, 16, 300000, 'TUNAI', '0', 1),
('TR-000000002006', '2018-09-15 13:39:00', 506, 2064, 1, 9, 150000, 'TUNAI', '0', 1),
('TR-000000002007', '2018-09-15 13:39:10', 506, 2064, 1, 11, 150000, 'TUNAI', '0', 1),
('TR-000000002008', '2018-09-17 11:38:02', 84, 2040, 1, 12, 150000, 'TUNAI', '0', 3),
('TR-000000002009', '2018-09-17 11:38:22', 84, 2040, 1, 11, 150000, 'TUNAI', '0', 1),
('TR-000000002010', '2018-09-17 11:38:49', 129, 2062, 1, 11, 150000, 'TUNAI', '0', 1),
('TR-000000002011', '2018-09-17 12:35:56', 100, 2062, 1, 9, 150000, 'TUNAI', '0', 1),
('TR-000000002012', '2018-09-17 12:36:08', 55, 2056, 1, 13, 255000, 'TUNAI', '0', 3),
('TR-000000002013', '2018-09-17 12:48:20', 99, 2041, 1, 12, 150000, 'TUNAI', '0', 2),
('TR-000000002014', '2018-09-17 12:48:32', 99, 2041, 1, 9, 150000, 'TUNAI', '0', 1),
('TR-000000002015', '2018-09-17 12:48:55', 430, 2059, 1, 15, 175000, 'TUNAI', '0', 1),
('TR-000000002016', '2018-09-17 12:49:10', 430, 2059, 1, 8, 175000, 'TUNAI', '0', 1),
('TR-000000002017', '2018-09-17 12:49:21', 430, 2059, 1, 10, 175000, 'TUNAI', '0', 1),
('TR-000000002018', '2018-09-17 13:09:31', 433, 2059, 1, 8, 175000, 'TUNAI', '0', 1),
('TR-000000002019', '2018-09-17 13:09:51', 433, 2059, 1, 10, 175000, 'TUNAI', '0', 1),
('TR-000000002020', '2018-09-17 13:10:07', 89, 2040, 1, 12, 150000, 'TUNAI', '0', 2),
('TR-000000002021', '2018-09-17 13:10:21', 89, 2040, 1, 9, 150000, 'TUNAI', '0', 1),
('TR-000000002022', '2018-09-17 13:11:44', 570, 2050, 1, 16, 500000, 'TUNAI', '0', 2),
('TR-000000002023', '2018-09-18 08:09:44', 323, 2048, 1, 14, 1275000, 'TUNAI', '0', 1),
('TR-000000002024', '2018-09-18 08:10:09', 323, 2048, 1, 39, 44000, 'TUNAI', '0', 2),
('TR-000000002025', '2018-09-18 08:10:25', 323, 2048, 1, 39, 444000, 'TUNAI', '0', 3),
('TR-000000002026', '2018-09-18 08:10:40', 323, 2048, 1, 9, 25000, 'TUNAI', '0', 1),
('TR-000000002027', '2018-09-18 08:10:59', 201, 2046, 1, 11, 150000, 'TUNAI', '0', 1),
('TR-000000002028', '2018-09-18 08:11:33', 216, 2046, 1, 11, 150000, 'TUNAI', '0', 1),
('TR-000000002029', '2018-09-18 08:11:51', 509, 2064, 1, 11, 150000, 'TUNAI', '0', 1),
('TR-000000002030', '2018-09-18 08:12:39', 591, 2051, 1, 16, 200000, 'TUNAI', '0', 2),
('TR-000000002031', '2018-09-18 08:13:02', 591, 2051, 1, 9, 150000, 'TUNAI', '0', 1),
('TR-000000002032', '2018-09-18 08:13:22', 591, 2051, 1, 11, 150000, 'TUNAI', '0', 1),
('TR-000000002033', '2018-09-20 17:04:26', 8, 2055, 1, 8, 25000, 'TUNAI', '0', 2),
('TR-000000002034', '2018-09-20 17:04:46', 8, 2055, 1, 10, 175000, 'TUNAI', '0', 1),
('TR-000000002035', '2018-09-20 17:05:06', 31, 2055, 1, 13, 300000, 'TUNAI', '0', 2),
('TR-000000002036', '2018-09-20 17:05:23', 31, 2055, 1, 8, 175000, 'TUNAI', '0', 1),
('TR-000000002037', '2018-09-20 17:05:39', 31, 2055, 1, 10, 175000, 'TUNAI', '0', 1),
('TR-000000002038', '2018-09-21 11:48:57', 618, 2051, 1, 16, 700000, 'TUNAI', '0', 2),
('TR-000000002039', '2018-09-21 11:51:43', 618, 2051, 1, 9, 150000, 'TUNAI', '0', 1),
('TR-000000002040', '2018-09-21 11:51:59', 618, 2051, 1, 11, 150000, 'TUNAI', '0', 1),
('TR-000000002041', '2018-09-21 11:52:29', 271, 2053, 1, 39, 500000, 'TUNAI', '0', 2),
('TR-000000002042', '2018-09-21 11:52:57', 569, 2050, 1, 16, 350000, 'TUNAI', '0', 3),
('TR-000000002043', '2018-09-21 11:53:16', 569, 2050, 1, 11, 150000, 'TUNAI', '0', 1),
('TR-000000002044', '2018-09-21 11:53:35', 282, 2053, 1, 9, 150000, 'TUNAI', '0', 1),
('TR-000000002045', '2018-09-21 11:53:45', 282, 2053, 1, 11, 150000, 'TUNAI', '0', 1),
('TR-000000002046', '2018-09-21 11:53:56', 282, 2053, 1, 18, 150000, 'TUNAI', '0', 1),
('TR-000000002047', '2018-09-21 11:54:12', 611, 2051, 1, 11, 150000, 'TUNAI', '0', 1),
('TR-000000002048', '2018-09-21 11:54:35', 68, 2056, 1, 13, 1255000, 'TUNAI', '0', 3),
('TR-000000002049', '2018-09-21 11:54:48', 68, 2056, 1, 10, 175000, 'TUNAI', '0', 1),
('TR-000000002050', '2018-09-21 11:55:10', 68, 2056, 1, 19, 150000, 'TUNAI', '0', 1),
('TR-000000002051', '2018-09-21 11:55:31', 469, 2043, 1, 16, 150000, 'TUNAI', '0', 1),
('TR-000000002052', '2018-09-21 11:56:02', 469, 2043, 1, 9, 150000, 'TUNAI', '0', 1),
('TR-000000002053', '2018-09-21 11:56:33', 244, 2042, 1, 39, 300000, 'TUNAI', '0', 2),
('TR-000000002054', '2018-09-21 11:56:51', 443, 2059, 1, 15, 175000, 'TUNAI', '0', 1),
('TR-000000002055', '2018-09-21 11:57:18', 443, 2059, 1, 8, 175000, 'TUNAI', '0', 1),
('TR-000000002056', '2018-09-21 11:57:43', 443, 2059, 1, 10, 175000, 'TUNAI', '0', 1),
('TR-000000002057', '2018-09-21 11:58:00', 163, 2052, 1, 12, 350000, 'TUNAI', '0', 2),
('TR-000000002058', '2018-09-21 11:58:12', 163, 2052, 1, 9, 150000, 'TUNAI', '0', 1),
('TR-000000002059', '2018-09-21 11:58:29', 154, 2052, 1, 11, 150000, 'TUNAI', '0', 1),
('TR-000000002060', '2018-09-21 11:58:42', 142, 2052, 1, 12, 250000, 'TUNAI', '0', 3),
('TR-000000002061', '2018-09-21 11:58:55', 142, 2052, 1, 11, 150000, 'TUNAI', '0', 1),
('TR-000000002062', '2018-09-21 11:59:13', 148, 2052, 1, 12, 350000, 'TUNAI', '0', 3),
('TR-000000002063', '2018-09-21 11:59:24', 148, 2052, 1, 11, 150000, 'TUNAI', '0', 1),
('TR-000000002064', '2018-09-21 11:59:45', 153, 2052, 1, 12, 615000, 'TUNAI', '0', 4),
('TR-000000002065', '2018-09-21 12:00:19', 416, 2058, 1, 10, 87500, 'TUNAI', '0', 1),
('TR-000000002066', '2018-09-21 12:00:54', 23, 2055, 1, 13, 375000, 'TUNAI', '0', 3),
('TR-000000002067', '2018-09-21 12:11:05', 23, 2055, 1, 10, 175000, 'TUNAI', '0', 1),
('TR-000000002068', '2018-09-21 12:11:17', 23, 2055, 1, 40, 50000, 'TUNAI', '0', 1),
('TR-000000002069', '2018-09-21 12:11:33', 5, 2055, 1, 13, 475000, 'TUNAI', '0', 2),
('TR-000000002070', '2018-09-21 12:12:27', 5, 2055, 1, 8, 175000, 'TUNAI', '0', 1),
('TR-000000002071', '2018-09-21 12:12:38', 5, 2055, 1, 40, 50000, 'TUNAI', '0', 1),
('TR-000000002072', '2018-09-21 12:13:04', 255, 2063, 1, 14, 675000, 'TUNAI', '0', 2),
('TR-000000002073', '2018-09-21 12:13:23', 255, 2063, 1, 40, 50000, 'TUNAI', '0', 1),
('TR-000000002074', '2018-09-21 12:13:40', 255, 2063, 1, 9, 150000, 'TUNAI', '0', 1),
('TR-000000002075', '2018-09-21 12:13:52', 255, 2063, 1, 11, 125000, 'TUNAI', '0', 1),
('TR-000000002076', '2018-09-21 12:14:07', 573, 2050, 1, 38, 250000, 'TUNAI', '0', 3),
('TR-000000002077', '2018-09-21 12:14:17', 573, 2050, 1, 40, 50000, 'TUNAI', '0', 1),
('TR-000000002078', '2018-09-21 12:14:43', 197, 2046, 1, 12, 150000, 'TUNAI', '0', 2),
('TR-000000002079', '2018-09-21 12:15:03', 197, 2046, 1, 9, 150000, 'TUNAI', '0', 1),
('TR-000000002080', '2018-09-21 12:15:20', 197, 2046, 1, 11, 150000, 'TUNAI', '0', 1),
('TR-000000002081', '2018-09-21 12:16:18', 485, 2044, 1, 38, 450000, 'TUNAI', '0', 2),
('TR-000000002082', '2018-09-21 12:16:35', 502, 2044, 1, 11, 19000, 'TUNAI', '0', 2),
('TR-000000002083', '2018-09-21 12:16:55', 502, 2044, 1, 40, 50000, 'TUNAI', '0', 1),
('TR-000000002084', '2018-09-21 12:17:13', 502, 2044, 1, 18, 89000, 'TUNAI', '0', 1),
('TR-000000002085', '2018-09-21 12:17:28', 494, 2044, 1, 38, 92000, 'TUNAI', '0', 2),
('TR-000000002086', '2018-09-21 12:17:43', 494, 2044, 1, 16, 208000, 'TUNAI', '0', 1),
('TR-000000002087', '2018-09-21 12:20:27', 494, 2044, 1, 40, 50000, 'TUNAI', '0', 1),
('TR-000000002088', '2018-09-21 12:20:40', 494, 2044, 1, 9, 150000, 'TUNAI', '0', 1),
('TR-000000002089', '2018-09-22 08:07:51', 379, 2057, 1, 8, 175000, 'TUNAI', '0', 1),
('TR-000000002090', '2018-09-22 08:08:43', 379, 2057, 1, 10, 175000, 'TUNAI', '0', 1),
('TR-000000002091', '2018-09-22 08:09:35', 379, 2057, 1, 19, 100000, 'TUNAI', '0', 1),
('TR-000000002092', '2018-09-22 08:09:51', 379, 2057, 1, 19, 75000, 'TUNAI', '0', 2),
('TR-000000002093', '2018-09-22 08:10:12', 379, 2057, 1, 21, 175000, 'TUNAI', '0', 1),
('TR-000000002094', '2018-09-22 08:10:33', 379, 2057, 1, 23, 175000, 'TUNAI', '0', 1),
('TR-000000002095', '2018-09-22 08:10:48', 379, 2057, 1, 25, 175000, 'TUNAI', '0', 1),
('TR-000000002096', '2018-09-22 08:11:05', 379, 2057, 1, 27, 175000, 'TUNAI', '0', 1),
('TR-000000002097', '2018-09-22 08:12:11', 379, 2057, 1, 29, 125000, 'TUNAI', '0', 1),
('TR-000000002098', '2018-09-24 08:28:24', 627, 2060, 2, 40, 50000, 'TUNAI', '0', 1),
('TR-000000002099', '2018-09-24 09:43:33', 628, 2060, 2, 40, 50000, 'TUNAI', '0', 1),
('TR-000000002100', '2018-09-24 09:44:30', 642, 2061, 2, 40, 50000, 'TUNAI', '0', 1),
('TR-000000002101', '2018-09-24 09:50:56', 659, 2061, 2, 40, 50000, 'TUNAI', '0', 1),
('TR-000000002102', '2018-09-24 09:53:37', 11, 2055, 2, 40, 50000, 'TUNAI', '0', 1),
('TR-000000002103', '2018-09-24 09:54:31', 19, 2055, 2, 40, 50000, 'TUNAI', '0', 1),
('TR-000000002104', '2018-09-24 10:16:24', 20, 2055, 2, 40, 50000, 'TUNAI', '0', 1),
('TR-000000002105', '2018-09-24 10:17:35', 26, 2055, 2, 40, 50000, 'TUNAI', '0', 1),
('TR-000000002106', '2018-09-24 10:19:21', 29, 2055, 2, 40, 50000, 'TUNAI', '0', 1),
('TR-000000002107', '2018-09-24 10:20:48', 32, 2055, 2, 40, 50000, 'TUNAI', '0', 1),
('TR-000000002108', '2018-09-24 10:22:13', 119, 2062, 2, 40, 50000, 'TUNAI', '0', 1),
('TR-000000002109', '2018-09-24 10:22:58', 578, 2050, 2, 40, 50000, 'TUNAI', '0', 1),
('TR-000000002110', '2018-09-24 10:23:59', 588, 2051, 2, 40, 50000, 'TUNAI', '0', 1),
('TR-000000002111', '2018-09-24 10:24:36', 598, 2051, 2, 40, 50000, 'TUNAI', '0', 1),
('TR-000000002112', '2018-09-24 10:25:17', 617, 2051, 2, 40, 50000, 'TUNAI', '0', 1),
('TR-000000002113', '2018-09-24 10:37:00', 415, 2058, 2, 40, 50000, 'TUNAI', '0', 1),
('TR-000000002114', '2018-09-24 10:38:13', 135, 2052, 2, 40, 50000, 'TUNAI', '0', 1),
('TR-000000002115', '2018-09-24 10:42:57', 139, 2052, 2, 40, 50000, 'TUNAI', '0', 1),
('TR-000000002116', '2018-09-24 10:43:01', 549, 2054, 1, 40, 50000, 'TUNAI', '0', 1),
('TR-000000002117', '2018-09-24 10:43:13', 549, 2054, 1, 9, 150000, 'TUNAI', '0', 1),
('TR-000000002118', '2018-09-24 10:43:40', 41, 2056, 1, 13, 505000, 'TUNAI', '0', 3),
('TR-000000002119', '2018-09-24 10:43:52', 41, 2056, 1, 10, 175000, 'TUNAI', '0', 1),
('TR-000000002120', '2018-09-24 10:44:21', 444, 2059, 1, 40, 50000, 'TUNAI', '0', 1),
('TR-000000002121', '2018-09-24 10:45:05', 66, 2056, 1, 10, 175000, 'TUNAI', '0', 1),
('TR-000000002122', '2018-09-24 10:45:22', 66, 2056, 1, 19, 175000, 'TUNAI', '0', 1),
('TR-000000002123', '2018-09-24 10:45:42', 607, 2051, 1, 40, 50000, 'TUNAI', '0', 1),
('TR-000000002124', '2018-09-24 10:46:11', 607, 2051, 1, 9, 150000, 'TUNAI', '0', 1),
('TR-000000002125', '2018-09-24 10:46:30', 607, 2051, 1, 11, 150000, 'TUNAI', '0', 1),
('TR-000000002126', '2018-09-24 10:46:39', 141, 2052, 2, 40, 50000, 'TUNAI', '0', 1),
('TR-000000002127', '2018-09-24 10:46:49', 616, 2051, 1, 40, 50000, 'TUNAI', '0', 1),
('TR-000000002128', '2018-09-24 10:47:19', 67, 2056, 1, 13, 125000, 'TUNAI', '0', 3),
('TR-000000002129', '2018-09-24 10:47:41', 143, 2052, 2, 40, 50000, 'TUNAI', '0', 1),
('TR-000000002130', '2018-09-24 10:47:54', 67, 2056, 1, 10, 175000, 'TUNAI', '0', 1),
('TR-000000002131', '2018-09-24 10:48:15', 495, 2044, 1, 16, 967000, 'TUNAI', '0', 3),
('TR-000000002132', '2018-09-24 10:48:31', 279, 2053, 1, 11, 150000, 'TUNAI', '0', 1),
('TR-000000002133', '2018-09-24 10:48:59', 659, 2061, 1, 17, 175000, 'TUNAI', '0', 3),
('TR-000000002134', '2018-09-24 10:49:37', 659, 2061, 1, 8, 43750, 'TUNAI', '0', 1),
('TR-000000002135', '2018-09-24 10:49:55', 659, 2061, 1, 10, 43750, 'TUNAI', '0', 1),
('TR-000000002136', '2018-09-24 10:50:18', 659, 2061, 1, 19, 43750, 'TUNAI', '0', 1),
('TR-000000002137', '2018-09-24 10:50:30', 659, 2061, 1, 21, 43750, 'TUNAI', '0', 1),
('TR-000000002138', '2018-09-24 10:50:48', 145, 2052, 2, 40, 50000, 'TUNAI', '0', 1),
('TR-000000002139', '2018-09-24 10:50:52', 642, 2061, 1, 10, 100000, 'TUNAI', '0', 1),
('TR-000000002140', '2018-09-24 10:51:04', 649, 2061, 1, 8, 175000, 'TUNAI', '0', 1),
('TR-000000002141', '2018-09-24 10:51:14', 649, 2061, 1, 10, 175000, 'TUNAI', '0', 1),
('TR-000000002142', '2018-09-24 10:51:32', 644, 2061, 1, 17, 175000, 'TUNAI', '0', 1),
('TR-000000002143', '2018-09-24 10:53:02', 147, 2052, 2, 40, 50000, 'TUNAI', '0', 1),
('TR-000000002144', '2018-09-24 10:54:08', 39, 2056, 1, 40, 50000, 'TUNAI', '0', 1),
('TR-000000002145', '2018-09-24 10:54:21', 39, 2056, 1, 13, 175000, 'TUNAI', '0', 2),
('TR-000000002146', '2018-09-24 10:54:39', 48, 2056, 1, 40, 50000, 'TUNAI', '0', 1),
('TR-000000002147', '2018-09-24 10:54:52', 48, 2056, 1, 10, 125000, 'TUNAI', '0', 1),
('TR-000000002148', '2018-09-24 10:55:45', 11, 2055, 1, 13, 475000, 'TUNAI', '0', 3),
('TR-000000002149', '2018-09-24 10:56:01', 11, 2055, 1, 10, 175000, 'TUNAI', '0', 1),
('TR-000000002150', '2018-09-24 10:56:17', 26, 2055, 1, 13, 300000, 'TUNAI', '0', 4),
('TR-000000002151', '2018-09-24 10:56:31', 624, 2060, 1, 40, 50000, 'TUNAI', '0', 1),
('TR-000000002152', '2018-09-24 10:56:51', 614, 2051, 1, 40, 50000, 'TUNAI', '0', 1),
('TR-000000002153', '2018-09-24 10:57:07', 614, 2051, 1, 9, 150000, 'TUNAI', '0', 1),
('TR-000000002154', '2018-09-24 10:57:17', 614, 2051, 1, 11, 150000, 'TUNAI', '0', 1),
('TR-000000002155', '2018-09-24 10:57:33', 592, 2051, 1, 40, 50000, 'TUNAI', '0', 1),
('TR-000000002156', '2018-09-24 10:57:57', 592, 2051, 1, 9, 150000, 'TUNAI', '0', 1),
('TR-000000002157', '2018-09-24 10:58:11', 148, 2052, 2, 40, 50000, 'TUNAI', '0', 1),
('TR-000000002158', '2018-09-24 10:58:19', 318, 2047, 1, 11, 150000, 'TUNAI', '0', 1),
('TR-000000002159', '2018-09-24 10:58:39', 139, 2052, 1, 11, 150000, 'TUNAI', '0', 1),
('TR-000000002160', '2018-09-24 10:58:52', 139, 2052, 1, 12, 300000, 'TUNAI', '0', 3),
('TR-000000002161', '2018-09-24 10:59:21', 153, 2052, 2, 40, 50000, 'TUNAI', '0', 1),
('TR-000000002162', '2018-09-24 11:00:13', 158, 2052, 2, 40, 50000, 'TUNAI', '0', 1),
('TR-000000002163', '2018-09-24 11:01:14', 161, 2052, 2, 40, 50000, 'TUNAI', '0', 1),
('TR-000000002164', '2018-09-24 11:01:19', 143, 2052, 1, 12, 350000, 'TUNAI', '0', 3),
('TR-000000002165', '2018-09-24 11:01:35', 143, 2052, 1, 11, 150000, 'TUNAI', '0', 1),
('TR-000000002166', '2018-09-24 11:01:51', 165, 2052, 2, 40, 50000, 'TUNAI', '0', 1),
('TR-000000002167', '2018-09-24 11:02:14', 199, 2046, 1, 40, 50000, 'TUNAI', '0', 1),
('TR-000000002168', '2018-09-24 11:02:23', 216, 2046, 1, 40, 50000, 'TUNAI', '0', 1),
('TR-000000002169', '2018-09-24 11:02:38', 209, 2046, 1, 40, 50000, 'TUNAI', '0', 1),
('TR-000000002170', '2018-09-24 11:02:54', 208, 2046, 1, 40, 50000, 'TUNAI', '0', 1),
('TR-000000002171', '2018-09-24 11:03:19', 208, 2046, 1, 12, 865000, 'TUNAI', '0', 4),
('TR-000000002172', '2018-09-24 11:03:33', 204, 2046, 1, 12, 500000, 'TUNAI', '0', 3),
('TR-000000002173', '2018-09-24 11:03:50', 204, 2046, 1, 11, 150000, 'TUNAI', '0', 1),
('TR-000000002174', '2018-09-24 11:04:05', 204, 2046, 1, 40, 50000, 'TUNAI', '0', 1),
('TR-000000002175', '2018-09-24 11:04:15', 631, 2060, 1, 40, 50000, 'TUNAI', '0', 1),
('TR-000000002176', '2018-09-24 13:52:00', 611, 2051, 2, 40, 50000, 'TUNAI', '0', 1),
('TR-000000002177', '2018-09-24 14:07:20', 175, 2045, 2, 40, 50000, 'TUNAI', '0', 1),
('TR-000000002178', '2018-09-24 14:08:00', 186, 2045, 2, 40, 50000, 'TUNAI', '0', 1),
('TR-000000002179', '2018-09-24 14:08:49', 190, 2045, 2, 40, 50000, 'TUNAI', '0', 1),
('TR-000000002180', '2018-09-24 15:02:35', 446, 2059, 1, 8, 175000, 'TUNAI', '0', 1),
('TR-000000002181', '2018-09-24 15:02:47', 446, 2059, 1, 10, 125000, 'TUNAI', '0', 1),
('TR-000000002182', '2018-09-24 15:03:18', 171, 2045, 1, 11, 150000, 'TUNAI', '0', 1),
('TR-000000002183', '2018-09-25 07:07:01', 651, 2061, 2, 40, 50000, 'TUNAI', '0', 1),
('TR-000000002184', '2018-09-25 07:19:13', 87, 2040, 2, 40, 50000, 'TUNAI', '0', 1),
('TR-000000002185', '2018-09-25 07:22:35', 658, 2061, 2, 40, 50000, 'TUNAI', '0', 1),
('TR-000000002186', '2018-09-25 07:23:33', 645, 2061, 2, 40, 50000, 'TUNAI', '0', 1),
('TR-000000002187', '2018-09-25 08:01:23', 109, 2041, 2, 40, 50000, 'TUNAI', '0', 1),
('TR-000000002188', '2018-09-25 08:20:17', 106, 2041, 2, 40, 50000, 'TUNAI', '0', 1),
('TR-000000002189', '2018-09-25 08:20:56', 14, 2055, 2, 40, 50000, 'TUNAI', '0', 1),
('TR-000000002190', '2018-09-25 08:21:35', 27, 2055, 2, 40, 50000, 'TUNAI', '0', 1),
('TR-000000002191', '2018-09-25 08:22:17', 33, 2055, 2, 40, 50000, 'TUNAI', '0', 1),
('TR-000000002192', '2018-09-25 09:38:31', 458, 2043, 2, 40, 50000, 'TUNAI', '0', 1),
('TR-000000002193', '2018-09-25 09:39:20', 463, 2043, 2, 40, 50000, 'TUNAI', '0', 1),
('TR-000000002194', '2018-09-25 09:43:43', 630, 2060, 2, 40, 50000, 'TUNAI', '0', 1),
('TR-000000002195', '2018-09-25 09:44:29', 632, 2060, 2, 40, 50000, 'TUNAI', '0', 1),
('TR-000000002196', '2018-09-25 09:45:09', 635, 2060, 2, 40, 50000, 'TUNAI', '0', 1),
('TR-000000002197', '2018-09-25 09:45:47', 640, 2060, 2, 40, 50000, 'TUNAI', '0', 1),
('TR-000000002198', '2018-09-25 09:46:40', 515, 2064, 1, 9, 150000, 'TUNAI', '0', 1),
('TR-000000002199', '2018-09-25 09:46:55', 515, 2064, 1, 11, 150000, 'TUNAI', '0', 1),
('TR-000000002200', '2018-09-25 10:16:28', 168, 2045, 2, 40, 50000, 'TUNAI', '0', 1),
('TR-000000002201', '2018-09-25 10:52:04', 185, 2045, 2, 40, 50000, 'TUNAI', '0', 1),
('TR-000000002202', '2018-09-25 10:52:56', 188, 2045, 2, 40, 50000, 'TUNAI', '0', 1),
('TR-000000002203', '2018-09-25 12:39:36', 46, 2056, 1, 13, 825000, 'TUNAI', '0', 2),
('TR-000000002204', '2018-09-25 12:39:49', 46, 2056, 1, 10, 175000, 'TUNAI', '0', 1),
('TR-000000002205', '2018-09-25 12:40:09', 109, 2041, 1, 12, 1115000, 'TUNAI', '0', 3),
('TR-000000002206', '2018-09-25 12:40:23', 109, 2041, 1, 18, 150000, 'TUNAI', '0', 1),
('TR-000000002207', '2018-09-25 12:40:43', 109, 2041, 1, 20, 150000, 'TUNAI', '0', 1),
('TR-000000002208', '2018-09-25 12:41:05', 33, 2055, 1, 13, 360000, 'TUNAI', '0', 3),
('TR-000000002209', '2018-09-25 12:41:23', 33, 2055, 1, 10, 175000, 'TUNAI', '0', 1),
('TR-000000002210', '2018-09-25 12:41:36', 480, 2044, 1, 16, 150000, 'TUNAI', '0', 2),
('TR-000000002211', '2018-09-25 12:41:47', 480, 2044, 1, 40, 50000, 'TUNAI', '0', 1),
('TR-000000002212', '2018-09-25 12:42:02', 483, 2044, 1, 40, 50000, 'TUNAI', '0', 1),
('TR-000000002213', '2018-09-25 12:42:23', 483, 2044, 1, 16, 7000, 'TUNAI', '0', 1),
('TR-000000002214', '2018-09-25 12:42:41', 483, 2044, 1, 38, 443000, 'TUNAI', '0', 2),
('TR-000000002215', '2018-09-25 12:43:01', 600, 2051, 1, 40, 50000, 'TUNAI', '0', 1),
('TR-000000002216', '2018-09-25 13:45:10', 17, 2055, 2, 40, 50000, 'TUNAI', '0', 1),
('TR-000000002217', '2018-09-25 14:12:51', 590, 2051, 2, 40, 50000, 'TUNAI', '0', 1),
('TR-000000002218', '2018-09-26 09:38:13', 178, 2045, 2, 40, 50000, 'TUNAI', '0', 1),
('TR-000000002219', '2018-09-26 09:40:10', 169, 2045, 2, 40, 50000, 'TUNAI', '0', 1),
('TR-000000002220', '2018-09-26 09:42:18', 189, 2045, 2, 40, 50000, 'TUNAI', '0', 1),
('TR-000000002221', '2018-09-26 09:44:01', 173, 2045, 2, 40, 50000, 'TUNAI', '0', 1),
('TR-000000002222', '2018-09-26 09:45:51', 626, 2060, 2, 40, 50000, 'TUNAI', '0', 1),
('TR-000000002223', '2018-09-26 09:47:20', 6, 2055, 2, 40, 50000, 'TUNAI', '0', 1),
('TR-000000002224', '2018-09-26 09:50:04', 28, 2055, 2, 40, 50000, 'TUNAI', '0', 1),
('TR-000000002225', '2018-09-26 09:52:02', 86, 2040, 2, 40, 50000, 'TUNAI', '0', 1),
('TR-000000002226', '2018-09-26 09:53:11', 88, 2040, 2, 40, 50000, 'TUNAI', '0', 1),
('TR-000000002227', '2018-09-26 09:54:37', 542, 2054, 2, 40, 50000, 'TUNAI', '0', 1),
('TR-000000002228', '2018-09-26 09:56:39', 657, 2061, 2, 40, 50000, 'TUNAI', '0', 1),
('TR-000000002229', '2018-09-26 09:57:24', 665, 2061, 2, 40, 50000, 'TUNAI', '0', 1),
('TR-000000002230', '2018-09-26 09:58:36', 102, 2041, 2, 40, 50000, 'TUNAI', '0', 1),
('TR-000000002231', '2018-09-26 09:59:22', 104, 2041, 2, 40, 50000, 'TUNAI', '0', 1),
('TR-000000002232', '2018-09-26 10:00:05', 105, 2041, 2, 40, 50000, 'TUNAI', '0', 1),
('TR-000000002233', '2018-09-26 10:09:17', 110, 2041, 2, 40, 50000, 'TUNAI', '0', 1),
('TR-000000002234', '2018-09-26 11:31:10', 210, 2046, 2, 40, 50000, 'TUNAI', '0', 1),
('TR-000000002235', '2018-09-26 11:33:53', 211, 2046, 2, 40, 50000, 'TUNAI', '0', 1),
('TR-000000002236', '2018-09-26 13:15:12', 121, 2062, 2, 40, 50000, 'TUNAI', '0', 1),
('TR-000000002237', '2018-09-26 13:17:59', 608, 2051, 1, 40, 50000, 'TUNAI', '0', 1),
('TR-000000002238', '2018-09-26 13:18:24', 608, 2051, 1, 11, 150000, 'TUNAI', '0', 1),
('TR-000000002239', '2018-09-26 15:28:20', 123, 2062, 1, 12, 370000, 'TUNAI', '0', 3),
('TR-000000002240', '2018-09-26 15:28:32', 123, 2062, 1, 11, 150000, 'TUNAI', '0', 1),
('TR-000000002241', '2018-09-26 15:28:47', 488, 2044, 1, 11, 150000, 'TUNAI', '0', 1),
('TR-000000002242', '2018-09-26 15:29:57', 464, 2043, 1, 16, 200000, 'TUNAI', '0', 2),
('TR-000000002243', '2018-09-26 15:30:14', 464, 2043, 1, 9, 150000, 'TUNAI', '0', 1),
('TR-000000002244', '2018-09-26 15:30:25', 464, 2043, 1, 11, 150000, 'TUNAI', '0', 1),
('TR-000000002245', '2018-09-26 15:30:35', 464, 2043, 1, 40, 50000, 'TUNAI', '0', 1),
('TR-000000002246', '2018-09-26 15:31:04', 268, 2063, 1, 11, 150000, 'TUNAI', '0', 1),
('TR-000000002247', '2018-09-26 15:31:23', 258, 2063, 1, 11, 150000, 'TUNAI', '0', 1),
('TR-000000002248', '2018-09-26 15:31:39', 258, 2063, 1, 40, 50000, 'TUNAI', '0', 1),
('TR-000000002249', '2018-09-26 15:31:50', 259, 2063, 1, 11, 150000, 'TUNAI', '0', 1),
('TR-000000002250', '2018-09-26 15:32:13', 253, 2063, 1, 11, 150000, 'TUNAI', '0', 1),
('TR-000000002251', '2018-09-26 15:32:27', 632, 2060, 1, 38, 50000, 'TUNAI', '0', 2),
('TR-000000002252', '2018-09-26 15:32:39', 452, 2043, 1, 40, 50000, 'TUNAI', '0', 1),
('TR-000000002253', '2018-09-26 15:32:48', 472, 2043, 1, 40, 50000, 'TUNAI', '0', 1),
('TR-000000002254', '2018-09-26 15:32:58', 615, 2051, 1, 40, 50000, 'TUNAI', '0', 1),
('TR-000000002255', '2018-09-26 15:33:09', 602, 2051, 1, 40, 50000, 'TUNAI', '0', 1),
('TR-000000002256', '2018-09-26 15:37:43', 610, 2051, 1, 40, 50000, 'TUNAI', '0', 1),
('TR-000000002257', '2018-09-26 15:37:52', 217, 2046, 1, 40, 50000, 'TUNAI', '0', 1),
('TR-000000002258', '2018-09-26 15:38:08', 203, 2046, 1, 40, 50000, 'TUNAI', '0', 1),
('TR-000000002259', '2018-09-26 15:38:29', 183, 2045, 1, 12, 360000, 'TUNAI', '0', 3),
('TR-000000002260', '2018-09-26 15:38:47', 183, 2045, 1, 11, 150000, 'TUNAI', '0', 1),
('TR-000000002261', '2018-09-26 15:39:06', 424, 2059, 1, 40, 50000, 'TUNAI', '0', 1),
('TR-000000002262', '2018-09-26 15:41:27', 289, 2053, 1, 11, 150000, 'TUNAI', '0', 1),
('TR-000000002263', '2018-09-26 15:41:44', 289, 2053, 1, 40, 50000, 'TUNAI', '0', 1),
('TR-000000002264', '2018-09-26 15:42:02', 529, 2054, 1, 9, 150000, 'TUNAI', '0', 1),
('TR-000000002265', '2018-09-26 15:49:53', 28, 2055, 1, 13, 325000, 'TUNAI', '0', 3),
('TR-000000002266', '2018-09-26 15:55:38', 28, 2055, 1, 10, 175000, 'TUNAI', '0', 1),
('TR-000000002267', '2018-09-26 15:55:54', 271, 2053, 1, 40, 50000, 'TUNAI', '0', 1),
('TR-000000002268', '2018-09-26 15:56:14', 271, 2053, 1, 39, 850000, 'TUNAI', '0', 3),
('TR-000000002269', '2018-09-26 15:56:26', 585, 2050, 1, 40, 50000, 'TUNAI', '0', 1),
('TR-000000002270', '2018-09-26 15:56:48', 585, 2050, 1, 38, 300000, 'TUNAI', '0', 3),
('TR-000000002271', '2018-09-26 15:59:41', 62, 2056, 1, 13, 1430000, 'TUNAI', '0', 2),
('TR-000000002272', '2018-09-26 15:59:57', 62, 2056, 1, 8, 175000, 'TUNAI', '0', 1),
('TR-000000002273', '2018-09-26 16:00:11', 62, 2056, 1, 10, 175000, 'TUNAI', '0', 1),
('TR-000000002274', '2018-09-26 16:00:24', 62, 2056, 1, 19, 175000, 'TUNAI', '0', 1),
('TR-000000002275', '2018-09-26 16:00:38', 62, 2056, 1, 40, 50000, 'TUNAI', '0', 1),
('TR-000000002276', '2018-09-26 16:09:19', 595, 2051, 1, 40, 50000, 'TUNAI', '0', 1),
('TR-000000002277', '2018-09-26 16:09:35', 104, 2041, 1, 12, 150000, 'TUNAI', '0', 2),
('TR-000000002278', '2018-09-26 16:09:46', 104, 2041, 1, 9, 150000, 'TUNAI', '0', 1),
('TR-000000002279', '2018-09-26 16:09:59', 104, 2041, 1, 11, 150000, 'TUNAI', '0', 1),
('TR-000000002280', '2018-09-27 07:37:54', 152, 2052, 2, 40, 50000, 'TUNAI', '0', 1),
('TR-000000002281', '2018-09-27 07:38:32', 154, 2052, 2, 40, 50000, 'TUNAI', '0', 1),
('TR-000000002282', '2018-09-27 07:39:09', 159, 2052, 2, 40, 50000, 'TUNAI', '0', 1),
('TR-000000002283', '2018-09-27 07:39:46', 527, 2054, 2, 40, 50000, 'TUNAI', '0', 1),
('TR-000000002284', '2018-09-27 07:40:39', 655, 2061, 2, 40, 50000, 'TUNAI', '0', 1),
('TR-000000002285', '2018-09-27 07:41:33', 656, 2061, 2, 40, 50000, 'TUNAI', '0', 1),
('TR-000000002286', '2018-09-27 07:42:06', 660, 2061, 2, 40, 50000, 'TUNAI', '0', 1),
('TR-000000002287', '2018-09-27 07:48:21', 662, 2061, 2, 40, 50000, 'TUNAI', '0', 1),
('TR-000000002288', '2018-09-27 07:48:45', 666, 2061, 2, 40, 50000, 'TUNAI', '0', 1),
('TR-000000002289', '2018-09-27 07:55:13', 547, 2054, 2, 40, 50000, 'TUNAI', '0', 1),
('TR-000000002290', '2018-09-27 08:02:27', 46, 2056, 2, 40, 50000, 'TUNAI', '0', 1),
('TR-000000002291', '2018-09-27 08:08:47', 151, 2052, 2, 40, 50000, 'TUNAI', '0', 1),
('TR-000000002292', '2018-09-27 09:41:44', 82, 2040, 2, 40, 50000, 'TUNAI', '0', 1),
('TR-000000002293', '2018-09-27 09:43:55', 107, 2041, 2, 40, 50000, 'TUNAI', '0', 1),
('TR-000000002294', '2018-09-27 09:45:00', 205, 2046, 2, 40, 50000, 'TUNAI', '0', 1),
('TR-000000002295', '2018-09-27 09:46:08', 167, 2045, 2, 40, 50000, 'TUNAI', '0', 1),
('TR-000000002296', '2018-09-27 09:47:00', 179, 2045, 2, 40, 50000, 'TUNAI', '0', 1),
('TR-000000002297', '2018-09-27 09:48:16', 180, 2045, 2, 40, 50000, 'TUNAI', '0', 1),
('TR-000000002298', '2018-09-27 09:50:58', 214, 2046, 2, 40, 50000, 'TUNAI', '0', 1),
('TR-000000002299', '2018-09-27 09:54:24', 417, 2058, 2, 40, 50000, 'TUNAI', '0', 1),
('TR-000000002300', '2018-09-27 09:56:16', 18, 2055, 2, 40, 50000, 'TUNAI', '0', 1),
('TR-000000002301', '2018-09-27 09:57:57', 21, 2055, 2, 40, 50000, 'TUNAI', '0', 1),
('TR-000000002302', '2018-09-27 09:58:53', 22, 2055, 2, 40, 50000, 'TUNAI', '0', 1),
('TR-000000002303', '2018-09-27 09:59:38', 31, 2055, 2, 40, 50000, 'TUNAI', '0', 1),
('TR-000000002304', '2018-09-27 11:29:33', 497, 2044, 2, 40, 50000, 'TUNAI', '0', 1),
('TR-000000002305', '2018-09-27 11:30:19', 597, 2051, 2, 40, 50000, 'TUNAI', '0', 1),
('TR-000000002306', '2018-09-27 12:37:50', 24, 2055, 2, 40, 50000, 'TUNAI', '0', 1),
('TR-000000002307', '2018-09-27 12:38:42', 12, 2055, 2, 40, 50000, 'TUNAI', '0', 1),
('TR-000000002308', '2018-09-27 12:40:41', 183, 2045, 2, 40, 50000, 'TUNAI', '0', 1),
('TR-000000002309', '2018-09-27 15:24:16', 479, 2044, 1, 40, 50000, 'TUNAI', '0', 1),
('TR-000000002310', '2018-09-27 15:24:29', 285, 2053, 1, 40, 50000, 'TUNAI', '0', 1),
('TR-000000002311', '2018-09-27 15:25:13', 285, 2053, 1, 9, 150000, 'TUNAI', '0', 1),
('TR-000000002312', '2018-09-27 15:25:25', 285, 2053, 1, 11, 150000, 'TUNAI', '0', 1),
('TR-000000002313', '2018-09-27 15:25:50', 285, 2053, 1, 18, 150000, 'TUNAI', '0', 1),
('TR-000000002314', '2018-09-27 15:26:08', 503, 2064, 1, 40, 50000, 'TUNAI', '0', 1),
('TR-000000002315', '2018-09-27 15:26:21', 503, 2064, 1, 16, 100000, 'TUNAI', '0', 1),
('TR-000000002316', '2018-09-27 15:26:34', 503, 2064, 1, 9, 150000, 'TUNAI', '0', 1),
('TR-000000002317', '2018-09-27 15:26:56', 503, 2064, 1, 11, 150000, 'TUNAI', '0', 1),
('TR-000000002318', '2018-09-27 15:27:12', 521, 2064, 1, 40, 50000, 'TUNAI', '0', 1),
('TR-000000002319', '2018-09-27 15:27:22', 521, 2064, 1, 9, 150000, 'TUNAI', '0', 1),
('TR-000000002320', '2018-09-27 15:27:41', 521, 2064, 1, 11, 50000, 'TUNAI', '0', 1),
('TR-000000002321', '2018-09-27 15:27:59', 649, 2061, 1, 40, 50000, 'TUNAI', '0', 1),
('TR-000000002322', '2018-09-27 15:28:14', 641, 2061, 1, 40, 50000, 'TUNAI', '0', 1),
('TR-000000002323', '2018-09-27 15:28:26', 641, 2061, 1, 8, 175000, 'TUNAI', '0', 1),
('TR-000000002324', '2018-09-27 15:30:07', 217, 2046, 1, 12, 360000, 'TUNAI', '0', 3),
('TR-000000002325', '2018-09-27 15:30:20', 217, 2046, 1, 11, 150000, 'TUNAI', '0', 1),
('TR-000000002326', '2018-09-27 15:30:37', 31, 2055, 1, 13, 900000, 'TUNAI', '0', 3),
('TR-000000002327', '2018-09-27 15:31:01', 606, 2051, 1, 40, 50000, 'TUNAI', '0', 1),
('TR-000000002328', '2018-09-27 15:31:15', 264, 2063, 1, 40, 50000, 'TUNAI', '0', 1),
('TR-000000002329', '2018-09-27 15:31:30', 252, 2063, 1, 40, 50000, 'TUNAI', '0', 1),
('TR-000000002330', '2018-09-27 15:31:46', 261, 2063, 1, 40, 50000, 'TUNAI', '0', 1),
('TR-000000002331', '2018-09-27 15:32:03', 248, 2063, 1, 40, 50000, 'TUNAI', '0', 1),
('TR-000000002332', '2018-09-27 15:32:13', 269, 2063, 1, 40, 50000, 'TUNAI', '0', 1),
('TR-000000002333', '2018-09-27 15:32:33', 260, 2063, 1, 18, 150000, 'TUNAI', '0', 1),
('TR-000000002334', '2018-09-27 15:32:42', 260, 2063, 1, 40, 50000, 'TUNAI', '0', 1),
('TR-000000002335', '2018-09-27 15:32:52', 256, 2063, 1, 40, 50000, 'TUNAI', '0', 1),
('TR-000000002336', '2018-09-27 15:33:10', 256, 2063, 1, 11, 150000, 'TUNAI', '0', 1),
('TR-000000002337', '2018-09-27 15:33:30', 250, 2063, 1, 40, 50000, 'TUNAI', '0', 1),
('TR-000000002338', '2018-09-27 15:33:45', 253, 2063, 1, 40, 50000, 'TUNAI', '0', 1),
('TR-000000002339', '2018-09-28 07:07:34', 652, 2061, 2, 40, 50000, 'TUNAI', '0', 1),
('TR-000000002340', '2018-09-28 07:08:29', 661, 2061, 2, 40, 50000, 'TUNAI', '0', 1),
('TR-000000002341', '2018-09-28 07:09:02', 663, 2061, 2, 40, 50000, 'TUNAI', '0', 1),
('TR-000000002342', '2018-09-28 07:15:37', 95, 2041, 2, 40, 50000, 'TUNAI', '0', 1),
('TR-000000002343', '2018-09-28 07:16:38', 97, 2041, 2, 40, 50000, 'TUNAI', '0', 1),
('TR-000000002344', '2018-09-28 07:17:10', 98, 2041, 2, 40, 50000, 'TUNAI', '0', 1),
('TR-000000002345', '2018-09-28 07:17:52', 103, 2041, 2, 40, 50000, 'TUNAI', '0', 1),
('TR-000000002346', '2018-09-28 07:18:25', 113, 2041, 2, 40, 50000, 'TUNAI', '0', 1),
('TR-000000002347', '2018-09-28 07:25:59', 487, 2044, 2, 40, 50000, 'TUNAI', '0', 1),
('TR-000000002348', '2018-09-28 07:27:56', 72, 2040, 2, 40, 50000, 'TUNAI', '0', 1),
('TR-000000002349', '2018-09-28 07:28:28', 73, 2040, 2, 40, 50000, 'TUNAI', '0', 1),
('TR-000000002350', '2018-09-28 07:29:17', 75, 2040, 2, 40, 50000, 'TUNAI', '0', 1),
('TR-000000002351', '2018-09-28 07:30:48', 77, 2040, 2, 40, 50000, 'TUNAI', '0', 1),
('TR-000000002352', '2018-09-28 07:31:21', 80, 2040, 2, 40, 50000, 'TUNAI', '0', 1);
INSERT INTO `tbl_transaksi` (`id_transaksi`, `waktu_transaksi`, `id_warga`, `id_rumah`, `id_pegawai`, `id_pembayaran`, `nominal_transaksi`, `pembayaran_melalui`, `file_foto`, `cicilan_transaksi`) VALUES
('TR-000000002353', '2018-09-28 07:31:55', 85, 2040, 2, 40, 50000, 'TUNAI', '0', 1),
('TR-000000002354', '2018-09-28 07:32:30', 90, 2040, 2, 40, 50000, 'TUNAI', '0', 1),
('TR-000000002355', '2018-09-28 07:34:16', 91, 2040, 2, 40, 50000, 'TUNAI', '0', 1),
('TR-000000002356', '2018-09-28 07:34:46', 93, 2040, 2, 40, 50000, 'TUNAI', '0', 1),
('TR-000000002357', '2018-09-28 07:35:28', 7, 2055, 2, 40, 50000, 'TUNAI', '0', 1),
('TR-000000002358', '2018-09-28 07:35:58', 8, 2055, 2, 40, 50000, 'TUNAI', '0', 1),
('TR-000000002359', '2018-09-28 07:36:27', 9, 2055, 2, 40, 50000, 'TUNAI', '0', 1),
('TR-000000002360', '2018-09-28 07:37:34', 16, 2055, 2, 40, 50000, 'TUNAI', '0', 1),
('TR-000000002361', '2018-09-28 07:41:18', 41, 2056, 2, 40, 50000, 'TUNAI', '0', 1),
('TR-000000002362', '2018-09-28 07:41:23', 495, 2044, 1, 40, 50000, 'TUNAI', '0', 1),
('TR-000000002363', '2018-09-28 07:41:53', 658, 2061, 1, 17, 250000, 'TUNAI', '0', 2),
('TR-000000002364', '2018-09-28 07:42:10', 658, 2061, 1, 8, 175000, 'TUNAI', '0', 1),
('TR-000000002365', '2018-09-28 07:42:25', 658, 2061, 1, 10, 175000, 'TUNAI', '0', 1),
('TR-000000002366', '2018-09-28 07:42:40', 43, 2056, 2, 40, 50000, 'TUNAI', '0', 1),
('TR-000000002367', '2018-09-28 07:43:11', 44, 2056, 2, 40, 50000, 'TUNAI', '0', 1),
('TR-000000002368', '2018-09-28 07:43:57', 47, 2056, 2, 40, 50000, 'TUNAI', '0', 1),
('TR-000000002369', '2018-09-28 07:44:31', 57, 2056, 2, 40, 50000, 'TUNAI', '0', 1),
('TR-000000002370', '2018-09-28 07:45:05', 58, 2056, 2, 40, 50000, 'TUNAI', '0', 1),
('TR-000000002371', '2018-09-28 07:45:41', 65, 2056, 2, 40, 50000, 'TUNAI', '0', 1),
('TR-000000002372', '2018-09-28 07:46:32', 66, 2056, 2, 40, 50000, 'TUNAI', '0', 1),
('TR-000000002373', '2018-09-28 07:47:01', 67, 2056, 2, 40, 50000, 'TUNAI', '0', 1),
('TR-000000002374', '2018-09-28 07:47:44', 69, 2056, 2, 40, 50000, 'TUNAI', '0', 1),
('TR-000000002375', '2018-09-28 07:48:18', 70, 2056, 2, 40, 50000, 'TUNAI', '0', 1),
('TR-000000002376', '2018-09-28 09:26:57', 118, 2062, 2, 40, 50000, 'TUNAI', '0', 1),
('TR-000000002377', '2018-09-28 09:27:32', 120, 2062, 2, 40, 50000, 'TUNAI', '0', 1),
('TR-000000002378', '2018-09-28 09:28:20', 123, 2062, 2, 40, 50000, 'TUNAI', '0', 1),
('TR-000000002379', '2018-09-28 09:29:54', 126, 2062, 2, 40, 50000, 'TUNAI', '0', 1),
('TR-000000002380', '2018-09-28 09:30:50', 127, 2062, 2, 40, 50000, 'TUNAI', '0', 1),
('TR-000000002381', '2018-09-28 09:31:57', 134, 2062, 2, 40, 50000, 'TUNAI', '0', 1),
('TR-000000002382', '2018-09-28 09:33:08', 94, 2041, 2, 40, 50000, 'TUNAI', '0', 1),
('TR-000000002383', '2018-09-28 09:33:41', 111, 2041, 2, 40, 50000, 'TUNAI', '0', 1),
('TR-000000002384', '2018-09-28 09:35:07', 170, 2045, 2, 40, 50000, 'TUNAI', '0', 1),
('TR-000000002385', '2018-09-28 09:35:44', 176, 2045, 2, 40, 50000, 'TUNAI', '0', 1),
('TR-000000002386', '2018-09-28 09:36:20', 181, 2045, 2, 40, 50000, 'TUNAI', '0', 1),
('TR-000000002387', '2018-09-28 09:38:34', 187, 2045, 2, 40, 50000, 'TUNAI', '0', 1),
('TR-000000002388', '2018-09-28 09:39:45', 639, 2060, 2, 40, 50000, 'TUNAI', '0', 1),
('TR-000000002389', '2018-09-28 09:41:40', 638, 2060, 2, 40, 50000, 'TUNAI', '0', 1),
('TR-000000002390', '2018-09-28 09:42:58', 450, 2043, 2, 40, 50000, 'TUNAI', '0', 1),
('TR-000000002391', '2018-09-28 09:45:34', 174, 2045, 2, 40, 50000, 'TUNAI', '0', 1),
('TR-000000002392', '2018-09-28 09:48:31', 461, 2043, 2, 40, 50000, 'TUNAI', '0', 1),
('TR-000000002393', '2018-09-28 09:49:26', 462, 2043, 2, 40, 50000, 'TUNAI', '0', 1),
('TR-000000002394', '2018-09-28 09:51:18', 192, 2045, 2, 40, 50000, 'TUNAI', '0', 1),
('TR-000000002395', '2018-09-28 09:52:43', 182, 2045, 2, 40, 50000, 'TUNAI', '0', 1),
('TR-000000002396', '2018-09-28 09:55:07', 466, 2043, 2, 40, 50000, 'TUNAI', '0', 1),
('TR-000000002397', '2018-09-28 09:55:40', 471, 2043, 2, 40, 50000, 'TUNAI', '0', 1),
('TR-000000002398', '2018-09-28 09:56:25', 476, 2044, 2, 40, 50000, 'TUNAI', '0', 1),
('TR-000000002399', '2018-09-28 09:57:41', 526, 2054, 2, 40, 50000, 'TUNAI', '0', 1),
('TR-000000002400', '2018-09-28 09:58:38', 528, 2054, 2, 40, 50000, 'TUNAI', '0', 1),
('TR-000000002401', '2018-09-28 10:12:16', 451, 2043, 2, 40, 50000, 'TUNAI', '0', 1),
('TR-000000002402', '2018-09-28 10:13:57', 529, 2054, 2, 40, 50000, 'TUNAI', '0', 1),
('TR-000000002403', '2018-09-28 10:14:32', 533, 2054, 2, 40, 50000, 'TUNAI', '0', 1),
('TR-000000002404', '2018-09-28 10:14:59', 538, 2054, 2, 40, 50000, 'TUNAI', '0', 1),
('TR-000000002405', '2018-09-28 10:15:52', 646, 2061, 2, 40, 50000, 'TUNAI', '0', 1),
('TR-000000002406', '2018-09-28 10:57:26', 619, 2051, 2, 40, 50000, 'TUNAI', '0', 1),
('TR-000000002407', '2018-09-28 10:58:43', 485, 2044, 2, 40, 50000, 'TUNAI', '0', 1),
('TR-000000002408', '2018-09-28 10:59:22', 491, 2044, 2, 40, 50000, 'TUNAI', '0', 1),
('TR-000000002409', '2018-09-28 11:00:06', 172, 2045, 2, 40, 50000, 'TUNAI', '0', 1),
('TR-000000002410', '2018-09-28 11:01:36', 10, 2055, 2, 40, 50000, 'TUNAI', '0', 1),
('TR-000000002411', '2018-09-28 11:02:13', 15, 2055, 2, 40, 50000, 'TUNAI', '0', 1),
('TR-000000002412', '2018-09-28 11:02:43', 30, 2055, 2, 40, 50000, 'TUNAI', '0', 1),
('TR-000000002413', '2018-09-28 11:03:21', 34, 2055, 2, 40, 50000, 'TUNAI', '0', 1),
('TR-000000002414', '2018-09-28 11:03:51', 35, 2055, 2, 40, 50000, 'TUNAI', '0', 1),
('TR-000000002415', '2018-09-28 11:06:12', 198, 2046, 2, 40, 50000, 'TUNAI', '0', 1),
('TR-000000002416', '2018-09-28 11:07:07', 212, 2046, 2, 40, 50000, 'TUNAI', '0', 1),
('TR-000000002417', '2018-09-28 11:07:49', 218, 2046, 2, 40, 50000, 'TUNAI', '0', 1),
('TR-000000002418', '2018-09-28 11:09:54', 251, 2063, 2, 40, 50000, 'TUNAI', '0', 1),
('TR-000000002419', '2018-09-28 11:10:26', 259, 2063, 2, 40, 50000, 'TUNAI', '0', 1),
('TR-000000002420', '2018-09-28 11:13:35', 262, 2063, 2, 40, 50000, 'TUNAI', '0', 1),
('TR-000000002421', '2018-09-28 11:14:34', 263, 2063, 2, 40, 50000, 'TUNAI', '0', 1),
('TR-000000002422', '2018-09-28 11:25:20', 553, 2050, 2, 40, 50000, 'TUNAI', '0', 1),
('TR-000000002423', '2018-09-28 11:25:54', 555, 2050, 2, 40, 50000, 'TUNAI', '0', 1),
('TR-000000002424', '2018-09-28 11:26:20', 556, 2050, 2, 40, 50000, 'TUNAI', '0', 1),
('TR-000000002425', '2018-09-28 11:26:55', 576, 2050, 2, 40, 50000, 'TUNAI', '0', 1),
('TR-000000002426', '2018-09-28 11:27:30', 568, 2050, 2, 40, 50000, 'TUNAI', '0', 1),
('TR-000000002427', '2018-09-28 11:28:47', 580, 2050, 2, 40, 50000, 'TUNAI', '0', 1),
('TR-000000002428', '2018-09-28 11:29:17', 581, 2050, 2, 40, 50000, 'TUNAI', '0', 1),
('TR-000000002429', '2018-09-28 13:59:45', 87, 2040, 1, 11, 150000, 'TUNAI', '0', 1),
('TR-000000002430', '2018-09-28 14:00:02', 277, 2053, 1, 40, 50000, 'TUNAI', '0', 1),
('TR-000000002431', '2018-09-28 14:01:41', 283, 2053, 1, 40, 50000, 'TUNAI', '0', 1),
('TR-000000002432', '2018-09-28 14:02:07', 24, 2055, 1, 13, 100000, 'TUNAI', '0', 2),
('TR-000000002433', '2018-09-28 14:02:18', 433, 2059, 1, 40, 50000, 'TUNAI', '0', 1),
('TR-000000002434', '2018-09-28 14:02:57', 648, 2061, 1, 25, 25000, 'TUNAI', '0', 1),
('TR-000000002435', '2018-09-28 14:03:19', 648, 2061, 1, 8, 175000, 'TUNAI', '0', 1),
('TR-000000002436', '2018-09-28 14:03:35', 648, 2061, 1, 10, 175000, 'TUNAI', '0', 1),
('TR-000000002437', '2018-09-28 14:03:51', 648, 2061, 1, 19, 175000, 'TUNAI', '0', 1),
('TR-000000002438', '2018-09-28 14:04:25', 648, 2061, 1, 21, 175000, 'TUNAI', '0', 1),
('TR-000000002439', '2018-09-28 14:04:44', 648, 2061, 1, 23, 175000, 'TUNAI', '0', 1),
('TR-000000002440', '2018-09-28 14:05:03', 648, 2061, 1, 25, 150000, 'TUNAI', '0', 2),
('TR-000000002441', '2018-09-28 14:05:23', 648, 2061, 1, 40, 50000, 'TUNAI', '0', 1),
('TR-000000002442', '2018-09-28 14:05:51', 276, 2053, 1, 40, 50000, 'TUNAI', '0', 1),
('TR-000000002443', '2018-09-28 14:16:52', 443, 2059, 1, 40, 50000, 'TUNAI', '0', 1),
('TR-000000002444', '2018-09-28 14:17:09', 457, 2043, 1, 40, 50000, 'TUNAI', '0', 1),
('TR-000000002445', '2018-09-28 14:31:25', 457, 2043, 1, 16, 150000, 'TUNAI', '0', 1),
('TR-000000002446', '2018-09-28 14:31:46', 15, 2055, 1, 13, 150000, 'TUNAI', '0', 2),
('TR-000000002447', '2018-09-28 14:32:03', 540, 2054, 1, 16, 336000, 'TUNAI', '0', 2),
('TR-000000002448', '2018-09-28 14:48:13', 540, 2054, 1, 38, 164000, 'TUNAI', '0', 2),
('TR-000000002449', '2018-09-28 14:49:14', 442, 2059, 1, 40, 50000, 'TUNAI', '0', 1),
('TR-000000002450', '2018-09-28 14:49:31', 579, 2050, 1, 40, 50000, 'TUNAI', '0', 1),
('TR-000000002451', '2018-09-28 14:50:06', 579, 2050, 1, 9, 150000, 'TUNAI', '0', 1),
('TR-000000002452', '2018-09-28 14:50:17', 566, 2050, 1, 40, 50000, 'TUNAI', '0', 1),
('TR-000000002453', '2018-09-28 14:51:47', 582, 2050, 1, 40, 50000, 'TUNAI', '0', 1),
('TR-000000002454', '2018-09-28 14:52:04', 567, 2050, 1, 40, 50000, 'TUNAI', '0', 1),
('TR-000000002455', '2018-09-28 14:52:18', 567, 2050, 1, 16, 975000, 'TUNAI', '0', 2),
('TR-000000002456', '2018-09-28 14:52:30', 567, 2050, 1, 9, 150000, 'TUNAI', '0', 1),
('TR-000000002457', '2018-09-28 14:53:06', 567, 2050, 1, 11, 150000, 'TUNAI', '0', 1),
('TR-000000002458', '2018-09-28 14:53:25', 586, 2050, 1, 40, 50000, 'TUNAI', '0', 1),
('TR-000000002459', '2018-09-28 14:53:41', 574, 2050, 1, 40, 50000, 'TUNAI', '0', 1),
('TR-000000002460', '2018-09-28 14:53:55', 574, 2050, 1, 11, 150000, 'TUNAI', '0', 1),
('TR-000000002461', '2018-09-28 14:54:06', 558, 2050, 1, 40, 50000, 'TUNAI', '0', 1),
('TR-000000002462', '2018-09-28 14:54:37', 560, 2050, 1, 40, 50000, 'TUNAI', '0', 1),
('TR-000000002463', '2018-09-28 14:54:56', 583, 2050, 1, 11, 150000, 'TUNAI', '0', 1),
('TR-000000002464', '2018-09-29 07:24:03', 74, 2040, 2, 40, 50000, 'TUNAI', '0', 1),
('TR-000000002465', '2018-09-29 07:24:49', 81, 2040, 2, 40, 50000, 'TUNAI', '0', 1),
('TR-000000002466', '2018-09-29 07:25:29', 83, 2040, 2, 40, 50000, 'TUNAI', '0', 1),
('TR-000000002467', '2018-09-29 07:26:37', 166, 2045, 2, 40, 50000, 'TUNAI', '0', 1),
('TR-000000002468', '2018-09-29 07:29:44', 136, 2052, 2, 40, 50000, 'TUNAI', '0', 1),
('TR-000000002469', '2018-09-29 07:30:18', 137, 2052, 2, 40, 50000, 'TUNAI', '0', 1),
('TR-000000002470', '2018-09-29 07:32:35', 142, 2052, 2, 40, 50000, 'TUNAI', '0', 1),
('TR-000000002471', '2018-09-29 07:33:25', 144, 2052, 2, 40, 50000, 'TUNAI', '0', 1),
('TR-000000002472', '2018-09-29 07:34:14', 149, 2052, 2, 40, 50000, 'TUNAI', '0', 1),
('TR-000000002473', '2018-09-29 07:34:57', 150, 2052, 2, 40, 50000, 'TUNAI', '0', 1),
('TR-000000002474', '2018-09-29 07:53:41', 155, 2052, 2, 40, 50000, 'TUNAI', '0', 1),
('TR-000000002475', '2018-09-29 07:54:14', 156, 2052, 2, 40, 50000, 'TUNAI', '0', 1),
('TR-000000002476', '2018-09-29 07:56:01', 164, 2052, 2, 40, 50000, 'TUNAI', '0', 1),
('TR-000000002477', '2018-09-29 07:59:14', 191, 2045, 2, 40, 50000, 'TUNAI', '0', 1),
('TR-000000002478', '2018-09-29 08:00:46', 101, 2041, 2, 40, 50000, 'TUNAI', '0', 1),
('TR-000000002479', '2018-09-29 08:01:39', 108, 2041, 2, 40, 50000, 'TUNAI', '0', 1),
('TR-000000002480', '2018-09-29 08:02:22', 115, 2041, 2, 40, 50000, 'TUNAI', '0', 1),
('TR-000000002481', '2018-09-29 08:03:20', 114, 2041, 2, 40, 50000, 'TUNAI', '0', 1),
('TR-000000002482', '2018-09-29 08:06:33', 36, 2055, 2, 40, 50000, 'TUNAI', '0', 1),
('TR-000000002483', '2018-09-29 08:07:18', 37, 2055, 2, 40, 50000, 'TUNAI', '0', 1),
('TR-000000002484', '2018-09-29 08:08:51', 622, 2060, 2, 40, 50000, 'TUNAI', '0', 1),
('TR-000000002485', '2018-09-29 08:09:20', 625, 2060, 2, 40, 50000, 'TUNAI', '0', 1),
('TR-000000002486', '2018-09-29 08:09:49', 629, 2060, 2, 40, 50000, 'TUNAI', '0', 1),
('TR-000000002487', '2018-09-29 08:10:28', 636, 2060, 2, 40, 50000, 'TUNAI', '0', 1),
('TR-000000002488', '2018-09-29 08:11:01', 637, 2060, 2, 40, 50000, 'TUNAI', '0', 1),
('TR-000000002489', '2018-09-29 08:12:02', 493, 2044, 2, 40, 50000, 'TUNAI', '0', 1),
('TR-000000002490', '2018-09-29 08:12:33', 496, 2044, 2, 40, 50000, 'TUNAI', '0', 1),
('TR-000000002491', '2018-09-29 08:13:14', 435, 2059, 2, 40, 50000, 'TUNAI', '0', 1),
('TR-000000002492', '2018-09-29 08:13:45', 440, 2059, 2, 40, 50000, 'TUNAI', '0', 1),
('TR-000000002493', '2018-09-29 08:19:44', 643, 2061, 2, 40, 50000, 'TUNAI', '0', 1),
('TR-000000002494', '2018-09-29 08:21:26', 644, 2061, 2, 40, 50000, 'TUNAI', '0', 1),
('TR-000000002495', '2018-09-29 08:22:14', 647, 2061, 2, 40, 50000, 'TUNAI', '0', 1),
('TR-000000002496', '2018-09-29 08:23:02', 490, 2044, 2, 40, 50000, 'TUNAI', '0', 1),
('TR-000000002497', '2018-09-29 08:29:25', 484, 2044, 2, 40, 50000, 'TUNAI', '0', 1),
('TR-000000002498', '2018-09-29 08:29:50', 488, 2044, 2, 40, 50000, 'TUNAI', '0', 1),
('TR-000000002499', '2018-09-29 08:30:57', 498, 2044, 2, 40, 50000, 'TUNAI', '0', 1),
('TR-000000002500', '2018-09-29 08:32:10', 500, 2044, 2, 40, 50000, 'TUNAI', '0', 1),
('TR-000000002501', '2018-09-29 08:41:08', 525, 2054, 2, 40, 50000, 'TUNAI', '0', 1),
('TR-000000002502', '2018-09-29 08:42:08', 536, 2054, 2, 40, 50000, 'TUNAI', '0', 1),
('TR-000000002503', '2018-09-29 08:43:10', 541, 2054, 2, 40, 50000, 'TUNAI', '0', 1),
('TR-000000002504', '2018-09-29 08:43:51', 551, 2054, 2, 40, 50000, 'TUNAI', '0', 1),
('TR-000000002505', '2018-09-29 08:44:28', 544, 2054, 2, 40, 50000, 'TUNAI', '0', 1),
('TR-000000002506', '2018-09-29 08:46:46', 552, 2054, 2, 40, 50000, 'TUNAI', '0', 1),
('TR-000000002507', '2018-09-29 08:47:17', 545, 2054, 2, 40, 50000, 'TUNAI', '0', 1),
('TR-000000002508', '2018-09-29 08:48:15', 546, 2054, 2, 40, 50000, 'TUNAI', '0', 1),
('TR-000000002509', '2018-09-29 08:53:09', 477, 2044, 2, 40, 50000, 'TUNAI', '0', 1),
('TR-000000002510', '2018-09-29 09:03:44', 40, 2056, 2, 40, 50000, 'TUNAI', '0', 1),
('TR-000000002511', '2018-09-29 09:04:18', 49, 2056, 2, 40, 50000, 'TUNAI', '0', 1),
('TR-000000002512', '2018-09-29 09:04:53', 50, 2056, 2, 40, 50000, 'TUNAI', '0', 1),
('TR-000000002513', '2018-09-29 09:05:19', 53, 2056, 2, 40, 50000, 'TUNAI', '0', 1),
('TR-000000002514', '2018-09-29 09:05:39', 54, 2056, 2, 40, 50000, 'TUNAI', '0', 1),
('TR-000000002515', '2018-09-29 09:06:49', 63, 2056, 2, 40, 50000, 'TUNAI', '0', 1),
('TR-000000002516', '2018-09-29 09:08:29', 64, 2056, 2, 40, 50000, 'TUNAI', '0', 1),
('TR-000000002517', '2018-09-29 09:08:55', 68, 2056, 2, 40, 50000, 'TUNAI', '0', 1),
('TR-000000002518', '2018-09-29 09:09:25', 71, 2056, 2, 40, 50000, 'TUNAI', '0', 1),
('TR-000000002519', '2018-09-29 09:11:22', 486, 2044, 2, 40, 50000, 'TUNAI', '0', 1),
('TR-000000002520', '2018-09-29 09:12:02', 492, 2044, 2, 40, 50000, 'TUNAI', '0', 1),
('TR-000000002521', '2018-09-29 09:12:34', 475, 2044, 2, 40, 50000, 'TUNAI', '0', 1),
('TR-000000002522', '2018-09-29 09:14:02', 501, 2044, 2, 40, 50000, 'TUNAI', '0', 1),
('TR-000000002523', '2018-09-29 09:15:24', 456, 2043, 2, 40, 50000, 'TUNAI', '0', 1),
('TR-000000002524', '2018-09-29 09:28:24', 92, 2040, 2, 40, 50000, 'TUNAI', '0', 1),
('TR-000000002525', '2018-09-29 09:29:54', 78, 2040, 2, 40, 50000, 'TUNAI', '0', 1),
('TR-000000002526', '2018-09-29 09:30:32', 84, 2040, 2, 40, 50000, 'TUNAI', '0', 1),
('TR-000000002527', '2018-09-29 09:31:19', 99, 2041, 2, 40, 50000, 'TUNAI', '0', 1),
('TR-000000002528', '2018-09-29 09:32:17', 112, 2041, 2, 40, 50000, 'TUNAI', '0', 1),
('TR-000000002529', '2018-09-29 09:38:44', 130, 2062, 2, 40, 50000, 'TUNAI', '0', 1),
('TR-000000002530', '2018-09-29 09:50:47', 279, 2053, 2, 40, 50000, 'TUNAI', '0', 1),
('TR-000000002531', '2018-09-29 09:51:19', 294, 2053, 2, 40, 50000, 'TUNAI', '0', 1),
('TR-000000002532', '2018-09-29 09:55:06', 453, 2043, 2, 40, 50000, 'TUNAI', '0', 1),
('TR-000000002533', '2018-09-29 09:55:36', 467, 2043, 2, 40, 50000, 'TUNAI', '0', 1),
('TR-000000002534', '2018-09-29 09:56:18', 460, 2043, 2, 40, 50000, 'TUNAI', '0', 1),
('TR-000000002535', '2018-09-29 10:01:51', 45, 2056, 2, 40, 50000, 'TUNAI', '0', 1),
('TR-000000002536', '2018-09-29 10:05:25', 664, 2061, 2, 40, 50000, 'TUNAI', '0', 1),
('TR-000000002537', '2018-09-29 10:07:43', 499, 2044, 2, 40, 50000, 'TUNAI', '0', 1),
('TR-000000002538', '2018-09-29 10:11:06', 249, 2063, 2, 40, 50000, 'TUNAI', '0', 1),
('TR-000000002539', '2018-09-29 10:21:56', 254, 2063, 2, 40, 50000, 'TUNAI', '0', 1),
('TR-000000002540', '2018-09-29 10:22:34', 257, 2063, 2, 40, 50000, 'TUNAI', '0', 1),
('TR-000000002541', '2018-09-29 10:23:22', 265, 2063, 2, 40, 50000, 'TUNAI', '0', 1),
('TR-000000002542', '2018-09-29 10:23:46', 266, 2063, 2, 40, 50000, 'TUNAI', '0', 1),
('TR-000000002543', '2018-09-29 10:24:21', 267, 2063, 2, 40, 50000, 'TUNAI', '0', 1),
('TR-000000002544', '2018-09-29 10:25:02', 270, 2063, 2, 40, 50000, 'TUNAI', '0', 1),
('TR-000000002545', '2018-09-29 10:25:57', 534, 2054, 2, 40, 50000, 'TUNAI', '0', 1),
('TR-000000002546', '2018-09-29 10:26:27', 548, 2054, 2, 40, 50000, 'TUNAI', '0', 1),
('TR-000000002547', '2018-09-29 10:29:30', 284, 2053, 2, 40, 50000, 'TUNAI', '0', 1),
('TR-000000002548', '2018-09-29 10:30:02', 293, 2053, 2, 40, 50000, 'TUNAI', '0', 1),
('TR-000000002549', '2018-09-29 10:31:56', 634, 2060, 2, 40, 50000, 'TUNAI', '0', 1),
('TR-000000002550', '2018-09-29 10:40:35', 197, 2046, 2, 40, 50000, 'TUNAI', '0', 1),
('TR-000000002551', '2018-09-29 10:41:22', 200, 2046, 2, 40, 50000, 'TUNAI', '0', 1),
('TR-000000002552', '2018-09-29 10:42:08', 201, 2046, 2, 40, 50000, 'TUNAI', '0', 1),
('TR-000000002553', '2018-09-29 10:42:37', 207, 2046, 2, 40, 50000, 'TUNAI', '0', 1),
('TR-000000002554', '2018-09-29 10:44:07', 215, 2046, 2, 40, 50000, 'TUNAI', '0', 1),
('TR-000000002555', '2018-09-29 10:44:35', 219, 2046, 2, 40, 50000, 'TUNAI', '0', 1),
('TR-000000002556', '2018-09-29 10:49:19', 613, 2051, 2, 40, 50000, 'TUNAI', '0', 1),
('TR-000000002557', '2018-09-29 11:10:05', 557, 2050, 2, 40, 50000, 'TUNAI', '0', 1),
('TR-000000002558', '2018-09-29 11:10:50', 559, 2050, 2, 40, 50000, 'TUNAI', '0', 1),
('TR-000000002559', '2018-09-29 11:11:18', 562, 2050, 2, 40, 50000, 'TUNAI', '0', 1),
('TR-000000002560', '2018-09-29 11:11:54', 563, 2050, 2, 40, 50000, 'TUNAI', '0', 1),
('TR-000000002561', '2018-09-29 11:12:35', 569, 2050, 2, 40, 50000, 'TUNAI', '0', 1),
('TR-000000002562', '2018-09-29 11:13:13', 570, 2050, 2, 40, 50000, 'TUNAI', '0', 1),
('TR-000000002563', '2018-09-29 11:13:41', 572, 2050, 2, 40, 50000, 'TUNAI', '0', 1),
('TR-000000002564', '2018-09-29 11:14:07', 575, 2050, 2, 40, 50000, 'TUNAI', '0', 1),
('TR-000000002565', '2018-09-29 11:14:33', 565, 2050, 2, 40, 50000, 'TUNAI', '0', 1),
('TR-000000002566', '2018-09-29 11:15:03', 584, 2050, 2, 40, 50000, 'TUNAI', '0', 1),
('TR-000000002567', '2018-09-30 07:46:15', 632, 2060, 1, 17, 43750, 'TUNAI', '0', 1),
('TR-000000002568', '2018-09-30 07:46:37', 171, 2045, 1, 40, 50000, 'TUNAI', '0', 1),
('TR-000000002569', '2018-09-30 07:46:55', 468, 2043, 1, 40, 50000, 'TUNAI', '0', 1),
('TR-000000002570', '2018-09-30 07:47:13', 520, 2064, 1, 16, 150000, 'TUNAI', '0', 1),
('TR-000000002571', '2018-09-30 07:47:34', 520, 2064, 1, 40, 50000, 'TUNAI', '0', 1),
('TR-000000002572', '2018-09-30 07:47:49', 510, 2064, 1, 40, 50000, 'TUNAI', '0', 1),
('TR-000000002573', '2018-09-30 07:48:04', 506, 2064, 1, 40, 50000, 'TUNAI', '0', 1),
('TR-000000002574', '2018-09-30 07:48:19', 504, 2064, 1, 40, 50000, 'TUNAI', '0', 1),
('TR-000000002575', '2018-09-30 07:48:34', 131, 2062, 1, 40, 50000, 'TUNAI', '0', 1),
('TR-000000002576', '2018-09-30 07:48:49', 133, 2062, 1, 40, 50000, 'TUNAI', '0', 1),
('TR-000000002577', '2018-09-30 07:49:08', 122, 2062, 1, 40, 50000, 'TUNAI', '0', 1),
('TR-000000002578', '2018-09-30 07:49:24', 129, 2062, 1, 40, 50000, 'TUNAI', '0', 1),
('TR-000000002579', '2018-09-30 07:49:40', 184, 2045, 1, 40, 50000, 'TUNAI', '0', 1),
('TR-000000002580', '2018-09-30 07:50:12', 315, 2047, 1, 11, 150000, 'TUNAI', '0', 1),
('TR-000000002581', '2018-09-30 07:50:31', 484, 2044, 1, 9, 150000, 'TUNAI', '0', 1),
('TR-000000002582', '2018-09-30 07:50:50', 484, 2044, 1, 11, 150000, 'TUNAI', '0', 1),
('TR-000000002583', '2018-09-30 08:06:21', 545, 2054, 1, 16, 300000, 'TUNAI', '0', 1),
('TR-000000002584', '2018-09-30 08:08:48', 478, 2044, 1, 40, 50000, 'TUNAI', '0', 1),
('TR-000000002585', '2018-09-30 08:09:57', 478, 2044, 1, 16, 150000, 'TUNAI', '0', 1),
('TR-000000002586', '2018-09-30 08:10:19', 478, 2044, 1, 9, 150000, 'TUNAI', '0', 1),
('TR-000000002587', '2018-09-30 08:11:18', 481, 2044, 1, 40, 50000, 'TUNAI', '0', 1),
('TR-000000002588', '2018-09-30 08:11:33', 474, 2043, 1, 40, 50000, 'TUNAI', '0', 1),
('TR-000000002589', '2018-09-30 08:11:51', 470, 2043, 1, 40, 50000, 'TUNAI', '0', 1),
('TR-000000002590', '2018-09-30 08:12:24', 465, 2043, 1, 40, 50000, 'TUNAI', '0', 1),
('TR-000000002591', '2018-09-30 16:44:43', 449, 2043, 1, 40, 50000, 'TUNAI', '0', 1),
('TR-000000002592', '2018-09-30 16:45:05', 469, 2043, 1, 40, 50000, 'TUNAI', '0', 1),
('TR-000000002593', '2018-09-30 16:45:22', 454, 2043, 1, 40, 50000, 'TUNAI', '0', 1),
('TR-000000002594', '2018-09-30 16:45:55', 482, 2044, 1, 40, 50000, 'TUNAI', '0', 1),
('TR-000000002595', '2018-09-30 16:46:54', 482, 2044, 1, 16, 400000, 'TUNAI', '0', 1),
('TR-000000002596', '2018-09-30 16:47:20', 482, 2044, 1, 9, 75000, 'TUNAI', '0', 1),
('TR-000000002597', '2018-09-30 16:47:42', 482, 2044, 1, 11, 75000, 'TUNAI', '0', 1),
('TR-000000002598', '2018-09-30 16:48:04', 544, 2054, 1, 16, 150000, 'TUNAI', '0', 1),
('TR-000000002599', '2018-09-30 16:48:43', 552, 2054, 1, 16, 475000, 'TUNAI', '0', 2),
('TR-000000002600', '2018-09-30 16:49:10', 552, 2054, 1, 11, 150000, 'TUNAI', '0', 1),
('TR-000000002601', '2018-09-30 16:49:30', 552, 2054, 1, 18, 150000, 'TUNAI', '0', 1),
('TR-000000002602', '2018-09-30 16:49:49', 524, 2054, 1, 9, 150000, 'TUNAI', '0', 1),
('TR-000000002603', '2018-09-30 16:52:05', 524, 2054, 1, 11, 150000, 'TUNAI', '0', 1),
('TR-000000002604', '2018-09-30 16:52:40', 524, 2054, 1, 18, 150000, 'TUNAI', '0', 1),
('TR-000000002605', '2018-09-30 16:52:56', 524, 2054, 1, 40, 50000, 'TUNAI', '0', 1),
('TR-000000002606', '2018-09-30 16:53:15', 100, 2062, 1, 40, 50000, 'TUNAI', '0', 1),
('TR-000000002607', '2018-09-30 16:53:33', 128, 2062, 1, 40, 50000, 'TUNAI', '0', 1),
('TR-000000002608', '2018-09-30 16:53:54', 455, 2043, 1, 40, 50000, 'TUNAI', '0', 1),
('TR-000000002609', '2018-09-30 16:54:14', 114, 2041, 1, 18, 150000, 'TUNAI', '0', 1),
('TR-000000002610', '2018-09-30 16:54:53', 75, 2040, 1, 12, 350000, 'TUNAI', '0', 4),
('TR-000000002611', '2018-09-30 16:55:16', 75, 2040, 1, 11, 150000, 'TUNAI', '0', 1),
('TR-000000002612', '2018-09-30 16:56:59', 72, 2040, 1, 12, 350000, 'TUNAI', '0', 4),
('TR-000000002613', '2018-09-30 16:57:24', 72, 2040, 1, 11, 150000, 'TUNAI', '0', 1),
('TR-000000002614', '2018-09-30 16:57:40', 282, 2053, 1, 40, 50000, 'TUNAI', '0', 1),
('TR-000000002615', '2018-09-30 16:57:56', 286, 2053, 1, 40, 50000, 'TUNAI', '0', 1),
('TR-000000002616', '2018-09-30 16:58:15', 37, 2055, 1, 8, 175000, 'TUNAI', '0', 1),
('TR-000000002617', '2018-09-30 17:02:51', 48, 2056, 1, 10, 50000, 'TUNAI', '0', 2),
('TR-000000002618', '2018-09-30 17:03:28', 511, 2064, 1, 16, 150000, 'TUNAI', '0', 1),
('TR-000000002619', '2018-09-30 17:03:46', 511, 2064, 1, 40, 50000, 'TUNAI', '0', 1),
('TR-000000002620', '2018-09-30 17:04:05', 459, 2043, 1, 40, 50000, 'TUNAI', '0', 1),
('TR-000000002621', '2018-09-30 17:04:32', 459, 2043, 1, 38, 500000, 'TUNAI', '0', 2),
('TR-000000002622', '2018-09-30 17:04:54', 459, 2043, 1, 16, 150000, 'TUNAI', '0', 1),
('TR-000000002623', '2018-09-30 17:05:13', 459, 2043, 1, 9, 150000, 'TUNAI', '0', 1),
('TR-000000002624', '2018-09-30 17:05:53', 459, 2043, 1, 11, 150000, 'TUNAI', '0', 1),
('TR-000000002625', '2018-09-30 17:06:54', 505, 2064, 1, 16, 150000, 'TUNAI', '0', 1),
('TR-000000002626', '2018-09-30 17:07:15', 505, 2064, 1, 9, 150000, 'TUNAI', '0', 1),
('TR-000000002627', '2018-09-30 17:08:09', 505, 2064, 1, 11, 150000, 'TUNAI', '0', 1),
('TR-000000002628', '2018-09-30 17:09:36', 135, 2052, 1, 12, 350000, 'TUNAI', '0', 3),
('TR-000000002629', '2018-09-30 17:10:01', 135, 2052, 1, 11, 150000, 'TUNAI', '0', 1),
('TR-000000002630', '2018-09-30 17:10:56', 69, 2056, 1, 19, 175000, 'TUNAI', '0', 1),
('TR-000000002631', '2018-09-30 17:11:28', 50, 2056, 1, 13, 175000, 'TUNAI', '0', 2),
('TR-000000002632', '2018-09-30 17:11:55', 500, 2044, 1, 16, 100000, 'TUNAI', '0', 1),
('TR-000000002633', '2018-09-30 17:12:17', 502, 2044, 1, 18, 50000, 'TUNAI', '0', 2),
('TR-000000002634', '2018-09-30 17:12:36', 496, 2044, 1, 9, 150000, 'TUNAI', '0', 1),
('TR-000000002635', '2018-09-30 17:12:57', 496, 2044, 1, 11, 150000, 'TUNAI', '0', 1),
('TR-000000002636', '2018-09-30 17:14:04', 491, 2044, 1, 16, 100000, 'TUNAI', '0', 1),
('TR-000000002637', '2018-09-30 17:14:21', 268, 2063, 1, 40, 50000, 'TUNAI', '0', 1),
('TR-000000002638', '2018-09-30 17:14:44', 254, 2063, 1, 14, 150000, 'TUNAI', '0', 1),
('TR-000000002639', '2018-09-30 17:15:33', 594, 2051, 1, 16, 150000, 'TUNAI', '0', 1),
('TR-000000002640', '2018-09-30 17:15:53', 594, 2051, 1, 40, 50000, 'TUNAI', '0', 1),
('TR-000000002641', '2018-09-30 17:16:37', 589, 2051, 1, 11, 150000, 'TUNAI', '0', 1),
('TR-000000002642', '2018-09-30 17:17:15', 589, 2051, 1, 40, 50000, 'TUNAI', '0', 1),
('TR-000000002643', '2018-09-30 17:17:36', 609, 2051, 1, 40, 50000, 'TUNAI', '0', 1),
('TR-000000002645', '2018-09-30 17:18:18', 612, 2051, 1, 40, 50000, 'TUNAI', '0', 1),
('TR-000000002646', '2018-09-30 17:19:06', 612, 2051, 1, 38, 25000, 'TUNAI', '0', 2),
('TR-000000002647', '2018-09-30 17:22:23', 612, 2051, 1, 16, 125000, 'TUNAI', '0', 1),
('TR-000000002648', '2018-09-30 17:22:40', 583, 2050, 1, 40, 50000, 'TUNAI', '0', 1),
('TR-000000002649', '2018-09-30 17:23:54', 584, 2050, 1, 38, 50000, 'TUNAI', '0', 2),
('TR-000000002650', '2018-09-30 17:24:43', 604, 2051, 1, 40, 50000, 'TUNAI', '0', 1),
('TR-000000002651', '2018-09-30 17:24:59', 509, 2064, 1, 40, 50000, 'TUNAI', '0', 1),
('TR-000000002652', '2018-09-30 17:25:15', 593, 2051, 1, 40, 50000, 'TUNAI', '0', 1),
('TR-000000002653', '2018-09-30 17:25:34', 596, 2051, 1, 40, 50000, 'TUNAI', '0', 1),
('TR-000000002654', '2018-09-30 17:25:51', 603, 2051, 1, 40, 50000, 'TUNAI', '0', 1),
('TR-000000002655', '2018-09-30 17:26:07', 621, 2051, 1, 40, 50000, 'TUNAI', '0', 1),
('TR-000000002656', '2018-09-30 17:26:29', 620, 2051, 1, 40, 50000, 'TUNAI', '0', 1),
('TR-000000002657', '2018-09-30 17:26:57', 620, 2051, 1, 16, 150000, 'TUNAI', '0', 1),
('TR-000000002658', '2018-09-30 17:27:19', 591, 2051, 1, 40, 50000, 'TUNAI', '0', 1),
('TR-000000002659', '2018-09-30 17:30:07', 563, 2050, 1, 16, 50000, 'TUNAI', '0', 2),
('TR-000000002660', '2018-09-30 17:30:33', 99, 2041, 1, 11, 150000, 'TUNAI', '0', 1),
('TR-000000002661', '2018-09-30 17:31:08', 577, 2050, 1, 16, 400000, 'TUNAI', '0', 2),
('TR-000000002662', '2018-09-30 17:31:32', 577, 2050, 1, 9, 150000, 'TUNAI', '0', 1),
('TR-000000002663', '2018-09-30 17:31:54', 577, 2050, 1, 11, 150000, 'TUNAI', '0', 1),
('TR-000000002664', '2018-09-30 17:33:17', 577, 2050, 1, 40, 50000, 'TUNAI', '0', 1),
('TR-000000002665', '2018-09-30 17:33:36', 554, 2050, 1, 40, 50000, 'TUNAI', '0', 1),
('TR-000000002666', '2018-09-30 17:33:58', 571, 2050, 1, 40, 50000, 'TUNAI', '0', 1),
('TR-000000002667', '2018-09-30 17:34:21', 571, 2050, 1, 16, 150000, 'TUNAI', '0', 1),
('TR-000000002668', '2018-09-30 17:34:46', 196, 2046, 1, 40, 50000, 'TUNAI', '0', 1),
('TR-000000002669', '2018-09-30 17:35:45', 196, 2046, 1, 12, 250000, 'TUNAI', '0', 3),
('TR-000000002670', '2018-09-30 17:36:12', 196, 2046, 1, 11, 150000, 'TUNAI', '0', 1),
('TR-000000002671', '2018-09-30 17:36:31', 194, 2046, 1, 40, 50000, 'TUNAI', '0', 1),
('TR-000000002672', '2018-10-01 07:35:26', 599, 2051, 2, 40, 50000, 'TUNAI', '0', 1),
('TR-000000002673', '2018-10-01 07:36:16', 473, 2043, 2, 40, 50000, 'TUNAI', '0', 1),
('TR-000000002674', '2018-10-01 07:37:53', 618, 2051, 2, 40, 50000, 'TUNAI', '0', 1),
('TR-000000002675', '2018-10-01 07:38:42', 523, 2054, 2, 40, 50000, 'TUNAI', '0', 1),
('TR-000000002676', '2018-10-01 07:39:12', 530, 2054, 2, 40, 50000, 'TUNAI', '0', 1),
('TR-000000002677', '2018-10-01 07:39:39', 531, 2054, 2, 40, 50000, 'TUNAI', '0', 1),
('TR-000000002678', '2018-10-01 07:40:03', 532, 2054, 2, 40, 50000, 'TUNAI', '0', 1),
('TR-000000002679', '2018-10-01 07:40:37', 535, 2054, 2, 40, 50000, 'TUNAI', '0', 1),
('TR-000000002680', '2018-10-01 07:41:31', 537, 2054, 2, 40, 50000, 'TUNAI', '0', 1),
('TR-000000002681', '2018-10-01 07:41:54', 539, 2054, 2, 40, 50000, 'TUNAI', '0', 1),
('TR-000000002682', '2018-10-01 07:42:17', 540, 2054, 2, 40, 50000, 'TUNAI', '0', 1),
('TR-000000002683', '2018-10-01 07:42:45', 543, 2054, 2, 40, 50000, 'TUNAI', '0', 1),
('TR-000000002684', '2018-10-01 07:43:19', 550, 2054, 2, 40, 50000, 'TUNAI', '0', 1),
('TR-000000002685', '2018-10-01 07:44:33', 650, 2061, 2, 40, 50000, 'TUNAI', '0', 1),
('TR-000000002686', '2018-10-01 08:17:13', 489, 2044, 2, 40, 50000, 'TUNAI', '0', 1),
('TR-000000002687', '2018-10-01 09:38:02', 51, 2056, 2, 40, 50000, 'TUNAI', '0', 1),
('TR-000000002688', '2018-10-01 09:38:30', 52, 2056, 2, 40, 50000, 'TUNAI', '0', 1),
('TR-000000002689', '2018-10-01 09:39:25', 55, 2056, 2, 40, 50000, 'TUNAI', '0', 1),
('TR-000000002690', '2018-10-01 09:40:55', 56, 2056, 2, 40, 50000, 'TUNAI', '0', 1),
('TR-000000002691', '2018-10-01 09:41:52', 60, 2056, 2, 40, 50000, 'TUNAI', '0', 1),
('TR-000000002692', '2018-10-01 09:52:21', 667, 2062, 2, 40, 50000, 'TUNAI', '0', 1),
('TR-000000002693', '2018-10-01 09:53:40', 132, 2062, 2, 40, 50000, 'TUNAI', '0', 1),
('TR-000000002694', '2018-10-01 09:59:25', 138, 2052, 2, 40, 50000, 'TUNAI', '0', 1),
('TR-000000002695', '2018-10-01 09:59:59', 140, 2052, 2, 40, 50000, 'TUNAI', '0', 1),
('TR-000000002696', '2018-10-01 10:00:42', 146, 2052, 2, 40, 50000, 'TUNAI', '0', 1),
('TR-000000002697', '2018-10-01 10:01:14', 157, 2052, 2, 40, 50000, 'TUNAI', '0', 1),
('TR-000000002698', '2018-10-01 10:04:09', 160, 2052, 2, 40, 50000, 'TUNAI', '0', 1),
('TR-000000002699', '2018-10-01 10:04:38', 162, 2052, 2, 40, 50000, 'TUNAI', '0', 1),
('TR-000000002700', '2018-10-01 10:05:02', 163, 2052, 2, 40, 50000, 'TUNAI', '0', 1),
('TR-000000002701', '2018-10-01 10:05:27', 195, 2046, 2, 40, 50000, 'TUNAI', '0', 1),
('TR-000000002702', '2018-10-01 10:05:50', 206, 2046, 2, 40, 50000, 'TUNAI', '0', 1),
('TR-000000002703', '2018-10-01 10:17:39', 25, 2055, 2, 40, 50000, 'TUNAI', '0', 1),
('TR-000000002704', '2018-10-01 10:18:04', 213, 2046, 2, 40, 50000, 'TUNAI', '0', 1),
('TR-000000002705', '2018-10-01 13:59:43', 508, 2064, 1, 40, 50000, 'TUNAI', '0', 1),
('TR-000000002706', '2018-10-01 14:00:18', 518, 2064, 1, 40, 50000, 'TUNAI', '0', 1),
('TR-000000002707', '2018-10-01 14:01:28', 516, 2064, 1, 40, 50000, 'TUNAI', '0', 1),
('TR-000000002708', '2018-10-01 14:01:58', 517, 2064, 1, 40, 50000, 'TUNAI', '0', 1),
('TR-000000002709', '2018-10-01 14:02:11', 507, 2064, 1, 40, 50000, 'TUNAI', '0', 1),
('TR-000000002710', '2018-10-01 14:02:24', 512, 2064, 1, 40, 50000, 'TUNAI', '0', 1),
('TR-000000002711', '2018-10-01 14:02:37', 513, 2064, 1, 40, 50000, 'TUNAI', '0', 1),
('TR-000000002712', '2018-10-01 14:02:50', 514, 2064, 1, 40, 50000, 'TUNAI', '0', 1),
('TR-000000002713', '2018-10-01 14:03:01', 515, 2064, 1, 40, 50000, 'TUNAI', '0', 1),
('TR-000000002714', '2018-10-01 14:03:20', 519, 2064, 1, 40, 50000, 'TUNAI', '0', 1),
('TR-000000002715', '2018-10-01 14:04:14', 522, 2064, 1, 40, 50000, 'TUNAI', '0', 1),
('TR-000000002716', '2018-10-01 14:04:26', 202, 2046, 1, 40, 50000, 'TUNAI', '0', 1),
('TR-000000002717', '2018-10-01 14:04:43', 561, 2050, 1, 40, 50000, 'TUNAI', '0', 1),
('TR-000000002718', '2018-10-01 14:06:36', 564, 2050, 1, 40, 50000, 'TUNAI', '0', 1),
('TR-000000002719', '2018-10-01 14:07:43', 296, 2053, 1, 40, 50000, 'TUNAI', '0', 1),
('TR-000000002720', '2018-10-01 14:07:54', 295, 2053, 1, 40, 50000, 'TUNAI', '0', 1),
('TR-000000002721', '2018-10-01 14:08:13', 430, 2059, 1, 40, 50000, 'TUNAI', '0', 1),
('TR-000000002722', '2018-10-01 14:08:24', 292, 2053, 1, 40, 50000, 'TUNAI', '0', 1),
('TR-000000002723', '2018-10-01 14:08:35', 288, 2053, 1, 40, 50000, 'TUNAI', '0', 1),
('TR-000000002724', '2018-10-01 14:08:51', 117, 2062, 1, 40, 50000, 'TUNAI', '0', 1),
('TR-000000002725', '2018-10-01 14:09:05', 76, 2040, 1, 40, 50000, 'TUNAI', '0', 1),
('TR-000000002726', '2018-10-01 14:09:18', 79, 2040, 1, 40, 50000, 'TUNAI', '0', 1),
('TR-000000002727', '2018-10-01 14:09:33', 605, 2051, 1, 40, 50000, 'TUNAI', '0', 1),
('TR-000000002728', '2018-10-01 14:09:54', 601, 2051, 1, 40, 50000, 'TUNAI', '0', 1),
('TR-000000002729', '2018-10-01 14:10:09', 587, 2051, 1, 40, 50000, 'TUNAI', '0', 1),
('TR-000000002730', '2018-10-01 14:21:11', 518, 2064, 1, 16, 150000, 'TUNAI', '0', 2),
('TR-000000002731', '2018-10-01 14:21:25', 521, 2064, 1, 16, 50000, 'TUNAI', '0', 2),
('TR-000000002732', '2018-10-01 14:21:40', 516, 2064, 1, 16, 800000, 'TUNAI', '0', 2),
('TR-000000002733', '2018-10-01 14:21:52', 517, 2064, 1, 16, 250000, 'TUNAI', '0', 1),
('TR-000000002734', '2018-10-01 14:22:12', 296, 2053, 1, 14, 150000, 'TUNAI', '0', 1),
('TR-000000002735', '2018-10-01 14:25:09', 426, 2059, 1, 15, 300000, 'TUNAI', '0', 3),
('TR-000000002736', '2018-10-01 14:26:20', 536, 2054, 1, 16, 150000, 'TUNAI', '0', 1),
('TR-000000002737', '2018-10-01 14:26:43', 605, 2051, 1, 16, 150000, 'TUNAI', '0', 1),
('TR-000000002738', '2018-10-01 14:27:05', 19, 2055, 1, 13, 200000, 'TUNAI', '0', 2),
('TR-000000002739', '2018-10-01 14:27:30', 601, 2051, 1, 16, 150000, 'TUNAI', '0', 1),
('TR-000000002740', '2018-10-01 14:28:01', 606, 2051, 1, 16, 150000, 'TUNAI', '0', 1),
('TR-000000002741', '2018-10-01 14:28:21', 587, 2051, 1, 16, 150000, 'TUNAI', '0', 1),
('TR-000000002742', '2018-10-01 14:28:43', 56, 2056, 1, 13, 175000, 'TUNAI', '0', 2),
('TR-000000002743', '2018-10-01 14:29:08', 176, 2045, 1, 12, 200000, 'TUNAI', '0', 4),
('TR-000000002744', '2018-10-01 14:29:26', 156, 2052, 1, 12, 150000, 'TUNAI', '0', 3),
('TR-000000002745', '2018-10-01 14:29:59', 521, 2064, 1, 11, 100000, 'TUNAI', '0', 2),
('TR-000000002746', '2018-10-01 14:30:17', 516, 2064, 1, 18, 150000, 'TUNAI', '0', 1),
('TR-000000002747', '2018-10-01 14:30:32', 519, 2064, 1, 18, 150000, 'TUNAI', '0', 1),
('TR-000000002748', '2018-10-01 14:30:52', 664, 2061, 1, 8, 175000, 'TUNAI', '0', 1),
('TR-000000002749', '2018-10-01 14:31:09', 664, 2061, 1, 10, 175000, 'TUNAI', '0', 1),
('TR-000000002750', '2018-10-01 14:31:30', 664, 2061, 1, 19, 175000, 'TUNAI', '0', 1),
('TR-000000002751', '2018-10-01 14:31:45', 664, 2061, 1, 21, 75000, 'TUNAI', '0', 1),
('TR-000000002752', '2018-10-01 14:32:04', 296, 2053, 1, 9, 150000, 'TUNAI', '0', 1),
('TR-000000002753', '2018-10-01 14:32:23', 296, 2053, 1, 11, 150000, 'TUNAI', '0', 1),
('TR-000000002754', '2018-10-01 14:32:38', 426, 2059, 1, 10, 175000, 'TUNAI', '0', 1),
('TR-000000002755', '2018-10-01 14:32:51', 163, 2052, 1, 11, 150000, 'TUNAI', '0', 1),
('TR-000000002756', '2018-10-01 14:33:14', 575, 2050, 1, 9, 150000, 'TUNAI', '0', 1),
('TR-000000002757', '2018-10-01 14:33:28', 575, 2050, 1, 11, 150000, 'TUNAI', '0', 1),
('TR-000000002758', '2018-10-01 14:33:46', 575, 2050, 1, 38, 463000, 'TUNAI', '0', 2),
('TR-000000002759', '2018-10-01 14:34:08', 596, 2051, 1, 9, 150000, 'TUNAI', '0', 1),
('TR-000000002760', '2018-10-01 14:34:29', 14, 2055, 1, 10, 175000, 'TUNAI', '0', 1),
('TR-000000002761', '2018-10-01 14:34:53', 14, 2055, 1, 19, 175000, 'TUNAI', '0', 1),
('TR-000000002762', '2018-10-01 14:35:14', 597, 2051, 1, 11, 150000, 'TUNAI', '0', 1),
('TR-000000002763', '2018-10-01 14:36:20', 55, 2056, 1, 10, 175000, 'TUNAI', '0', 1),
('TR-000000002764', '2018-10-01 14:37:35', 55, 2056, 1, 19, 25000, 'TUNAI', '0', 1),
('TR-000000002765', '2018-10-01 14:37:57', 176, 2045, 1, 11, 150000, 'TUNAI', '0', 1),
('TR-000000002766', '2018-10-01 14:38:22', 176, 2045, 1, 18, 150000, 'TUNAI', '0', 1),
('TR-000000002767', '2018-10-01 14:39:59', 156, 2052, 1, 11, 150000, 'TUNAI', '0', 1),
('TR-000000002768', '2018-10-01 14:40:15', 156, 2052, 1, 18, 150000, 'TUNAI', '0', 1),
('TR-000000002769', '2018-10-02 08:40:54', 291, 2053, 1, 40, 50000, 'TUNAI', '0', 1),
('TR-000000002770', '2018-10-03 12:43:41', 633, 2060, 2, 40, 50000, 'TUNAI', '0', 1),
('TR-000000002771', '2018-10-03 13:41:23', 190, 2045, 1, 18, 150000, 'TUNAI', '0', 1),
('TR-000000002772', '2018-10-04 08:32:58', 623, 2060, 2, 40, 50000, 'TUNAI', '0', 1),
('TR-000000002773', '2018-10-05 08:41:13', 393, 2057, 1, 15, 175000, 'TUNAI', '0', 1),
('TR-000000002774', '2018-10-05 08:42:15', 393, 2057, 1, 19, 175000, 'TUNAI', '0', 1),
('TR-000000002775', '2018-10-05 08:43:29', 561, 2050, 1, 16, 50000, 'TUNAI', '0', 1),
('TR-000000002776', '2018-10-05 08:49:49', 529, 2054, 1, 11, 150000, 'TUNAI', '0', 1),
('TR-000000002777', '2018-10-05 08:50:17', 76, 2040, 1, 12, 1265000, 'TUNAI', '0', 2),
('TR-000000002778', '2018-10-05 08:50:40', 76, 2040, 1, 9, 150000, 'TUNAI', '0', 1),
('TR-000000002779', '2018-10-05 08:51:44', 76, 2040, 1, 11, 85000, 'TUNAI', '0', 1),
('TR-000000002780', '2018-10-05 08:53:15', 615, 2051, 1, 11, 150000, 'TUNAI', '0', 1),
('TR-000000002781', '2018-10-05 08:53:51', 451, 2043, 1, 9, 150000, 'TUNAI', '0', 1),
('TR-000000002782', '2018-10-05 08:59:32', 451, 2043, 1, 11, 150000, 'TUNAI', '0', 1),
('TR-000000002783', '2018-10-05 08:59:46', 128, 2062, 1, 12, 150000, 'TUNAI', '0', 2),
('TR-000000002784', '2018-10-05 09:00:14', 128, 2062, 1, 9, 150000, 'TUNAI', '0', 1),
('TR-000000002785', '2018-10-05 09:02:14', 141, 2052, 1, 18, 150000, 'TUNAI', '0', 1),
('TR-000000002786', '2018-10-05 09:02:42', 165, 2052, 1, 12, 265000, 'TUNAI', '0', 3),
('TR-000000002787', '2018-10-05 09:03:28', 13, 2055, 1, 13, 825000, 'TUNAI', '0', 2),
('TR-000000002788', '2018-10-05 09:04:16', 13, 2055, 1, 8, 175000, 'TUNAI', '0', 1),
('TR-000000002789', '2018-10-05 09:10:58', 355, 2049, 1, 11, 60000, 'TUNAI', '0', 2),
('TR-000000002790', '2018-10-05 09:20:44', 160, 2052, 1, 18, 150000, 'TUNAI', '0', 1),
('TR-000000002791', '2018-10-05 09:20:56', 356, 2049, 1, 9, 150000, 'TUNAI', '0', 1),
('TR-000000002792', '2018-10-05 09:25:26', 368, 2049, 1, 14, 150000, 'TUNAI', '0', 2),
('TR-000000002793', '2018-10-05 09:25:51', 368, 2049, 1, 11, 150000, 'TUNAI', '0', 1),
('TR-000000002794', '2018-10-05 09:26:11', 360, 2049, 1, 14, 275000, 'TUNAI', '0', 2),
('TR-000000002795', '2018-10-05 09:26:38', 497, 2044, 1, 16, 100000, 'TUNAI', '0', 2),
('TR-000000002796', '2018-10-05 09:30:24', 182, 2045, 1, 12, 500000, 'TUNAI', '0', 3),
('TR-000000002797', '2018-10-05 09:33:11', 98, 2041, 1, 12, 550000, 'TUNAI', '0', 3),
('TR-000000002798', '2018-10-05 09:56:03', 106, 2041, 1, 11, 150000, 'TUNAI', '0', 1),
('TR-000000002799', '2018-10-05 09:56:31', 276, 2053, 1, 14, 300000, 'TUNAI', '0', 2),
('TR-000000002800', '2018-10-05 09:57:01', 276, 2053, 1, 18, 150000, 'TUNAI', '0', 1),
('TR-000000002801', '2018-10-05 09:57:38', 438, 2059, 1, 10, 150000, 'TUNAI', '0', 2),
('TR-000000002802', '2018-10-05 09:58:54', 438, 2059, 1, 19, 175000, 'TUNAI', '0', 1),
('TR-000000002803', '2018-10-05 09:59:23', 81, 2040, 1, 12, 965000, 'TUNAI', '0', 3),
('TR-000000002804', '2018-10-05 10:00:06', 81, 2040, 1, 11, 150000, 'TUNAI', '0', 1),
('TR-000000002805', '2018-10-05 10:00:20', 81, 2040, 1, 18, 150000, 'TUNAI', '0', 1),
('TR-000000002806', '2018-10-05 10:00:46', 456, 2043, 1, 11, 150000, 'TUNAI', '0', 1),
('TR-000000002807', '2018-10-05 10:01:01', 456, 2043, 1, 18, 150000, 'TUNAI', '0', 1),
('TR-000000002808', '2018-10-05 10:01:19', 95, 2041, 1, 12, 500000, 'TUNAI', '0', 3),
('TR-000000002809', '2018-10-05 10:01:50', 14, 2055, 1, 13, 1255000, 'TUNAI', '0', 3),
('TR-000000002810', '2018-10-05 10:02:09', 64, 2056, 1, 8, 175000, 'TUNAI', '0', 1),
('TR-000000002811', '2018-10-05 10:02:26', 64, 2056, 1, 10, 175000, 'TUNAI', '0', 1),
('TR-000000002812', '2018-10-05 10:03:01', 64, 2056, 1, 13, 1010000, 'TUNAI', '0', 2),
('TR-000000002813', '2018-10-05 11:15:15', 168, 2045, 1, 12, 350000, 'TUNAI', '0', 3),
('TR-000000002814', '2018-10-05 11:19:31', 168, 2045, 1, 11, 150000, 'TUNAI', '0', 1),
('TR-000000002815', '2018-10-05 11:28:18', 188, 2045, 1, 12, 360000, 'TUNAI', '0', 3),
('TR-000000002816', '2018-10-05 11:29:44', 188, 2045, 1, 11, 150000, 'TUNAI', '0', 1),
('TR-000000002817', '2018-10-05 11:30:00', 120, 2062, 1, 12, 300000, 'TUNAI', '0', 3),
('TR-000000002818', '2018-10-05 11:30:22', 120, 2062, 1, 11, 150000, 'TUNAI', '0', 1),
('TR-000000002819', '2018-10-05 11:30:38', 18, 2055, 1, 13, 325000, 'TUNAI', '0', 3),
('TR-000000002820', '2018-10-05 11:30:55', 18, 2055, 1, 10, 175000, 'TUNAI', '0', 1),
('TR-000000002821', '2018-10-05 11:33:00', 617, 2051, 1, 18, 150000, 'TUNAI', '0', 1),
('TR-000000002822', '2018-10-05 11:33:23', 501, 2044, 1, 16, 150000, 'TUNAI', '0', 3),
('TR-000000002823', '2018-10-05 11:33:40', 508, 2064, 1, 38, 150000, 'TUNAI', '0', 2),
('TR-000000002824', '2018-10-05 11:36:00', 92, 2040, 1, 11, 150000, 'TUNAI', '0', 1),
('TR-000000002825', '2018-10-05 11:36:45', 54, 2056, 1, 19, 175000, 'TUNAI', '0', 1),
('TR-000000002826', '2018-10-05 11:37:13', 12, 2055, 1, 10, 175000, 'TUNAI', '0', 1),
('TR-000000002827', '2018-10-05 11:37:36', 32, 2055, 1, 13, 475000, 'TUNAI', '0', 3),
('TR-000000002828', '2018-10-05 11:37:55', 32, 2055, 1, 10, 175000, 'TUNAI', '0', 1),
('TR-000000002829', '2018-10-05 11:38:21', 6, 2055, 1, 13, 605000, 'TUNAI', '0', 3),
('TR-000000002830', '2018-10-05 19:38:49', 505, 2064, 1, 40, 50000, 'TUNAI', '0', 1),
('TR-000000002831', '2018-10-05 19:40:28', 13, 2055, 1, 40, 50000, 'TUNAI', '0', 1),
('TR-000000002832', '2018-10-05 19:42:08', 668, 2062, 1, 40, 50000, 'TUNAI', '0', 1),
('TR-000000002833', '2018-10-10 21:01:47', 149, 2052, 1, 18, 150000, 'TUNAI', '0', 1),
('TR-000000002834', '2018-10-10 21:02:30', 230, 2042, 1, 18, 150000, 'TUNAI', '0', 1),
('TR-000000002835', '2018-10-10 21:02:56', 316, 2047, 1, 11, 150000, 'TUNAI', '0', 1),
('TR-000000002836', '2018-10-13 11:14:33', 342, 2048, 1, 14, 150000, 'TUNAI', '0', 1),
('TR-000000002837', '2018-10-13 11:14:53', 342, 2048, 1, 9, 150000, 'TUNAI', '0', 1),
('TR-000000002838', '2023-02-08 14:11:03', 668, 2040, 2, 40, 30000, 'TUNAI', '0', 1);

-- --------------------------------------------------------

--
-- Table structure for table `tbl_warga`
--

CREATE TABLE `tbl_warga` (
  `id_warga` int(11) NOT NULL,
  `niw` char(15) NOT NULL,
  `nama_warga` varchar(100) NOT NULL,
  `jekel_warga` enum('Laki-Laki','Perempuan') NOT NULL,
  `alamat_warga` text NOT NULL,
  `foto_warga` text NOT NULL,
  `id_rumah` int(11) NOT NULL,
  `aktif_warga` enum('0','1','11') NOT NULL,
  `angkatan_warga` varchar(30) NOT NULL
) ENGINE=InnoDB DEFAULT CHARSET=latin1;

--
-- Dumping data for table `tbl_warga`
--

INSERT INTO `tbl_warga` (`id_warga`, `niw`, `nama_warga`, `jekel_warga`, `alamat_warga`, `foto_warga`, `id_rumah`, `aktif_warga`, `angkatan_warga`) VALUES
(5, '10148', 'ABDULLOH', 'Laki-Laki', 'TIDU RT.003/RW.004 KEL.TIDU KEC.POHJENTREK', 'default.jpg', 2055, '1', '2018'),
(6, '10149', 'ACHMAD DANI NUR FALAH', 'Laki-Laki', 'JL. RW MONGINSIDI RT  03 RW 06 KEL. KEBONAGUNG KEC. PURWOREJO KOTA PASURUAN ', 'default.jpg', 2055, '1', '2018'),
(7, '10150', 'ACHMAD FANDI', 'Laki-Laki', 'jl. Hasanudin gang 4 no 41 kel. karanganyar kec. panggungrejo RT/ 002 RW/ 004', 'default.jpg', 2055, '1', '2018'),
(8, '10152', 'ADAM SAVRIL KURNIAWAN', 'Laki-Laki', 'JL. HALMAHERA 13/ 45 RT: 004/ RW: 006 Kelurahan. Karanganyar Kec. Panggungrejo Kota. Pasuruan ', 'default.jpg', 2055, '1', '2018'),
(9, '10153', 'ADITYA SULTAN ANDRIYAN', 'Laki-Laki', 'JL.HALMAHERA GG 13 RT.04 RW.06 KEL.KARANGANYAR KEC.PANGGUNGREJO', 'default.jpg', 2055, '1', '2018'),
(10, '10154', 'AHMAD DANI SAPUTRA', 'Laki-Laki', 'NYAMPLUNG RT.02 RW.01 KEL.GAMBIR KUNING KEC.KRATON KAB.PASURUAN', 'default.jpg', 2055, '1', '2018'),
(11, '10156', 'AHMAD ROFIK', 'Laki-Laki', 'ROWO RT. 006/004 KEL. ROWOGEMPOL KEC. LEKOK', 'default.jpg', 2055, '1', '2018'),
(12, '10157', 'AKHMAD HERIYANTO', 'Laki-Laki', 'KEBONSAWO RT.01 RW.03 KEL.KEBONCANDI KEC.GONDANGWETAN', 'default.jpg', 2055, '1', '2018'),
(13, '10159', 'ANGGA PRAMANA', 'Laki-Laki', 'MENANGAS KULON RT.002/RW.007 KEL.KEBONREJO KEC.GRATI', 'default.jpg', 2055, '1', '2018'),
(14, '10161', 'DIMAS CAHYADININGRAT FEBRIANTO', 'Laki-Laki', 'PENGKOL RT.01 RW.02 KEL.GONDANG REJO KEC.GONDANG WETAN KAB.PASURUAN', 'default.jpg', 2055, '1', '2018'),
(15, '10163', 'FANDI AHMAD DWI CAHYO', 'Laki-Laki', 'DSN POHGADING TENGAH RT. 003/002 KEL. POHGADING KEC. PASREPAN', 'default.jpg', 2055, '1', '2018'),
(16, '10164', 'IBNUL MUBAROK', 'Laki-Laki', 'DSN.MENYARIK KULON RT.01 RW.02 KEL.MENYARIK KEC.WINONGAN KAB.PASURUAN', 'default.jpg', 2055, '1', '2018'),
(17, '10165', 'ILHAM KURNIAWAN ', 'Laki-Laki', 'JL. RAYA GONDANGWETAN RT 02 RW 02 KEL KARANG SENTUL KEC. GONDANGWETAN', 'default.jpg', 2055, '1', '2018'),
(18, '10166', 'IQBAL AKMAN', 'Laki-Laki', 'JELAN RT.04 RW.04 TIDU POHJENTREK PASRURUAN', 'default.jpg', 2055, '1', '2018'),
(19, '10168', 'M. ALVIN NUR KHAMZAH', 'Laki-Laki', 'KLOJEN RT 01 RW 05 DESA SLADI KEC. KEJAYAN KAB. PASURUAN ', 'default.jpg', 2055, '1', '2018'),
(20, '10171', 'M. RIZKY FIRMANSYAH ', 'Laki-Laki', 'JL PAHLAWAN NO 22 BELAKANG CAPIL RT 02 RW 03 KEL. PEKUNCEN KEC. PANGGUNGREJO KOTA PASURUAN ', 'default.jpg', 2055, '1', '2018'),
(21, '10172', 'M. SAHRUL', 'Laki-Laki', 'JL. PANGLIMA SUDIRMAN 15 RT.02 RW.03 PURWOREJO KEC. PURWOREJO PASURUAN', 'default.jpg', 2055, '1', '2018'),
(22, '10175', 'MAHARDHIKA DAFFA FERNANDA VIERY', 'Laki-Laki', 'TAMBAK SARI SELATAN 11/19 RT.11 RW.06 TAMBAK SARI SURABAYA', 'default.jpg', 2055, '1', '2018'),
(23, '10180', 'MOCH.HIDAYAT', 'Laki-Laki', 'JL.SLAGAH 3 NO.1 RT.02 RW.02 KEL.PEKUNCEN KEC.PANGGUNGREJO', 'default.jpg', 2055, '1', '2018'),
(24, '10181', 'MOCHAMAD RIZAL ALFIAN', 'Laki-Laki', 'SEDENGAN-ARJOSARI RT.04 RW.03 KEL.ARJOSARI KEC.REJOSO', 'default.jpg', 2055, '1', '2018'),
(25, '10183', 'MOCHAMMAD ARFAN MAULANA', 'Laki-Laki', 'JARANGAN REJOSO RT02/RW01. KABUPATEN PASURUAN', 'default.jpg', 2055, '1', '2018'),
(26, '10185', 'MOCHAMMAD NURUDDIN', 'Laki-Laki', 'JL. LKS MARTADINATA RT. 001/007 KEL. NGEMPLAKREJO KEC. PANGGUNGREJO', 'default.jpg', 2055, '1', '2018'),
(27, '10187', 'MOCHAMMAD SYARDHAN FIERNANDA', 'Laki-Laki', 'POHGADING PUTIH RT.01 RW.01RW.01 KEL.POHGADING KEC.PASREPAN', 'default.jpg', 2055, '1', '2018'),
(28, '10190', 'MUCHAMMAD LUKMAN', 'Laki-Laki', 'DSN KARANG SELEM RT. 006/006 KEL. CUKURGONDANG', 'default.jpg', 2055, '1', '2018'),
(29, '10191', 'MUCHAMMAD MAULANA DAVID HIDAYAT', 'Laki-Laki', 'DSN.MENYARIK KULON RT.01 RW.04 DS.MENYARIK KEC. WINONGAN', 'default.jpg', 2055, '1', '2018'),
(30, '10193', 'MUHAMMAD IBNU FAJAR', 'Laki-Laki', 'BABATAN-SAMBIREJO RT.02 RW.02 DS.SAMBIREJO KEC.REJOSO KAB.PASURUAN', 'default.jpg', 2055, '1', '2018'),
(31, '10194', 'MUHAMMAD NIZAR', 'Laki-Laki', 'TEGALAN RT. 003 RW. 013 DS. JATIREJO KEC. LEKOK KAB. PASURUAN', 'default.jpg', 2055, '1', '2018'),
(32, '10195', 'MUHAMMAD RIANTO', 'Laki-Laki', 'MANGGUAN RT.001 RW.001 KEC.PASREPAN', 'default.jpg', 2055, '1', '2018'),
(33, '10196', 'MUKHAMAD KHOFANILLAH', 'Laki-Laki', 'JL.KH.MANSUR GG.PONDOK RT.03 RW.01 KEL.TEMBOKREJO KEC.PURWOREJO', 'default.jpg', 2055, '1', '2018'),
(34, '10197', 'MUKHAMMAD FILA APRILLIANTO', 'Laki-Laki', 'JL. JEND A. YANI RT 04 RW 01 KARANGKETUG KEC GADINGREJO KOTTA PASURUAN ', 'default.jpg', 2055, '1', '2018'),
(35, '10205', 'SAHRUL IBAD', 'Laki-Laki', 'WUWUNG RT.01 RW.02 KEL.JOGOREPOH KEC.PASREPAN KAB.PASURUAN', 'default.jpg', 2055, '1', '2018'),
(36, '10207', 'SATRIA ARIF ZULKARNAEN', 'Laki-Laki', 'Jl Veteran I A RT 006 RW 006 Kelurahan Bugul Lor Kecamatan Panggungrejo Pasuruan', 'default.jpg', 2055, '1', '2018'),
(37, '10212', 'YASIR ILHAM MAULANA', 'Laki-Laki', 'REGEK RT.02 RW.05 KEL.SAMBIREJO KEC.REJOSO KAB.PASURUAN', 'default.jpg', 2055, '1', '2018'),
(38, '9934', 'GANDHY SYACHPUTRA AMBALI', 'Laki-Laki', 'JL DR WAHIDIN S HUSODO RT4 RW1', 'default.jpg', 2055, '0', '2018'),
(39, '10151', 'ACHMAD FAUZI HARIONO', 'Laki-Laki', 'Jalan Halmahera 13/31 RT 04 RW 06 Desa Karanganya kecamatan Panggungrejo', 'default.jpg', 2056, '1', '2018'),
(40, '10155', 'AHMAD MUSTAINUL HUDA', 'Laki-Laki', 'JAMBANGAN RT.01 RW.03 KEL.GROGOL KEC.GONDANGWETAN', 'default.jpg', 2056, '1', '2018'),
(41, '10158', 'ALAN JALALUDIN', 'Laki-Laki', 'JL. JENDERAL S PARMAN RT.01 RW.05 KEL.PANGGUNGREJO KEC PANGGUNGREJO', 'default.jpg', 2056, '1', '2018'),
(42, '10160', 'CHOIRUL ULUM', 'Laki-Laki', 'DSN MENYARIK KULON RT. 002/004 DS MENYARIK KEC WINONGAN KAB PASURUAn', 'default.jpg', 2056, '0', '2018'),
(43, '10162', 'ERIKO MAULANA ILHAMSYAH', 'Laki-Laki', 'PERUM TAMBAK YUDAN MAKMUR M-6 RT.03 RW.08 DS.KEBONAGUNG KEC.PURWOREJO', 'default.jpg', 2056, '1', '2018'),
(44, '10167', 'KHOIRUL ANAM', 'Laki-Laki', 'Tegalan RT 004 RW 013 Kelurahan Jatirejo Kecamatan Lekok Pasuruan', 'default.jpg', 2056, '1', '2018'),
(45, '10169', 'M. KHOIRUL ALAM ', 'Laki-Laki', 'DUSUN PESANTREN RT 04 RW 01 DESA KARANG LIWO KEC GRATI KABUPATEN PASURUAN', 'default.jpg', 2056, '1', '2018'),
(46, '10170', 'M. NAISABURI', 'Laki-Laki', 'JL. KOLONEL SUGIONO 10 RT/RW 01/03 KEL.TRAJENG KEC. PANGGUNG REJO PASURUAN', 'default.jpg', 2056, '1', '2018'),
(47, '10173', 'M. SON HAJI', 'Laki-Laki', 'Banculuk Kulon RT 01 RW 06 Kelurahan Cobanjoyo Kecamatan Kejayan Pasuruan', 'default.jpg', 2056, '1', '2018'),
(48, '10174', 'M.ARIS', 'Laki-Laki', 'JL.SULTAN AGUNG RT.06 RW.05 KEL.PURUTREJO KEC.PURWOREJO', 'default.jpg', 2056, '1', '2018'),
(49, '10176', 'MIFTAHUL HUDA', 'Laki-Laki', 'JL.Banda RT 4 RW 2 desa Gading rejo  kecamatan gading rejo Kota Pasuruan', 'default.jpg', 2056, '1', '2018'),
(50, '10177', 'MOCH. ILHAM', 'Laki-Laki', 'JL. ALMAHERA Gg. 13/29. KARANGANYAR PANGGUNGREJO KOTA PASURUAN', 'default.jpg', 2056, '1', '2018'),
(51, '10178', 'MOCH. KHUSEN', 'Laki-Laki', 'Karangwingko RT 002 RW 001 Kelurahan Purutrejo Kecamatan Purworejo Pasuruan', 'default.jpg', 2056, '1', '2018'),
(52, '10179', 'MOCH. RIIYADI', 'Laki-Laki', 'JALAN MALUKU RT 01 RW 03 NO. 21 KEL TRAJENG KEC. PANGGUNGREJO KOTA PASURUAN ', 'default.jpg', 2056, '1', '2018'),
(53, '10182', 'MOCHAMAD YUSRON AFFANDI', 'Laki-Laki', 'PLERET RT.001 RW.003 KEL.PLERET KEC.POHJENTREK', 'default.jpg', 2056, '1', '2018'),
(54, '10184', 'MOCHAMMAD ATOK ILLAH', 'Laki-Laki', 'JL.IMAM BONJOL RT.05 RW.03 KEL.BUGUL LOR KEC.PANGGUNGREJO', 'default.jpg', 2056, '1', '2018'),
(55, '10186', 'MOCHAMMAD SALIM', 'Laki-Laki', 'JL. MALUKU 5 RT.0 RW. 03 TRAJENG PANGGUNGREJO PASURUAN', 'default.jpg', 2056, '1', '2018'),
(56, '10188', 'MOH.FAHRIZAL ABY', 'Laki-Laki', 'JL.PUCANGAN RT.07 RW.04 KEL.PURWOREJO KEC.PURWOREJO', 'default.jpg', 2056, '1', '2018'),
(57, '10189', 'MOKH.NUR IKHSAN', 'Laki-Laki', 'JL.PANGLIMA SUDIRMAN II/14A RT.01 RW.04 KEL.PURWOREJO KEC. PURWOREJO', 'default.jpg', 2056, '1', '2018'),
(58, '10192', 'MUHAMMAD AKMAL FIKRI', 'Laki-Laki', 'JL.KH ABD KHAMID VIII/8 RT.04 RW.03 DS.KEBONSARI KEC.PANGGUNGREJO', 'default.jpg', 2056, '1', '2018'),
(59, '10198', 'MUKHAMMAD IRFAN', 'Laki-Laki', 'SURUH RT.02 RW.01 DS.KEDUNGBAKO KEC.REJOSO KAB.PASURUAN', 'default.jpg', 2056, '0', '2018'),
(60, '10199', 'MUKHAMMAD RIDHWAN ROMADHONI', 'Laki-Laki', 'PALEMBON RT. 001/004 KEL. REJOSOLOR KEC. REJOSO', 'default.jpg', 2056, '1', '2018'),
(61, '10200', 'MUTAWAKKIL ALALLOH', 'Laki-Laki', 'RT 003 RW 003 Desa Semare Kecamatan Kraton Pasuruan', 'default.jpg', 2056, '0', '2018'),
(62, '10201', 'NEO BIMA TARAYA IZZULHAQ', 'Laki-Laki', 'JL.DR.WAHIDIN SH GG XII/106 RT.05 RW.05 KEL.PETAMANAN KEC.PANGGUNGREJO', 'default.jpg', 2056, '1', '2018'),
(63, '10202', 'NUR HUDA', 'Laki-Laki', 'JL.KOLONEL SUGIONO Gg.I RT.01 RW.01 DS.TRAJENG KEC.PANGGUNGREJO', 'default.jpg', 2056, '1', '2018'),
(64, '10203', 'RAHMAD ABDULLAH', 'Laki-Laki', 'Perum Graha Indah 2 Blok d 1No 30 Desa Tidu Kecamatan Pohjentrek Pasuruan', 'default.jpg', 2056, '1', '2018'),
(65, '10204', 'SAHRUL GUNAWAN', 'Laki-Laki', 'TIDU RT.003/RW.004 KEL.TIDU KEC.POHJENTREK', 'default.jpg', 2056, '1', '2018'),
(66, '10206', 'SAIFUL ANAM', 'Laki-Laki', 'TAMPUNG RT. 001 RW. 005 DS. TAMPUNG KEC. LEKOK KAB. PASURUAN', 'default.jpg', 2056, '1', '2018'),
(67, '10208', 'SULTHON', 'Laki-Laki', 'WEDUSAN KIDUL RT.02 RW.011 DS.BALUNG ANYAR KEC.LEKOK', 'default.jpg', 2056, '1', '2018'),
(68, '10209', 'SUPRIYADI', 'Laki-Laki', 'KRAJAN SELATAN KEL ROWO GEMPOL KEC LEKOK RT/004 RW/007', 'default.jpg', 2056, '1', '2018'),
(69, '10210', 'TAUFIQ RYAN HIDAYAT', 'Laki-Laki', 'JALAN SULTAN AGUNG 31 RT 05 RW 05 KEL. PURUT REJO KEC. PURWOREJO KOTA PASURUAN ', 'default.jpg', 2056, '1', '2018'),
(70, '10211', 'WAHYU ANANG MARUF', 'Laki-Laki', 'JL. GATOT SUBROTO  RT. 0004/007 KEL. BUKIR KEC. GADINGREJO', 'default.jpg', 2056, '1', '2018'),
(71, '10213', 'ZAINUL HASAN', 'Laki-Laki', 'JL.KH.ABDUL KHAMID GG VIII/7-H RT 04/RW03 KEBONSARI PANGGUNG REJO', 'default.jpg', 2056, '1', '2018'),
(72, '10002', 'ABDUL FATTAKHURRIZQI', 'Laki-Laki', 'JL. SASTRO SUROTOKO RT 01 RW 04 KEL. WIROGUNAN KEC. PURWOREJO KOTA PASURUAN ', 'default.jpg', 2040, '1', '2018'),
(73, '10003', 'ABDUROHMAN FAHMI', 'Laki-Laki', 'JL.SUNAN AMPEL RT.03 RW.03 KEC.BUGUL KIDUL KOTA PASURUAN', 'default.jpg', 2040, '1', '2018'),
(74, '10004', 'ACHMAD MUZAI AFFANDI', 'Laki-Laki', 'Pleret rt.  01/06 kel. Plerer kec.  Pohjentrek', 'default.jpg', 2040, '1', '2018'),
(75, '10007', 'AKHMAD MUHAJIR', 'Laki-Laki', 'KAMPUNG  BARU RT.01 RW.04 KEL.PASINAN KEC.LEKOK', 'default.jpg', 2040, '1', '2018'),
(76, '10009', 'ANANDA IRGI KURNIAWAN', 'Laki-Laki', 'KARANGASEM RT.04 RW.01 KEL.KARANGKETUG KEL.GADINGREJO', 'default.jpg', 2040, '1', '2018'),
(77, '10011', 'BIMA ANTARIKSAWAN', 'Laki-Laki', 'JL.SUKUN NO.16 RT.04 RW.02 KEL.PURUTREJO KEC.PURWOREJO', 'default.jpg', 2040, '1', '2018'),
(78, '10015', 'FAHMI ABDI FIRDAUS', 'Laki-Laki', 'JL.PATIMURA SELATAN RT.05 RW.03 KL.BUGUL KIDUL KEC.BUGUL KIDUL', 'default.jpg', 2040, '1', '2018'),
(79, '10016', 'FIERMANDA RIESTYANTO', 'Laki-Laki', 'JL. DARMOYUDO UTAMA NO. 51 B RT. 002/001 KEL. PURWOREJO KEC. PURWOREJO', 'default.jpg', 2040, '1', '2018'),
(80, '10018', 'KARSONO', 'Laki-Laki', 'PARASAN RT. 001/006 KEL. GRATITUNON KEC. GRATI', 'default.jpg', 2040, '1', '2018'),
(81, '10019', 'M. JAZULI', 'Laki-Laki', 'Kasuran RT 04 RW 06 Desa Rejoso Lor Kec. Rejoso Kab, Pasuruan', 'default.jpg', 2040, '1', '2018'),
(82, '10020', 'M. ZAKARIYA AL ANSHORI', 'Laki-Laki', 'Ds. Temenggungan rt/rw 03/04 pohjentrek kec.purworejo pasuruan', 'default.jpg', 2040, '1', '2018'),
(83, '10021', 'M.ROSULI', 'Laki-Laki', 'Bandaran Rt.02 Rw.02 Jarangan Rejoso Pasuruan', 'default.jpg', 2040, '1', '2018'),
(84, '10022', 'MOCH ALDI', 'Laki-Laki', 'JL. HANGTUAH IX RT. 003/009 KEL. NGEMPLAKREJO KEC. PANGGUNGREJO', 'default.jpg', 2040, '1', '2018'),
(85, '10023', 'MOCHAMMAD AMIR FAHAD', 'Laki-Laki', 'JL.KH.WACHID HASYIM 13 NO.34 RT.03 RW.06 KEL.KEBONSARI KEL.PANGGUNGREJO', 'default.jpg', 2040, '1', '2018'),
(86, '10031', 'MUHAMMAD ALZID BUDIMAN', 'Laki-Laki', 'JL. PRAMBANAN RT. 001 RW. 007 KEL. BAKALAN KEC. BUGUL KIDUL', 'default.jpg', 2040, '1', '2018'),
(87, '10032', 'MUHAMMAD FAIS SULFAN', 'Laki-Laki', 'JL. TRUNOJOYO RT 1 RW 1 TAPAAN BUGUL KIDUL', 'default.jpg', 2040, '1', '2018'),
(88, '10033', 'MUHAMMAD LUKMAN WAFIUDIN', 'Laki-Laki', 'BLANDONGAN RT 003 RW 002 KEC. BUGUL KIDUL', 'default.jpg', 2040, '1', '2018'),
(89, '10036', 'MUKHAMMAD ANDIKA SAPUTRA', 'Laki-Laki', 'JL. MARGO TARUNO RT/RW 003/001 KEL.KEBONAGUNG KEC. PURWOREJO', 'default.jpg', 2040, '0', '2018'),
(90, '10038', 'RAHMAT AGUNG JULIANTO', 'Laki-Laki', 'GERONGAN TOYANING 004/006 REJOSO KAB.PASURUAN', 'default.jpg', 2040, '1', '2018'),
(91, '10039', 'RAMA KHOIRUR ROZIKIN', 'Laki-Laki', 'DUSUN WEDAR RT 01 RW 08 DESA GADING KECAMATAN WINONGAN', 'default.jpg', 2040, '1', '2018'),
(92, '10040', 'RIZQI MAULANA ROMADHON', 'Laki-Laki', 'DUSUN KILI UTARA RT 02  RW 03 DESA WONOSARI KEC. GONDANGWETAN KABUPATEN PASURUAN', 'default.jpg', 2040, '1', '2018'),
(93, '10044', 'ZAKKI UBAIDILLAH', 'Laki-Laki', 'DUSUN WEDAR RT.RW 01/08 GADING WINONGAN PASURUAN', 'default.jpg', 2040, '1', '2018'),
(94, '10005', 'ACHMAD ZIDAN', 'Laki-Laki', 'JL. SALAK III A4/6 RT 01 RW 04 KEL. BUGUL KIDUL KEC. BUGUL KIDUL KOTA PASURUAN', 'default.jpg', 2041, '1', '2018'),
(95, '10006', 'AGUS PRIYANTO', 'Laki-Laki', 'JL. KH. ABD. CHAMID X/46 RT. 004/001 KEL. KARANGANYAR KEC. PANGGUNGREJO', 'default.jpg', 2041, '1', '2018'),
(96, '10008', 'AKHMAD ZAKARIYA', 'Laki-Laki', 'SEDENGAN-ARJOSARI RT.05 RW.04 KEL.ARJOSARI KEC.REJOSO KAB.PASURUAN', 'default.jpg', 2041, '0', '2018'),
(97, '10010', 'ARIF HIDAYAH', 'Laki-Laki', 'PERUM GRIYA ASRI RT.03 RW.01 DS.WIROGUNAN  KEC.PURWOREJO ', 'default.jpg', 2041, '1', '2018'),
(98, '10012', 'DEDY ACHMAD FANDIKA', 'Laki-Laki', 'JL. WIROGUNO GG BUNTU 7D RT/RW 003/007 KEC. PANGGUNG REJO KOTA PASURUAN', 'default.jpg', 2041, '1', '2018'),
(99, '10013', 'DELVIN SIGIT PURWITO', 'Laki-Laki', 'JL.ERLANGGA RT.06 RW.05 KEL.PURWOREJO KEC.PURWOREJO', 'default.jpg', 2041, '1', '2018'),
(100, '10014', 'EMALIA FITARA', 'Laki-Laki', 'JL KH AHMAD DAHLAN RT/RW 04/04 POHJENTREK KEC. PURWOREJO', 'default.jpg', 2062, '1', '2018'),
(101, '10017', 'GHAZI JIHAD AZFAR', 'Laki-Laki', 'Jl. Gatot Subroto Rt. 02 Rw. 07 Bukir Gadingrejo Pasuruan ', 'default.jpg', 2041, '1', '2018'),
(102, '10024', 'MOHAMMAD KHOIRONI', 'Laki-Laki', 'WONOWOSO-KEDUNGBAKO RT.02 KEL.KEDUNGBAKO KEC.REJOSO', 'default.jpg', 2041, '1', '2018'),
(103, '10025', 'MOKHAMAD IKBAL SOFIYUDDIN', 'Laki-Laki', 'JL.GATOT SUBROTO RT.03 RW.04 KEL.PETAHUNAN KEC.GADINGREJO', 'default.jpg', 2041, '1', '2018'),
(104, '10026', 'MUCH ZAINUL ARIFIN', 'Laki-Laki', 'JL.HALMAHERA 13 NO 10 RT 4 RW 6 DESA KARANGANYAR KECAMATAN GADINGREJO KOTA PASURUAN', 'default.jpg', 2041, '1', '2018'),
(105, '10027', 'MUCHAMAD EDWIN SAPUTRO', 'Laki-Laki', 'JL. KH. ACH DAHLAN RT. 004/004 KEL. POHJENTREK KEC.PURWOREJO', 'default.jpg', 2041, '1', '2018'),
(106, '10028', 'MUCHAMAD FAHMI RAMADHANI', 'Laki-Laki', 'TAPAAN RT 04 RW 04 KEL TAPAAN KEC. BUGUL KIDUL KOTA PASURUAN', 'default.jpg', 2041, '1', '2018'),
(107, '10029', 'MUCHAMMAD ALI SYAIFUDIN', 'Laki-Laki', 'JL.HASANUDIN XI RT.001 RW.007 KEL. KARANGANYAR KEC.PANGGUNGREJO', 'default.jpg', 2041, '1', '2018'),
(108, '10030', 'MUCHAMMAD ANDRIANTO', 'Laki-Laki', 'JL. KH. WACHID HASYIM 13/35 RT/RW 004/006 KEL. KEBONSARI KEC. PANGGUNGREJO', 'default.jpg', 2041, '1', '2018'),
(109, '10034', 'MUHAMMAD SUYANTO', 'Laki-Laki', 'JARANGAN RT.09 RW.01 KEL.JARANGAN KEC.REJOSO KAB.PASURUAN', 'default.jpg', 2041, '1', '2018'),
(110, '10035', 'MUKHAMAD WAHYU ISMAIL', 'Laki-Laki', 'JL. PATIUNUS NO 51 RT 4 RW 2 KRAMPYANGAN BUGUL KIDUL KOTA PASURUAN', 'default.jpg', 2041, '1', '2018'),
(111, '10037', 'RAFLI TRI AJISAPUTRA', 'Laki-Laki', 'JL.PATIUNUS GG.24 NO.15 RT.002 RW.001 KEL.KRAMPYANGAN KEC.BUGULKIDUL', 'default.jpg', 2041, '1', '2018'),
(112, '10041', 'SAHRUL ANAM', 'Laki-Laki', 'KARANGPANDAN RT.01 RW.01 DS.KARANG PANDAN KEC.REJOSO', 'default.jpg', 2041, '1', '2018'),
(113, '10042', 'WAHYU JOHAN HARDIANSYA', 'Laki-Laki', 'jl. patiunus 64 kel. krampyangan kec. bugul kidul RT 004 RW 002', 'default.jpg', 2041, '1', '2018'),
(114, '10043', 'YUSRIL HARDIMAN', 'Laki-Laki', 'JL.DR.WAHIDIN SH GG.3A/13 KEL.PETAMANAN KEC.PANGGUNGREJO', 'default.jpg', 2041, '1', '2018'),
(115, '9753', 'SAPUTRO FIRMANSYAH', 'Laki-Laki', 'MUNENG RT002/RW 004 BENDUNGAN KRATON KAB. PASURUAN', 'default.jpg', 2041, '1', '2018'),
(116, '10129', 'FATIMATUS ZAKIAH', 'Laki-Laki', 'JL.MT HARYONO 2 RT/RW 02/03 MANDARAN REJO PANGGUNGREJO', 'default.jpg', 2062, '0', '2018'),
(117, '10130', 'FERI AGUSTINO', 'Laki-Laki', 'DUSUN WEDAR KEC.WINONGAN KEL.GADING RT/001 RW/008', 'default.jpg', 2062, '1', '2018'),
(118, '10131', 'FITRIANTO ACHMAD ZUBAIDI', 'Laki-Laki', 'TAMAN ASRI II.D1/16 RT.02 RW.07 KEL.WIROGUNAN KEC.PURWOREJO', 'default.jpg', 2062, '1', '2018'),
(119, '10132', 'FITRIYA', 'Laki-Laki', 'TIDU RT.03 RW.04 KEL.TIDU KEC.POHJENTREK', 'default.jpg', 2062, '1', '2018'),
(120, '10133', 'HAFIZH WIDYA DHANA', 'Laki-Laki', 'JL.KH A DAHLAN RT.02 RW.03 KEL.POHJENTREK KEC.PURWOREJO', 'default.jpg', 2062, '1', '2018'),
(121, '10134', 'M.MISBAHUL MUNIR', 'Laki-Laki', 'TEMENGGUNGAN RT.06 RW.05 KEL.POHJENTREK KEC.PURWOREJO', 'default.jpg', 2062, '1', '2018'),
(122, '10135', 'MOCH.ANDI MASHURI', 'Laki-Laki', 'JL.GATOT SUBROTO RT.01 RW.01 KEL.BUKIR KEC.GADINGREJO', 'default.jpg', 2062, '1', '2018'),
(123, '10136', 'MOCH.MISBAKHUL VIKRY', 'Laki-Laki', 'DUDUKLOR RT.02 RW.02 KEL.DUDUKLOR KEC.GLAGAH', 'default.jpg', 2062, '1', '2018'),
(124, '10137', 'MUHAMMAD KHOIRUL HUDA', 'Laki-Laki', 'JL. BANDA Gg.TANJUNG RT.03 RW.02 KEL.GADINGREJO KEC.GADINGREJO KOTA PASURUAN', 'default.jpg', 2062, '1', '2018'),
(125, '10138', 'MUHAMMAD NUR JIHAT', 'Laki-Laki', 'JL.HANGTUA 10 RT.03 RW.02 KEL.NGEMPLAKREJO KEC.PANGGUNGREJO', 'default.jpg', 2062, '0', '2018'),
(126, '10139', 'MUHAMMAD SURYANA ABDUL AZIS', 'Laki-Laki', 'PADANGAN RT.06 RW.02 DS.TAMBAKREJO KEC.KRATON KAB.PASURUAN', 'default.jpg', 2062, '1', '2018'),
(127, '10140', 'MUKHAMMAD RIZAL IKHSANI', 'Laki-Laki', 'JL.GATOT SUBROTO RT.04 RW.07 KEL.BUKIR KEC.GADINGREJO', 'default.jpg', 2062, '1', '2018'),
(128, '10141', 'MUKLIS ROSADI', 'Laki-Laki', 'KARANGASEM RT.03 RW.01 DS.KARANGKETUG KEC.GADINGREJO', 'default.jpg', 2062, '1', '2018'),
(129, '10142', 'NIKO SATRIO', 'Laki-Laki', 'Jl. Harun Tohir 9 RT 007 RW 003 Kelurahan Medaeng Kecamatan Waru Sidoarjo', 'default.jpg', 2062, '1', '2018'),
(130, '10143', 'NINIS DIAN SAMPURNO', 'Laki-Laki', 'JL.KYAI SARKOWI RT.03 RW.03 KEL.TEMBOKREJO KEC.PURWOREJO KOTA PASURUAN', 'default.jpg', 2062, '1', '2018'),
(131, '10144', 'PUTRIYA', 'Laki-Laki', 'SEPENDIL RT. 001/005 KEL. SEMARE KEC. KRATON', 'default.jpg', 2062, '1', '2018'),
(132, '10145', 'RAJA ADIL GUSTI RACHMAN', 'Laki-Laki', 'JL. CEMARA GG. 8 /20 RT. 003/008 KEL. BUGUL LOR KEC. PANGGUNGREJO', 'default.jpg', 2062, '1', '2018'),
(133, '10146', 'SOFYAN HIDAYAT', 'Laki-Laki', 'KEBON SAWAH RT 01 RW 07 DESA KALIREJO KEC.KRATON', 'default.jpg', 2062, '1', '2018'),
(134, '10147', 'VANIA AGATHA SETIAWAN', 'Laki-Laki', 'Jalan Raya Warungdowo No. 5 Kec. Pohjentrek Kabupaten Pasuruan ', 'default.jpg', 2062, '1', '2018'),
(135, '10098', 'ABD ROCHMAN', 'Laki-Laki', 'JL.KALIMANTAN RT.01 RW.09 KEL.TRAJENG KEC.PANGGUNGREJO', 'default.jpg', 2052, '1', '2018'),
(136, '10099', 'ABDULLOH', 'Laki-Laki', 'DUSUN GENUAN RT 01 RW 09 DESA SUMBER DAWESARI KEC. GRATI KABUPATEN PASURUAN ', 'default.jpg', 2052, '1', '2018'),
(137, '10100', 'ADRIAN RAYNALDO', 'Laki-Laki', 'RUSUNAWA RT.02 RW.06 DS. PETAHUNAN KEC.GADINGREJO', 'default.jpg', 2052, '1', '2018'),
(138, '10101', 'ANDI WASITO', 'Laki-Laki', 'SUMBERDAWESARI RT.03 RW.04 KEL.SUMBERDAWESARI KEC.GRATI', 'default.jpg', 2052, '1', '2018'),
(139, '10102', 'ARJUNA ZAHARA RIDHOLLOH', 'Laki-Laki', 'DSN.WONOWOSO RT.02 RW.03 KEL.KEDUNG BAKO KEC.REJOSO', 'default.jpg', 2052, '1', '2018'),
(140, '10103', 'BAHIRUDDIN', 'Laki-Laki', 'DSN. PADEAN RT. 005/003 KEL JARANGAN KEC. REJOSO', 'default.jpg', 2052, '1', '2018'),
(141, '10104', 'BAYU SUROPATI', 'Laki-Laki', 'JL.PUCANGAN RT.02 RW.04 KEL.PURWOREJO KEC.PURWOREJO', 'default.jpg', 2052, '1', '2018'),
(142, '10105', 'DIMAS PUTRA AIRLANGGA ', 'Laki-Laki', 'Perum Pesona Candi Permai 4 Blok AD 14 Kelurahan Sekargadung Kecamatanh Purworejo Pasuruan', 'default.jpg', 2052, '1', '2018'),
(143, '10106', 'IKBADI MAULANA VIRGIANTO', 'Laki-Laki', 'DSN.BAYEMAN RT.01 RW.07 KEC.GONDANGWETAN KEL.BAYEMAN', 'default.jpg', 2052, '1', '2018'),
(144, '10107', 'M AHSANUS SARIKI', 'Laki-Laki', 'SEKAR KRAJAN RT 002 RW 005 DESA GONDANGREJO KECAMATAN GONDANG WETAN PASURUAN', 'default.jpg', 2052, '1', '2018'),
(145, '10108', 'M. REZA MAULANA', 'Laki-Laki', 'Jl. Untung Surapati RT. 001 RW. 002 KEL POHJENTREK KEC. PURWOREJO', 'default.jpg', 2052, '1', '2018'),
(146, '10109', 'M. RIZKI YULIANTO', 'Laki-Laki', 'JALAN PATIMURA 22 RT 07 RW 02 KEL BUGUL KIDUL KEC.  BUGUL KIDUL KOTA PASURUAN', 'default.jpg', 2052, '1', '2018'),
(147, '10110', 'M.NUR FERI', 'Laki-Laki', 'KISIK RT.004RW.004 KEL.KALIREJO KEC.KRATON', 'default.jpg', 2052, '1', '2018'),
(148, '10111', 'M.PRASETYO', 'Laki-Laki', 'NGEMPLAK RT.001/RW.008 KEL.TOYANING KEC.REJOSO', 'default.jpg', 2052, '1', '2018'),
(149, '10112', 'MASUD ROZALI', 'Laki-Laki', 'DS.SEKARGADUNG RT.04 RW.03 KEL.SEKARGADUNG KEC.PURWOREJO', 'default.jpg', 2052, '1', '2018'),
(150, '10113', 'MOCHAMAD CATUR RAMADHAN', 'Laki-Laki', 'JL.HASANUDIN GG.XXVII RT.005 RW.001KEL.KARANGANYAR KEC.PANGGUNGREJO', 'default.jpg', 2052, '1', '2018'),
(151, '10114', 'MOCHAMMAD WAWAN DARMAWAN', 'Laki-Laki', 'TENGGILISREJO RT/RW 002/002 KEL. TENGGILIS REJO KEC. GONDANG WETA', 'default.jpg', 2052, '1', '2018'),
(152, '10115', 'MOH HUSIN', 'Laki-Laki', 'JL. KH. AHMAD DAHLAN RT. 004 RW. 002 KEL. PURWOREJO KEC. PANGGUNGREJO', 'default.jpg', 2052, '1', '2018'),
(153, '10116', 'MUHAMMAD ADRIAN FIRMANSYAH', 'Laki-Laki', 'Dusun Gondang RT 02 RW 02 Desa Lebak Kecamatan Winongan Pasuruan', 'default.jpg', 2052, '1', '2018'),
(154, '10117', 'MUHAMMAD AINUR ROZIQIN', 'Laki-Laki', 'JL.KYAI SEPUH GG 19 RT.02 RW.05 KEL.GENTONG KEC.GADINGREJO', 'default.jpg', 2052, '1', '2018'),
(155, '10118', 'MUHAMMAD BACHTIAR ALAMSYAH', 'Laki-Laki', 'JL. MT. HARYONO GG 14/14 RT/RW 004/002 KEL.MANDARANREJO KEC. PANGGUNGREJO', 'default.jpg', 2052, '1', '2018'),
(156, '10119', 'MUHAMMAD SUBKHAN ', 'Laki-Laki', 'JL. DARMOYUDO A NO 29 RT 03 RW 01 KEL. PURWOREJO KEC. PURMOREJO KOTA PASURUAN', 'default.jpg', 2052, '1', '2018'),
(157, '10120', 'MUKHAMAD ALDY FIRMANSYAH', 'Laki-Laki', 'JL.HALMAHERA RT.03 RW.09 KEL.TRAJENG KEC.PANGGUNGREJO', 'default.jpg', 2052, '1', '2018'),
(158, '10121', 'MUKHAMAD KHOIRUR ROZIKIN', 'Laki-Laki', 'DOROPAYUNG RT 003 RW 003 Kelurahan Sekargadung Kecamatan Purworejo Pasuruan', 'default.jpg', 2052, '1', '2018'),
(159, '10122', 'MUKHAMMAD MISBAKHUL MUNIR', 'Laki-Laki', 'BANTENGAN RT.06 RW,03 KEL.SADENG REJO KEC.REJOSO KAB.PASURUAN', 'default.jpg', 2052, '1', '2018'),
(160, '10123', 'PASCHAL MARIO', 'Laki-Laki', 'JL. SOEKARNO HATTA ZIPUR 10 RT. 006 RW. 001 KEL. GADINGREJO KEC. GADINGREJO KOTA PASURUAN', 'default.jpg', 2052, '1', '2018'),
(161, '10124', 'RACHMAT TAUFIQI', 'Laki-Laki', 'DOROPAYUNG RT.03 RW.03 KEL.SEKARGADUNG KEC.PURWOREJO', 'default.jpg', 2052, '1', '2018'),
(162, '10125', 'ROBY ANWAR', 'Laki-Laki', 'JL.  KHM AKHMAD DAHLAN 18 RT 04 RW 04 KEL.  POHJENTREK KEC.  POHJENTREK KOTA PASURUAN', 'default.jpg', 2052, '1', '2018'),
(163, '10126', 'ROCHMAD IFNU ADAM', 'Laki-Laki', 'POHGADING PUTIH RT1 RW 1 KELURAHAN POHGAFING KECAMATAN PASREPAN', 'default.jpg', 2052, '1', '2018'),
(164, '10127', 'SUDRAJAD DWI MAIMUDI', 'Laki-Laki', 'KARANGANYAR SELATAN RT. 002/007 KEL. KARANGSENTUL KEC. GONDANGWETAN', 'default.jpg', 2052, '1', '2018'),
(165, '10128', 'ZIDHAN MAULANA', 'Laki-Laki', 'WONOSARI RT. 002/002 KEL. WONOSARI KEC. GONDANGWETAN', 'default.jpg', 2052, '1', '2018'),
(166, '10045', 'AAN EFENDI', 'Laki-Laki', 'JL.MULYOREJO RT.01 RW.06 KEL.SEBANI KEC.GADINGREJO', 'default.jpg', 2045, '1', '2018'),
(167, '10049', 'AHMAD FIRMAN', 'Laki-Laki', 'DUSUN LOGOWOK RT 01 RW 01 DESA LOGOWOK KEC. POHJENTREK', 'default.jpg', 2045, '1', '2018'),
(168, '10054', 'ERIK FATKHUR ROHMAN', 'Laki-Laki', 'JL. CEMARA GG III/89 RT/RW 001/008', 'default.jpg', 2045, '1', '2018'),
(169, '10055', 'FABIYAN ISLAMI PASHA', 'Laki-Laki', 'KEBUN MANGGA RT.01 RW.01 KEL.POHJENTREK KEC.PURWOREJO', 'default.jpg', 2045, '1', '2018'),
(170, '10058', 'HELMY SYAPUTRA', 'Laki-Laki', 'JARANGAN RT. 002/003 KEL. JARANGAN KEC. REJOSO', 'default.jpg', 2045, '1', '2018'),
(171, '10060', 'IKBAR RAFIDAN KURNIAWAN ', 'Laki-Laki', 'JL. DR WAHIDIN SH RT 003 RW 005 DESA PURUTREJO KEC PURWOREJO', 'default.jpg', 2045, '1', '2018'),
(172, '10062', 'KRISNA FIRMAN HIDAYAT', 'Laki-Laki', 'JL.PATIUNUS NO.23 RT.07 RW.02 KEL.KRAMPYANGAN KEC.BUGUL KIDUL', 'default.jpg', 2045, '1', '2018'),
(173, '10064', 'M. BAYU IRWANTO', 'Laki-Laki', 'KASURAN-REJOSOLOR RT. 005/006 KEC. REJOSO', 'default.jpg', 2045, '1', '2018'),
(174, '10065', 'M.RIZAL FAUZI', 'Laki-Laki', 'JL.PATIMURA RT.04 RW.03 KEL.BUGUL KIDUL KEC.BUGL KIDUL', 'default.jpg', 2045, '1', '2018'),
(175, '10067', 'MOCH MISBACHUL MUNIR', 'Laki-Laki', 'Purutrejo RT 001 RW 001 Kelurahan Purutrejo Kecamatan Purworejo Pasuruan', 'default.jpg', 2045, '1', '2018'),
(176, '10068', 'MOCHAMMAD AMIRUDIN', 'Laki-Laki', 'WARUNGDOWO TENGAH RT/RW 03/05 WARUNGDOWO KEC POHJENTREK', 'default.jpg', 2045, '1', '2018'),
(177, '10074', 'MUCHAMMAD NURFAUZI', 'Laki-Laki', 'JL JAMBANGAN 2 RT 06 RW 02 KEL PURWOREJO KEC.PURWOREJO KOTA PASURUAN', 'default.jpg', 2045, '0', '2018'),
(178, '10075', 'MUCHAMMAD SAQIQI ASADILKUUFI', 'Laki-Laki', 'PERUM.PESONA CANDI 5 BLOK A1 NO.04 RT.09 RW.07 KEL.SEKARGADUNG KEC.PURWOREJO', 'default.jpg', 2045, '1', '2018'),
(179, '10076', 'MUCHAMMAD SULTAN', 'Laki-Laki', 'DSN PADEAN RT. 003/003 KEL. JARANGAN KEC. REJOSO', 'default.jpg', 2045, '1', '2018'),
(180, '10077', 'MUHAMAD HIDAYAT', 'Laki-Laki', 'DS. TAMBAKSARI RT. 003/002 KEL. TAMBAKSARI KEC. KRATON', 'default.jpg', 2045, '1', '2018'),
(181, '10078', 'MUHAMAD RIZQY', 'Laki-Laki', 'JL.DIPONEGORO GG 2 RT.02 RW.012 KEL.KEBONSARI KEC.PANGGUNGREJO', 'default.jpg', 2045, '1', '2018'),
(182, '10081', 'MUHAMMAD ALVIN SOBIRIN', 'Laki-Laki', 'Krajan RT 004 RW 002 Desa Grogol Kecamatan Gondang Wetan Pasuruan', 'default.jpg', 2045, '1', '2018'),
(183, '10083', 'MUHAMMAD NURUL HUDA', 'Laki-Laki', 'JL KEBON JAYA RT 004 RW 006 DESA KEBONAGUNG KECAMATAN PURWOREJO PASURUAN', 'default.jpg', 2045, '1', '2018'),
(184, '10085', 'MUHAMMAD SINGGIH PRAYOGA', 'Laki-Laki', 'BLANDONGAN RT.003 RT.002 KEL.BLANDONGAN KEC.BUGUL KIDUL', 'default.jpg', 2045, '1', '2018'),
(185, '10086', 'MUKHAMAD IBRA JOHARI', 'Laki-Laki', 'LINGKUNGAN KRAJAN RT 03 RW 02 KEL. KEPEL KEC. BUGUL KIDUL KOTA PASURUAN', 'default.jpg', 2045, '1', '2018'),
(186, '10087', 'MUKHAMMAD ZUNAEDI ZABI', 'Laki-Laki', 'Kedung Bendo RT 02 RW 03 Desa Rejoso Lor Kec Rejoso', 'default.jpg', 2045, '1', '2018'),
(187, '10088', 'NICO FIRMANSYAH', 'Laki-Laki', 'JL. HASANUDIN 24 NO. 82 RT. 001/001 KEL. KARANGANYAR KEC. PANGGUNGREJO', 'default.jpg', 2045, '1', '2018'),
(188, '10089', 'PRATAMA PUTRA SETIYO BEKTI PUJI L.', 'Laki-Laki', 'Dsn.  Magersari RT.  04/06 kel pleret kec.  Pohjentrek', 'default.jpg', 2045, '1', '2018'),
(189, '10090', 'RONI BAHRULLOH', 'Laki-Laki', 'DHOMPO RT.004/RW.004 KEL.DHOMPO KEC.KRATON', 'default.jpg', 2045, '1', '2018'),
(190, '10093', 'SULHAN', 'Laki-Laki', 'Dsn Pasirpanjang RT. 001/011 Kel Wates Kec Lekok', 'default.jpg', 2045, '1', '2018'),
(191, '10095', 'UJANG FARKHAN KHANANI', 'Laki-Laki', 'BABATAN RT 1 RW 3 KEL. SAMBISIIRAH KEC. REJOSO KABUPATEN PASURUAN ', 'default.jpg', 2045, '1', '2018'),
(192, '10097', 'YUSUF EFENDI', 'Laki-Laki', 'REGEK RT 01 RW 08 SAMBIREJO KEC. REJOSO KAB. PASURUAN', 'default.jpg', 2045, '1', '2018'),
(193, '9822', 'MUHAMMAD IKSAN', 'Laki-Laki', 'JL.DR WAHIDIN SH.GG MELON NO.18 RT.01 RW.03 KEC.PURWOREJO', 'default.jpg', 2045, '0', '2018'),
(194, '10046', 'ABDUL SHOFIUDDIN', 'Laki-Laki', 'DHOMPO TENGAH RT.002 RW.005 KEL.DHOMPO KEC.KRATON', 'default.jpg', 2046, '1', '2018'),
(195, '10047', 'ACH ZIDAN AL FARISI', 'Laki-Laki', 'JL. KH. ACHMAD DAHLAN 07 RT/RW 07/05 POHJENTREK KEC. PURWOREJO', 'default.jpg', 2046, '1', '2018'),
(196, '10048', 'ACHMAD ZAENI', 'Laki-Laki', 'JL. HASANUDIN Gg 17 RT. 004/002 KEL. KARANGANYAR KEC. PANGGUNGREJO', 'default.jpg', 2046, '1', '2018'),
(197, '10050', 'AKMAL RIZKI PRATAMA', 'Laki-Laki', 'JL.GARUDA 26 RT.05 RW.02 KEL.KANDANGSAPI KEC.PANGGUNGREJO', 'default.jpg', 2046, '1', '2018'),
(198, '10051', 'ARIVALDI GUNAWAN', 'Laki-Laki', 'JL. JENDRAL S.PARMAN RT/RW 001/002 KEL. PANGGUNGREJO KEC. PANGGUNGREJO', 'default.jpg', 2046, '1', '2018'),
(199, '10052', 'BAHRUL ULUM', 'Laki-Laki', 'KASUR RT 06 RW 06 REJOSO PASURUAN', 'default.jpg', 2046, '1', '2018'),
(200, '10053', 'DENI SAPUTRA ', 'Laki-Laki', 'JL.LETJEN SUTOYO 1 RT.004/RW.001 KEL.MANDARANREJO KEC.PANGGUNGREJO', 'default.jpg', 2046, '1', '2018'),
(201, '10056', 'FERIY SETYO BUDI', 'Laki-Laki', 'JL. SUNAN AMPEL I/319 RT. 004/003 KEL. BUGUL KIDUL KEC. ', 'default.jpg', 2046, '1', '2018'),
(202, '10057', 'GUNTUR CAHYO PUTRA', 'Laki-Laki', 'PETAHUNAN GG.3 RT.03 RW.03 KEL.PETAHUNAN KEC.GADINGREJO', 'default.jpg', 2046, '1', '2018'),
(203, '10059', 'HISYAM MAULANA', 'Laki-Laki', 'RT 05 RW 02 REJOSO LOR KECAMATAN REJOSO KABUPATEN PASURUAN', 'default.jpg', 2046, '1', '2018'),
(204, '10061', 'IRVAN MAULANA', 'Laki-Laki', 'WARUNGDOWO UTARA RT.01 RW.03 KEL.WARUNGDOWO KEC.POHJENTREK', 'default.jpg', 2046, '1', '2018'),
(205, '10063', 'M RAMADHAN', 'Laki-Laki', 'Jl. Panglima Sudirman Gg. 14 RT 003 RW 003 Kelurahan Purworejo Kecamatan Purworejo Pasuruan', 'default.jpg', 2046, '1', '2018'),
(206, '10066', 'M.WAHYU ATORIQ', 'Laki-Laki', 'BUNGURAN RT.02 RW.08 DS.PLERET RW.POHJENTREK', 'default.jpg', 2046, '1', '2018'),
(207, '10069', 'MOCHAMMAD AZKARMIN ZAINI AKBAR', 'Laki-Laki', 'JL. MT HARIYONO 2 RT. 002/002 KEL. MANDARANREJO KEC. PANGGUNGREJO', 'default.jpg', 2046, '1', '2018'),
(208, '10070', 'MOCHAMMAD RAMANDA ARIF BUDIMAN', 'Laki-Laki', 'KAJAR KUNING RT. 004/003 KEL. KEFAWUNGWETAN KEC. GRATI', 'default.jpg', 2046, '1', '2018'),
(209, '10071', 'MOKHAMAD FERDIAN HIDAYATULLOH', 'Laki-Laki', 'Jl Patimura IV/61 RT 003 RW 002 Kelurahan Bugul Kidul Kecamatan Bugul Kidul Pasuruan', 'default.jpg', 2046, '1', '2018'),
(210, '10072', 'MUCHAMAD ANSORI', 'Laki-Laki', 'JL.MANGGA PURUT RT.006/RW.001 KEL.PURUTREJO KEC.PURWOREJO', 'default.jpg', 2046, '1', '2018'),
(211, '10073', 'MUCHAMAD CHOIRUL SETYAWAN', 'Laki-Laki', 'JL KH. ACHMAD DAHLAN RT/RW 01/05 POHJENTREK KEC PURWOREJO', 'default.jpg', 2046, '1', '2018'),
(212, '10079', 'MUHAMAD YANUAR ABIDIN', 'Laki-Laki', 'JL.SLAMET RIYADI RT.04 RW.02 KEL.SEBANI KEC.GADINGREJO', 'default.jpg', 2046, '1', '2018'),
(213, '10080', 'MUHAMMAD AKMAL', 'Laki-Laki', 'PANJEN RT.003/RW.001 KEL.PATEGURAN KEC. REJOSO', 'default.jpg', 2046, '1', '2018'),
(214, '10082', 'MUHAMMAD MISBAKHUL MUNIR', 'Laki-Laki', 'WIROGUNAN RT.02 RW.04 KEL.WIROGUNAN KEC.PURWOREJO', 'default.jpg', 2046, '1', '2018'),
(215, '10084', 'MUHAMMAD ROMADHONI ', 'Laki-Laki', 'Jalan Cemara RT 01 RW 03 Kec. PANGGUNGREJO  Kota Pasuruan', 'default.jpg', 2046, '1', '2018'),
(216, '10091', 'SAFRIZAL ILMI', 'Laki-Laki', 'DSN.PENULUPAN RT.01 RW.03 KEL.PARASREJO KEC.POHJENTREK', 'default.jpg', 2046, '1', '2018'),
(217, '10092', 'SAIFUL ROKHMAN', 'Laki-Laki', 'JL.CEMPAKA RT.04 RW.02 KEL.WIROGUNAN KEC.PURWOREJO', 'default.jpg', 2046, '1', '2018'),
(218, '10094', 'SYAHRUL MAULUDIN', 'Laki-Laki', 'JL. CANDI PRAMBANAN HH 09 RT 01 RW 07 KEL BAKALAN KEC BUGUL KIDUL KOTA PASURUAN ', 'default.jpg', 2046, '1', '2018'),
(219, '10096', 'YULFIAN AKHMAD NANDA SETIA', 'Laki-Laki', 'JL SLAMET RIYADI RT/003 RW/004 KEL SEBANI KEC GADINGREJO', 'default.jpg', 2046, '1', '2018'),
(220, '9721', 'ABDUL AZIS', 'Laki-Laki', 'JL BANDA RT4 RW2 KEL GADINGREJO ', 'default.jpg', 2042, '1', '2017'),
(221, '9722', 'ABDUL HOFUR', 'Laki-Laki', 'GONDANGREJO RT. 002/005 KEL. GONDANGREJO KEC. GONDANGWETAN', 'default.jpg', 2042, '1', '2017'),
(222, '9723', 'AKHMAD ADJIE SYAHDANI', 'Laki-Laki', 'JL PATIMURA GG  III /269 RT RW3 KEL BUGUL KIDUL KEC BUGUL KIDUL', 'default.jpg', 2042, '1', '2017'),
(223, '9724', 'AKHMAD ANDRIANSYAH', 'Laki-Laki', 'JL SOEKARNO HATTA 2 NO.24 RT4 RW5', 'default.jpg', 2042, '1', '2017'),
(224, '9725', 'AKHMAD RIZQI RAMADHAN', 'Laki-Laki', 'JL. PATIUNUS RT. 006/002 KEL. KRAMPYANGAN KEC. BUGUL KIDUL', 'default.jpg', 2042, '1', '2017'),
(225, '9726', 'ALFITO DEA PRATAMA', 'Laki-Laki', 'JL KH SENTOT NO 71 RT3 RW2', 'default.jpg', 2042, '1', '2017'),
(226, '9728', 'AUGIEK HILALLUDIN PAMUNGKAS', 'Laki-Laki', 'PLERET RT. 003/005 KEL. PLERET KEC. POHJENTREK', 'default.jpg', 2042, '1', '2017'),
(227, '9729', 'FABBRI FATKHUL ANNAM', 'Laki-Laki', 'PERUM GENDIS ASRI RT. 002/004 KEL. SEKARGADUNG KEC. PURWOREJO', 'default.jpg', 2042, '1', '2017'),
(228, '9731', 'HADYAN AMRULLAH', 'Laki-Laki', 'JL PATIUNUS PASURUAN RT006 TW002 KELURAHAN KRAMPYANGAN KECAMATAN BUGUL KIDUL KOTA PASURUAN', 'default.jpg', 2042, '1', '2017'),
(229, '9732', 'HERDI TRIANSYAH', 'Laki-Laki', 'TEMENGGUNGAN RT. 010/005 KEL. POHJENTREK KEC. PURWOREJO', 'default.jpg', 2042, '1', '2017'),
(230, '9733', 'JADID AWAL FARHANI', 'Laki-Laki', 'JL KYAI SEPUH NO 24  RT4 RW1 KEC GADING REJO', 'default.jpg', 2042, '1', '2017'),
(231, '9735', 'M RIZQY UBAIDILLAH', 'Laki-Laki', 'JL HOS COKRO AMINOTO KEC BUGUL KIDUL RT1 RW2', 'default.jpg', 2042, '1', '2017'),
(232, '9736', 'M. FAUZI', 'Laki-Laki', 'WEDUSAN KIDUL RT. 001/011 KEL. BALUNG ANAYAR KEC. LEKOK ', 'default.jpg', 2042, '1', '2017'),
(233, '9737', 'M. IWAN MAULANA', 'Laki-Laki', 'TUNDOSORO RT. 006/004 KEL. TUNDOSORO KEC. KEJAYAN', 'default.jpg', 2042, '1', '2017'),
(234, '9738', 'MOCH. BIMA ILMAN SYACH', 'Laki-Laki', 'JL. CEMARA RT. 003/008 KEL. BUGUL LOR KEC. PANGGUNGREJO', 'default.jpg', 2042, '1', '2017'),
(235, '9739', 'MOHAMAD MUSLICH', 'Laki-Laki', 'TEMBOK REJO RT005 RW001 KELURAHAN TEMBOK REJO KECAMATAN PURWOREJO KOTA PASURUAN', 'default.jpg', 2042, '1', '2017'),
(236, '9740', 'MOKH AMIRUL MUKMIN', 'Laki-Laki', 'JL URIP SUMOHARJO', 'default.jpg', 2042, '1', '2017'),
(237, '9741', 'MOKHAMMAD ROSI FEBRIANSYAH', 'Laki-Laki', 'JL. KYAI SEPUH GG V RT. 002/006 KEL. GENTONG KEC. GADINGREJO', 'default.jpg', 2042, '1', '2017'),
(238, '9742', 'MUHAMAD HELMI IBRAHIM', 'Laki-Laki', 'JL KH ABD KAMID GANG II RT3 RW1', 'default.jpg', 2042, '1', '2017'),
(239, '9743', 'MUHAMMAD AINUL KHARIS', 'Laki-Laki', 'JL SEDENGAN,ARJOSARI,KRC REJOSO RT4 RW3', 'default.jpg', 2042, '1', '2017'),
(240, '9744', 'MUHAMMAD FAIQUL ILHAM', 'Laki-Laki', 'JL. GATOT SUBROTO RT. 004/007 KEL. BUKIR KEC. GADINGREJO', 'default.jpg', 2042, '1', '2017'),
(241, '9745', 'MUHAMMAD FIQI NUR ROCHMAN', 'Laki-Laki', 'JL. PATIMURA SELATAN RT. 005/003 KEL. BUGUL KIDUL KEC. BUGUL KIDUL', 'default.jpg', 2042, '1', '2017'),
(242, '9747', 'MUHAMMAD YUSRIL KHASAN', 'Laki-Laki', 'JARANGAN RT. 005/001 KEL. JARANGAN KEC. REJOSO', 'default.jpg', 2042, '1', '2017'),
(243, '9748', 'MUKHAMMAD FAJAR YUSRIL AMANI ALI', 'Laki-Laki', 'DSN DADAPAN RT. 002/002 KEL. PATUGURAN KEC. REJOSO', 'default.jpg', 2042, '1', '2017'),
(244, '9749', 'MUKHAMMAD ZAKARIYA', 'Laki-Laki', 'JL.LAMET RIYADI GG.12B RT.01 RW.03  ', 'default.jpg', 2042, '1', '2017'),
(245, '9751', 'SAIFUL ROHMAN', 'Laki-Laki', 'TAMPUNG TENGAH RT.02 RW.06 KEC.LEKOK', 'default.jpg', 2042, '1', '2017'),
(246, '9754', 'SYAIFUDIN ZAKARIYAH', 'Laki-Laki', 'KALIMAS SELATAN DSN BENDUNGAN RT. 003/001 KEL. KRATON KEC. KRATON', 'default.jpg', 2042, '1', '2017'),
(247, '9755', 'TRIFANDI RAMADANI', 'Laki-Laki', 'JL. SLAMET RIYADI GG. 14 RT. 003/003 KEL. GENTONG KEC. GADINGREJO', 'default.jpg', 2042, '1', '2017'),
(248, '9879', 'BAYU SETYO UTOMO', 'Laki-Laki', 'JL. PATIUNUS GG. 30 RT. 001/001 KEL. KRAMPYANGAN KEC. BUGUL KIDUL', '1536120484-Bayu Setyo.jpg', 2063, '1', '2017'),
(249, '9880', 'EKA YUSUF TAUFANI', 'Laki-Laki', 'KRAJAN RT. 001/001 KEL. PANDEAN KEC. REMBANG', '1536120533-Eka Yusuf.jpg', 2063, '1', '2017'),
(250, '9881', 'FAJRUL FALAKH', 'Laki-Laki', 'JL KH AHMAD DAHLAN RT2 RW3', '1536120544-Fajrul Falakh.jpg', 2063, '1', '2017'),
(251, '9883', 'GUNTUR MAULANA PUTRA', 'Laki-Laki', 'PERUM. GRAHA INDAH RT. 002/007 KEL. KRAPYAKREJO KEC. GADINGREJO', '1536120563-Guntur Putra.jpg', 2063, '1', '2017'),
(252, '9884', 'JONI IBRAHIM', 'Laki-Laki', 'JL. CEMARA NO 34 RT001/ RW 008 BUGUL LOR KEC. PANGGUNGREJO', '1536120575-Joni Ibrahim.jpg', 2063, '1', '2017'),
(253, '9886', 'MOCH. KHAFID ARIZAL', 'Laki-Laki', 'PERUM GRAHA INDAH BLOK I NO. 39 RT. 04/07 KEL. KRAPYAKREJO KEC. GADINGREJO', '1536120591-M Khafid Aprizal.jpg', 2063, '1', '2017'),
(254, '9887', 'MOCHAMMAD IQBAL MAULANA', 'Laki-Laki', 'JL. HALMAHERA RT. 002/009 KEL. TRAJENG KEC. PANGGUNGREJO', '1536120602-M Iqbal Maulana.jpg', 2063, '1', '2017'),
(255, '9889', 'MOHAMAT ROJAL', 'Laki-Laki', 'WARUNGDOWO TENGAH RT1 RW3 POHJENTREK', '1536120616-M Rojal.jpg', 2063, '1', '2017'),
(256, '9890', 'MOHAMMAD ANDREANSYAH', 'Laki-Laki', 'PERUM PESONA CANDI PERMAI 3 BLOK T NO 27 KEC PURWOREJO RT6 RW7', '1536120627-M Andreansyah.jpg', 2063, '1', '2017'),
(257, '9891', 'MOKHAMAD SATIO HUTOMO', 'Laki-Laki', 'DSN.MAGERSARI RT.04 RW.06 EC.POHJENTREK', '1536120640-M Satio Hutomo.jpg', 2063, '1', '2017'),
(258, '9892', 'MUCHAMAD YUSRIL MAHENDRA', 'Laki-Laki', 'DSN MAGERSARI RT. 003/006 KEL. PLERET KEC. POHJENTREK', '1536120652-M Yusril Mahendra.jpg', 2063, '1', '2017'),
(259, '9893', 'MUHAMMAD ADITIYA', 'Laki-Laki', 'SADENG REJO,REJOSO KIDUL RT6 RW3', '1536120665-M Aditya.jpg', 2063, '1', '2017'),
(260, '9894', 'MUHAMMAD DAFFA FALIKHUDDIN', 'Laki-Laki', 'JL.RA KARTINI GG.03/75 RT.01 RW.04', '1536120677-M Daffa F.jpg', 2063, '1', '2017'),
(261, '9895', 'MUKHAMMAD RIDUWAN', 'Laki-Laki', 'PEKUNTEN, BAJNGAN,KEC GONDANG WETAN RT2 RW4', '1536120691-M Riduwan.jpg', 2063, '1', '2017'),
(262, '9896', 'NAUVIYATUL KARIMAH', 'Laki-Laki', 'JL.KEDUKUHAN BABATAN NO.15 RT/RW:03/06', '1536120703-nauviyatul Karina.jpg', 2063, '1', '2017'),
(263, '9897', 'NIA SAFITRI', 'Laki-Laki', 'DUSUN GUNUNG BUKOR ,KEC NGULING RT29 RW12', '1536120715-Nia Safitri.jpg', 2063, '1', '2017'),
(264, '9898', 'REDIAN JUNIA ANGGARA', 'Laki-Laki', 'PLINGGISAN RT001/RW001 PLINGGISAN KRATON', '1536120726-Redian Junia.jpg', 2063, '1', '2017'),
(265, '9899', 'RISMA ANGGRAINI', 'Laki-Laki', 'DSN KARANGANYAR RT. 024/010 KEL SUMBERANYAR KEC. NGULING', '1536120741-Risma A.jpg', 2063, '1', '2017'),
(266, '9900', 'RYAN RAMADHAN MULYO', 'Laki-Laki', 'JL. IMAM BONJOL GG. 10 RT. 001/002 KEL. BUGUL LOR KEC. PANGGUNGREJO', '1536120751-Ryan Ramadhan.jpg', 2063, '1', '2017'),
(267, '9901', 'SAIFUL ANWAR', 'Laki-Laki', 'DADAPAN RT. 002/002 KEL. PATUGURAN KEC. REJOSO', '1536120762-Saiful Anwar.jpg', 2063, '1', '2017'),
(268, '9902', 'SARIF HIDAYATULLOH', 'Laki-Laki', 'DSN.GESING RT.01 RW.02 KEC LEKOK', '1536120772-Sarif H.jpg', 2063, '1', '2017'),
(269, '9903', 'SITI FATIMAH', 'Laki-Laki', 'JL SUMBERREJO KEC GONDANG WETAN RT3 RW4', '1536120782-Siti Fatimah.jpg', 2063, '1', '2017'),
(270, '9904', 'WAHYU ADIN PANGESTU ', 'Laki-Laki', 'JL PARASREJO RT12 RW5', '1536120793-Wahyu Adin P.jpg', 2063, '1', '2017'),
(271, '9848', 'ABD WAHID AL FAIZIN', 'Laki-Laki', 'DHOMPO SELATAN RT.001 RW.006 KEC. KRATON', 'default.jpg', 2053, '1', '2017'),
(272, '9849', 'ACHMAD PRASTIYO', 'Laki-Laki', 'DOROPAYUNG RT.04 RW.03', '1536121181-Achmad Prasetyo.jpg', 2053, '1', '2017'),
(273, '9850', 'AKHMAD SYAHRUL ANANG', 'Laki-Laki', 'DSN.SEKAR KRAJAN RT.001 RW.005 KEC. GONDANG WETAN', '1536121193-Akhmad Syahrul Anang.jpg', 2053, '1', '2017'),
(274, '9851', 'AKHMAD VERY IRAWAN', 'Laki-Laki', 'SEKAR KRAJAN KEC GONDANGWETAN RT1 RW5', '1536121207-Akhmad Very Irawan.jpg', 2053, '0', '2017'),
(275, '9852', 'ANDIK PRASETYO', 'Laki-Laki', 'WARUNG DOWO TIMUR RT.01 RW.10 KEC POHJENTREK', '1536121218-Andik Pras.jpg', 2053, '1', '2017'),
(276, '9853', 'ANDREAS ANTONI RIVADI', 'Laki-Laki', 'PURI CANDI PERMAI BLOK G-19 RT. 005/006', 'default.jpg', 2053, '1', '2017'),
(277, '9854', 'ANGGA DIMAS KURNIAWAN', 'Laki-Laki', 'JL. SLAMET RIYADI RT. 005/002 KEL. SEBANI KEC. GADINGREJO', '1536121247-Angga Dimas K.jpg', 2053, '1', '2017'),
(278, '9855', 'BAHRUL ULUM', 'Laki-Laki', 'JL. MARGO TARUNO RT. 004/007 KEL. KEBONAGUNG KEC. PURWOREJO', '1536121259-Bahrul Ulum.jpg', 2053, '1', '2017'),
(279, '9856', 'CANDRA FIRMANTO', 'Laki-Laki', 'KARANGWINGKO RT3 RW6 WIROGUNAN', '1536121272-Candra F.jpg', 2053, '1', '2017'),
(280, '9857', 'DIMAS SAPUTRA', 'Laki-Laki', 'JLKRIKILAN DS KRIKILAN RT2 RW10 KEC NGORO', '1536121285-Dimas Syahputra.jpg', 2053, '1', '2017'),
(281, '9858', 'FEBI LAICHROMI', 'Laki-Laki', 'JL SLAMET RIYADI RT2 RW3 KEC GADINGREJO', '1536121318-Febi L.jpg', 2053, '1', '2017'),
(282, '9860', 'IQBAL REZA MUBARAQ', 'Laki-Laki', 'WATU GEDE RT. 005/002 KEL. GERONGAN KEC. KRATON', '1536121330-Iqbal Reza M.jpg', 2053, '1', '2017'),
(283, '9861', 'KHOIRUL ANAM', 'Laki-Laki', 'JL JENDRAL S PARMAN RT2 RW2', '1536121348-Khoirul Anam.jpg', 2053, '1', '2017'),
(284, '9863', 'MOCHAMMAD CHOIRUL ANAM', 'Laki-Laki', 'JL. DR. WAHHIDIN S. HUSODO UTARA 7 RT. 002/002 KEL. PETAMANAN KEC. PANGGUNGREJO', '1536121360-M Khoirul Anam.jpg', 2053, '1', '2017'),
(285, '9864', 'MUCHAMAD MASHUDI', 'Laki-Laki', 'DSN MOYO PASREPAN RT1 RW4', '1536121375-M Mashudi.jpg', 2053, '1', '2017'),
(286, '9865', 'MUHAMMAD ARIF ZAKARIA', 'Laki-Laki', 'JL.HANGTUAH RT.05 RW.09', 'default.jpg', 2053, '1', '2017'),
(287, '9866', 'MUHAMMAD FITRA ARDIANSYAH', 'Laki-Laki', 'JL. RADEN PATAH NO. 24 PASURUAN', '1536121419-M. Fitrah A.jpg', 2053, '1', '2017'),
(288, '9867', 'MUHAMMAD RISKI', 'Laki-Laki', 'DOROPAYUNG, SEKARGADUNG,KEC PURWOREJO RT3 RW3', '1536121435-M Riski.jpg', 2053, '1', '2017'),
(289, '9868', 'MUKHAMAD RIZQI MAHARDIKA', 'Laki-Laki', 'DSN TELBUK RT. 002/005 KEL. KAWISREJO KEC. REJOSO', '1536121449-M. Rizqi Mahardika.jpg', 2053, '1', '2017'),
(290, '9869', 'MUKHAMMAD DAVID', 'Laki-Laki', 'DS.SEKARGADUNG RT.04 RW.03', '1536121465-M. David.jpg', 2053, '1', '2017'),
(291, '9870', 'MUKHAMMAD MASYKUR', 'Laki-Laki', 'DUSUN JARANGAN RT4 RW1', '1536121478-M Masykur.jpg', 2053, '1', '2017'),
(292, '9871', 'MUKHAMMAD TAUFIQ HIDAYAT', 'Laki-Laki', 'DADAPAN PATUGURAN RT. 003/002 KEL. PATUGURAN KEC. REJOSO', '1536121493-M Taufiq H.jpg', 2053, '1', '2017'),
(293, '9872', 'NURUL HUDA', 'Laki-Laki', 'NGERONG RT. 001/001 KEL. KLINTER KEC. KEJAYAN', '1536121508-Nurul Huda.jpg', 2053, '1', '2017'),
(294, '9874', 'RUDI ARDIANSYAH', 'Laki-Laki', 'KRAJAN SELATAN RT. 001/001 KEL. GEJUGJATI KEC. LEKOK', '1536121520-Rudi Ardiansyah.jpg', 2053, '1', '2017'),
(295, '9875', 'SOFIAN NABILAL AKBAR', 'Laki-Laki', 'JL.UNTUNNG SURAPATI PURUT REJO RT.03 RW.01', '1536121532-Sofiyan Nabilal A.jpg', 2053, '1', '2017'),
(296, '9876', 'TAUFIK QURRAHMAN SALEH', 'Laki-Laki', 'JL. HALMAHERA XI RT. 005/005 KEL. GADINGREJO KEC. GADINGREJO', '1536121543-Taufiq Qurahman S.jpg', 2053, '1', '2017'),
(297, '9757', 'ABDULLOH', 'Laki-Laki', 'PADE`AN JARANGAN RT.01 RW.03HKEC REJOSO', '1536121741-Abdulloh.jpg', 2047, '1', '2017'),
(298, '9759', 'ABI MAULANA', 'Laki-Laki', 'JL TEMENGGUNGAN ,POHJENTREK,KEC PURWOREJO RT6 RW5', '1536121759-Abi Maulana.jpg', 2047, '1', '2017'),
(299, '9760', 'ACHMAD FADLI', 'Laki-Laki', 'JL PANGLIMA SUDIRMAN 14 RT3 RW3 PASURUAN', '1536121772-Achmad Fadli.jpg', 2047, '1', '2017'),
(300, '9764', 'ACHMAD SOLICHAN', 'Laki-Laki', 'DSN BUNGURAN RT. 003/008 KEL. PLERET KEC. POHJENTREK', '1536121782-Achmad Solichan.jpg', 2047, '1', '2017'),
(301, '9765', 'ACHMAD YASIN NUR FAHMI', 'Laki-Laki', 'JL. KH. AHMAD DAHLAN 19 RT. 008/005 KEL. POHJENTREK KEC. PURWOREJO', '1536121794-Achmad yasin Nur F.jpg', 2047, '1', '2017'),
(302, '9767', 'AGUNG PRASETYO', 'Laki-Laki', 'JL.DR.WAHIDIN SUDIRO HUSODO GG V/4 24 RT.03 RW.02', '1536121804-Agung Pras.jpg', 2047, '1', '2017'),
(303, '9771', 'AKHMAD KHUSNI ROMDHONI', 'Laki-Laki', '-', '1536121815-Akhmad Khusni R.jpg', 2047, '1', '2017'),
(304, '9772', 'AKHMAD RIZAL SUBAWEH', 'Laki-Laki', 'DOROPAYUNG RT. 002/004 KEL. SEKARGADUNG KEC. PURWOREJO', '1536121830-Akhmad Rizal Subaweh.jpg', 2047, '1', '2017'),
(305, '9782', 'EKO RACHMADANI', 'Laki-Laki', 'JL SUNAN AMPEL NO 46 RT6 RW1', '1536121843-Eko Rachmadani.jpg', 2047, '1', '2017'),
(306, '9784', 'FATKHUR ROCHMAN', 'Laki-Laki', 'SEDODOL RT.02 RW.04 KEC KRATON', '1536121863-Fatkhur Rokhman.jpg', 2047, '1', '2017'),
(307, '9791', 'IS\'ADUR ROFIQ', 'Laki-Laki', 'BANTENGAN RT. 006/003 KEL. SADENGREJO KEC. REJOSO', '1536121877-Isadur Rofiq.jpg', 2047, '1', '2017'),
(308, '9796', 'M REYNALDI PUTRA ', 'Laki-Laki', 'JL IRIAN JAYA KEC GADINGREJO RT2 RW2', '1536121940-M Reynaldi P.jpg', 2047, '1', '2017'),
(309, '9799', 'M. ANGGA SYARIFUDDIN', 'Laki-Laki', 'KRAJAN RT. 003/003 KEL. TAMBAKSARI KEC. KRATON', '1536121995-M Angga Syarifudin.jpg', 2047, '1', '2017'),
(310, '9806', 'MOCH. CHILMI AFIZAR', 'Laki-Laki', 'JL. IR. H. JUANDA RT. 002/003 KEL. TAPAAN KEC. BUGUL KIDUL', 'default.jpg', 2047, '1', '2017'),
(311, '9808', 'MOCHAMAD HAFIZD', 'Laki-Laki', 'JL. HANGTUAH XC RT. 001/001 KEL. NGEMPLAKREJO KEC. PANGGUNGREJO', '1536122026-M Hafizd.jpg', 2047, '1', '2017'),
(312, '9816', 'MUCHAMAD TRYO BUDIANTO', 'Laki-Laki', 'DSN BUGORO DESA BUKIR RT4 RW7 KEC GADINGREJO', '1536122077-M Tryo Budianto.jpg', 2047, '1', '2017'),
(313, '9823', 'MUHAMMAD IRFAN WIDIANTO', 'Laki-Laki', 'DSN BANTENGAN RT. 006/003 KEL. SADENGREJO KEC. REJOSO', '1536122111-M Irfan Widianto.jpg', 2047, '1', '2017'),
(314, '9824', 'MUHAMMAD RIDHO MAULUDDIN', 'Laki-Laki', 'JL. DR. WAHIDIN SUDIRO HUSODO RT. 001/001 KEL. PETAMANAN KEC. PANGGUNGREJO', '1536122122-M Ridho Mauludin.jpg', 2047, '1', '2017'),
(315, '9827', 'MUKHAMAD FARKHAN FUADI', 'Laki-Laki', 'PETAHUNAN RT. 003/002 KEL. KETEGAN KEC. REJOSO', '1536122138-M Farkhan Fuadi.jpg', 2047, '1', '2017'),
(316, '9832', 'NUR AKBAR FAHUDIN', 'Laki-Laki', 'JL. MALUKU NO 47 RT002/ RW003 TRAJENG KEC. PANGGUNGREJO', '1536122200-Nur Akbar F.jpg', 2047, '1', '2017'),
(317, '9834', 'RAHMAT WILDAN SIDDIQI', 'Laki-Laki', 'JL KYAI SEPUH RT4 RW1 GADING REJO', '1536122215-Rahmat Wildan S.jpg', 2047, '1', '2017'),
(318, '9837', 'SATRIA PERMANA WIBISONO', 'Laki-Laki', 'TUNGGAAN II RT. 001/005 KEL. KRATON KEC. KRATON', '1536122236-Satria Permana.jpg', 2047, '1', '2017'),
(319, '9841', 'SULTHON ARIF', 'Laki-Laki', 'JL MAWAR GG II/27 RT4 RW8, KEBONSARI', '1536122250-Sulton Arif.jpg', 2047, '1', '2017'),
(320, '9846', 'ZAINUL HASAN', 'Laki-Laki', 'J.MT HAYONO GG.16 MANDARANREJO RT.02 RW.01 EC PANGGONG REJO', '1536122263-Zainul Hasan.jpg', 2047, '1', '2017'),
(321, '9847', 'ZAINUL MUNIR', 'Laki-Laki', 'PLERET RT. 003/003 KEL. PLERET KEC. POHJENTREK', '1536122275-Zainul Munir.jpg', 2047, '1', '2017'),
(322, '9756', 'ABDUL ROKHIM', 'Laki-Laki', 'DSN GONDANG DS. LEBAK RT. 002/003 KEC. WINONGAN', 'default.jpg', 2048, '1', '2017'),
(323, '9763', 'ACHMAD SADIDUL FIKAR', 'Laki-Laki', 'PETAHUNAN RT.05 RW.01 KEC.GADINGREJO', 'default.jpg', 2048, '1', '2017'),
(324, '9766', 'AGUNG PRASETYA', 'Laki-Laki', 'JL. PATIUNUS VII RT. 001/002 KEL. BUGUL KIDUL KEC. BUGUL IDUL', 'default.jpg', 2048, '1', '2017'),
(325, '9768', 'AHMAD FAUZI AKBAR', 'Laki-Laki', 'JL. MALUKU II/31 RT. 002/003 KEL. TRAJENG KEC. PANGGUNGREJO', 'default.jpg', 2048, '1', '2017'),
(326, '9774', 'ANDIKA RACHMAD ISWARDI', 'Laki-Laki', 'DSN KRAJAN RT. 004/002 KEL. KEDUNGBAKO KEC. REJOSO', 'default.jpg', 2048, '1', '2017'),
(327, '9775', 'ANGGA PLADIGTA LIKANANG', 'Laki-Laki', 'SLADI-GAYAM RT3 RW1', 'default.jpg', 2048, '1', '2017'),
(328, '9779', 'BAYU ADI PRASETYO', 'Laki-Laki', 'JL PASARINGIN RT5 RW4 ,POHJENTREK', 'default.jpg', 2048, '1', '2017'),
(329, '9780', 'BIRUL ALIM', 'Laki-Laki', 'PADEAN RT. 003/003 KEL. JARANGAN KEC. REJOSO', 'default.jpg', 2048, '1', '2017'),
(330, '9787', 'IKHSAN ROSIDI', 'Laki-Laki', 'WARUNGDOWO RT003/RW007 POHJENTREK', 'default.jpg', 2048, '1', '2017'),
(331, '9790', 'INDRA WAHYUDI', 'Laki-Laki', 'DSN.GAYAM R.03 RW.01 DESA SLADI KEC KEJAYAN', 'default.jpg', 2048, '1', '2017'),
(332, '9792', 'KHISBULLAH', 'Laki-Laki', 'JL HANGTUAH GG IX', 'default.jpg', 2048, '1', '2017'),
(333, '9797', 'M SAIFUDIN', 'Laki-Laki', 'JLIR H JUANDA RT1 RW5 BUGULKIDUL', 'default.jpg', 2048, '1', '2017'),
(334, '9801', 'M.SAIFUDIN', 'Laki-Laki', 'JL.SULAWESI UTARA RT4 RW11', 'default.jpg', 2048, '1', '2017'),
(335, '9810', 'MOCHAMAD SAFIQ', 'Laki-Laki', 'JL. HASANUDIN GG 5 RT. 007/003 KEL. KARANGANYAR KEC. PANGGUNGREJO', 'default.jpg', 2048, '1', '2017'),
(336, '9813', 'MOHAMMAD ZAINULLAH', 'Laki-Laki', 'JL. JAMBANGAN 2 RT. 007/002 KEL. PURWOREJO KEC. PURWOREJO', 'default.jpg', 2048, '1', '2017'),
(337, '9815', 'MOKHAMMAD RISQI', 'Laki-Laki', 'JL DARMOYUDO A NO.1A KEC PURWOREJO RT3 RW1', 'default.jpg', 2048, '1', '2017'),
(338, '9817', 'MUCHAMMAD HARUN', 'Laki-Laki', 'DSN MAGERSARI RT. 001/006 KEL. PLERET KEC. POHJENTREK', 'default.jpg', 2048, '1', '2017'),
(339, '9818', 'MUCHAMMAD NURIS', 'Laki-Laki', 'JL PANGLIMA SUDIRMAN 15 RT2 RW 3 KEL PURWOREJO', 'default.jpg', 2048, '1', '2017'),
(340, '9828', 'MUKHAMAD INWAN', 'Laki-Laki', 'JL DUSUN POPOH DESA REJOSO KIDUL RT20 RW10 KEC REJOSO', 'default.jpg', 2048, '1', '2017'),
(341, '9830', 'MUKHAMMAD AINUS SUBKHI', 'Laki-Laki', 'TIRMO-KEMANTRENREJO RT. 004/004 KEL. KEMANTRENREJO KEC. REJOSO', 'default.jpg', 2048, '1', '2017'),
(342, '9835', 'SAFARUDIN', 'Laki-Laki', 'HALMAHERA RT5 RW5', 'default.jpg', 2048, '1', '2017'),
(343, '9839', 'SOLEHUDIN', 'Laki-Laki', 'JL. MT. HARYONO GG. 16B NO. 4 RT. 005/001 KEL. MANDARANREJO KEC. PANGGUNGREJO', 'default.jpg', 2048, '1', '2017'),
(344, '9842', 'TEGAR ADI WIBISONO', 'Laki-Laki', 'JL.IRIAN JAYA/ANGGREK RT.02 RW.02 KEC GADINGREJO', 'default.jpg', 2048, '1', '2017'),
(345, '9844', 'YUSUF RAGIL SAPUTRA', 'Laki-Laki', 'JL SLAMET RIYADI RT9 RW8 PURWOREJO', 'default.jpg', 2048, '1', '2017'),
(346, '9762', 'ACHMAD HAMDAN ROZAQI', 'Laki-Laki', 'JL.SUNAN AMPL NO.10 RT.05 RW.O1 DS.PEKUNCEN KEC.PANGGUNGREJO', 'default.jpg', 2049, '1', '2017'),
(347, '9770', 'AKH RAHMADANI', 'Laki-Laki', 'WARUNGDOWO, POHJENTREK RT1 RW3', 'default.jpg', 2049, '1', '2017'),
(348, '9777', 'ARKA NANTA ANDIKA', 'Laki-Laki', 'JL. MT. HARYONO RT. 005/005 KEL. BUGULOR KEC. PANGGUNGREJO', 'default.jpg', 2049, '1', '2017'),
(349, '9778', 'AZAM FATKHULLOH', 'Laki-Laki', 'DSN TEMON KEL. PATUGURAN RT. 004/001 KEC. REJOSO', 'default.jpg', 2049, '1', '2017'),
(350, '9781', 'DANANG PUTRA RAMADHAN', 'Laki-Laki', 'JL CEMARA GG V/88 RT1 RW8', 'default.jpg', 2049, '1', '2017'),
(351, '9783', 'FAHMI ILMIYAWAN', 'Laki-Laki', 'DUSUN BUARAN-MANIKREJO KEC REJOSO RT1 RW1', 'default.jpg', 2049, '1', '2017');
INSERT INTO `tbl_warga` (`id_warga`, `niw`, `nama_warga`, `jekel_warga`, `alamat_warga`, `foto_warga`, `id_rumah`, `aktif_warga`, `angkatan_warga`) VALUES
(352, '9785', 'FIRMAN MAULANA', 'Laki-Laki', 'JL WARONGDOWO SELATAN RT1 RW9 KEC POHJENTREK', 'default.jpg', 2049, '1', '2017'),
(353, '9786', 'HIDAYATULLOH', 'Laki-Laki', 'LOHDUWUR RT. 004/003 KEL. PLERET KEC, POHJENTREK', 'default.jpg', 2049, '1', '2017'),
(354, '9788', 'IMAM MAHDI', 'Laki-Laki', 'JL KH MANSUR RT1 RW1 KEC PURWOREJO', 'default.jpg', 2049, '1', '2017'),
(355, '9793', 'M ANGGA MAULANA BHAKTIAR', 'Laki-Laki', 'JL DARMOYUDO A NO 27C RT3 RW1 KEC PURWOREJO', 'default.jpg', 2049, '1', '2017'),
(356, '9794', 'M FIRMANSYAH', 'Laki-Laki', 'JL MT HARYONO GG 14 RT4 RW2 MANDARAN REJO', 'default.jpg', 2049, '1', '2017'),
(357, '9795', 'M MUKHLIS SIDIN', 'Laki-Laki', 'KASURAN RT.03 RW.06 KEC.REJOSO', 'default.jpg', 2049, '1', '2017'),
(358, '9803', 'MASRURIN AFIFI', 'Laki-Laki', 'DSN TRIMO DS KEMANTREN REJO KEC REJOSO RT2 RW4', 'default.jpg', 2049, '1', '2017'),
(359, '9805', 'MOCH SYAIFUR ROHMAN', 'Laki-Laki', 'JL KLOJEN RT2 RW3 KEC KEJAYAN', 'default.jpg', 2049, '1', '2017'),
(360, '9807', 'MOCHAMAD AINUL YAQIN', 'Laki-Laki', 'JL. ERLANGGA GG 8 RT. 006/005 KEL. PURWREJO KEC. PURWOREJO', 'default.jpg', 2049, '1', '2017'),
(361, '9809', 'MOCHAMAD IRFAN FIRMANSYAH', 'Laki-Laki', 'JL KH ABDUL KHAMID', 'default.jpg', 2049, '1', '2017'),
(362, '9812', 'MOHAMAD BAIHAQI ZUHRI', 'Laki-Laki', 'TEMBOKREJO RT. 003/002 KEL. TEMBOKREJO KEC. PURWOREJO', 'default.jpg', 2049, '1', '2017'),
(363, '9814', 'MOKHAMAD JAINUL ARIFIN', 'Laki-Laki', 'JL. PATIUNUS G 22/22 RT. 003/001 KEL. KRAMPYANGAN KEC. BUGUL KIDUL', 'default.jpg', 2049, '1', '2017'),
(364, '9825', 'MUHAMAD SYA\'RONI', 'Laki-Laki', 'JL MT HARYONO GG 24 RT6 RW5', 'default.jpg', 2049, '1', '2017'),
(365, '9821', 'MUHAMMAD IDHAM KHOLID', 'Laki-Laki', 'JLLIRBOYO-REJOSOLOR', 'default.jpg', 2049, '1', '2017'),
(366, '9826', 'MUKHAMAD FAHMI RIZAL', 'Laki-Laki', 'DSN PLERET RT. 003/003 KEL. PLERET KEC. POHJENTREK', 'default.jpg', 2049, '1', '2017'),
(367, '9831', 'MUKHAMMAD KHAFID SEPTIAWAN', 'Laki-Laki', 'JL. GAJAH MADA RT. 002/004 KEL. KEBONSARI KEC. PANGGUNGREJO', 'default.jpg', 2049, '1', '2017'),
(368, '9833', 'NUR M. ISKANDAR', 'Laki-Laki', 'DSN. SURUH RT. 001/001 KEL. KEDUNG BAKO KEC. REJOSO', 'default.jpg', 2049, '1', '2017'),
(369, '9836', 'SAMSUL MAARIF', 'Laki-Laki', 'DSN.PADE`AN RT.01 RW.03 KEC.REJOSO', 'default.jpg', 2049, '1', '2017'),
(370, '9838', 'SOFYAN ANDIANTO', 'Laki-Laki', 'JL. MARGO TARUNO GAYAMAN NO. 35 RT. 003/003', 'default.jpg', 2049, '1', '2017'),
(371, '9845', 'ZAINAL ARIFIN', 'Laki-Laki', 'JL.MT HARYONO GG.16 MANDARANREJO RT.05 RW.01 KEC PANGGONG REJO', 'default.jpg', 2049, '1', '2017'),
(372, '9908', 'ACHMAD ROSYADI', 'Laki-Laki', 'JL.DR.WAHIDIN SH X/9 RT.05 RW.01', 'default.jpg', 2057, '1', '2017'),
(373, '9912', 'AHMAD NAJIH MAKARIM', 'Laki-Laki', 'LIRBOYO RT. 002/002 KEL. REJOSOLOR KEC. REJOSO', 'default.jpg', 2057, '1', '2017'),
(374, '9920', 'ANDI NUR WANTO', 'Laki-Laki', 'JL HANGTUAH IX TEGAL PONGO RT1 RW9 ,NGEMPLAK', 'default.jpg', 2057, '1', '2017'),
(375, '9921', 'ANDREAS YOGA PRATAMA', 'Laki-Laki', 'JL. GATOT SUBROTO RT. 003/004 KEL. PETAHUNAN KEC. GADINGREJO', 'default.jpg', 2057, '1', '2017'),
(376, '9926', 'CHOIRUL ANAM', 'Laki-Laki', 'JL.TEMENGGUNGAN RT.07 RW.05 KEC PURWOREJO', 'default.jpg', 2057, '1', '2017'),
(377, '9927', 'DEDI SETIAWAN', 'Laki-Laki', 'MUNENG RT. 002/004 KEL. BENDUNGAN KEC. KRATON', 'default.jpg', 2057, '1', '2017'),
(378, '9931', 'FATICHUL JINAN', 'Laki-Laki', 'GAYAM RT. 003/001 KEL. SLADI KEC. KEJAYAN', 'default.jpg', 2057, '1', '2017'),
(379, '9933', 'FIRDAUS ARDIANSYAH', 'Laki-Laki', 'GAPUK RT2 RW2', 'default.jpg', 2057, '1', '2017'),
(380, '9942', 'M. ILHAM FEBRIANTO', 'Laki-Laki', 'JL. SLAMET RIYADI RT. 003/004 KEL. SEBANI KEC. GADINGREJO', 'default.jpg', 2057, '1', '2017'),
(381, '9943', 'M. KHOSIIN', 'Laki-Laki', 'BENER TIMUR RT003/RW001 BENERWOJO KEJAYAN', 'default.jpg', 2057, '1', '2017'),
(382, '9945', 'MALIKHUL KARIM', 'Laki-Laki', 'JL BATOKAN TAMBAK REJO KRATON RT1 RW2', 'default.jpg', 2057, '1', '2017'),
(383, '9946', 'MISBAHUL MUNIR', 'Laki-Laki', 'DUSUN JETIS RT004/RW003 DHOMPO KRATON', 'default.jpg', 2057, '1', '2017'),
(384, '9948', 'MOCH. MIFTAKHUL HUDA', 'Laki-Laki', 'JL. LAKS RE MARTADINATA RT. 002/001 KEL. MAYANGAN KEC. PANGGUNGREJO', 'default.jpg', 2057, '1', '2017'),
(385, '9950', 'MOCHAMAD ARKOM', 'Laki-Laki', 'JL. ERLANGGA GG. 8 RT. 006/005 KEL. PURWOREJO KEC. PURWOREJO', 'default.jpg', 2057, '1', '2017'),
(386, '9951', 'MOCHAMMAD IRFANI', 'Laki-Laki', 'JL KALIMANTAN BELAKANG LIMA JARI RT2 RW11 KEL. TRAJENG KEC. PANGGUNGREJO', 'default.jpg', 2057, '1', '2017'),
(387, '9955', 'MOKHAMMAD LUTFI', 'Laki-Laki', 'DUSUN PENAMBANGAN RT 3 RW1', 'default.jpg', 2057, '1', '2017'),
(388, '9956', 'MOKHAMAD BAHARUDIN', 'Laki-Laki', 'JL KI HAJAR DEWANTARA RT3 RW4 KEC PURWOREJO', 'default.jpg', 2057, '1', '2017'),
(389, '9960', 'MUCHAMMAD ABDUL MUSYAWIR', 'Laki-Laki', 'JL.HANGTUAH XIII A RT.06 RW.05 KEC PANGGUNG REJO', 'default.jpg', 2057, '1', '2017'),
(390, '9965', 'MUHAMMAD ARIF BUDIMAN', 'Laki-Laki', 'JL. GATOT SUBROTO RT. 001/008 KEL. RANDUSARI KEC. GADINGREJO', 'default.jpg', 2057, '1', '2017'),
(391, '9967', 'MUHAMMAD IFAN NUR FIRMANSYAH', 'Laki-Laki', 'JL URIP SUMOHARJO KEC GADINGREJO RT2 RW1', 'default.jpg', 2057, '1', '2017'),
(392, '9970', 'MUKHAMAD FATKHUR ROCHMAN', 'Laki-Laki', 'JL. KH. SENTOT RT. 002/002 KEL. TEMBOKREJO KEC. PURWOREJO', 'default.jpg', 2057, '1', '2017'),
(393, '9976', 'MUKHAMMAD RACHMAT KURNIANTO', 'Laki-Laki', 'KEDUNGBENDO, REJOSO LOR RT4 RW3', 'default.jpg', 2057, '1', '2017'),
(394, '9979', 'RAHMAT WAHYU NUGROHO', 'Laki-Laki', 'JLDS GONDANG WETAN RT2 RW3', 'default.jpg', 2057, '1', '2017'),
(395, '9986', 'SOFYAN SWAURI', 'Laki-Laki', 'DSN ROWO RT. 002/003 KEL. ROWO GEMPOL KEC. LEKOK', 'default.jpg', 2057, '1', '2017'),
(396, '9991', 'ULUL ADZMI', 'Laki-Laki', 'JL PADEAN,NJARANGAN,KEC REJOSO', 'default.jpg', 2057, '1', '2017'),
(397, '9992', 'VITO RIZALDY MAULANA', 'Laki-Laki', 'JL CEMARA GG III/81 RT1 RW8', 'default.jpg', 2057, '1', '2017'),
(398, '9907', 'ACHMAD NANDA SUSWANTO', 'Laki-Laki', 'JAMBANGAN II RT. 007/002 KEL. PURWOREJO KEC. PURWOREJO', 'default.jpg', 2058, '1', '2017'),
(399, '9914', 'AKHMAD ALFARIZZI', 'Laki-Laki', 'JL HASANUDIN NO 20 RT8 RW3 DS KARANGANYAR KEC PANGGUNGREJO', 'default.jpg', 2058, '1', '2017'),
(400, '9916', 'AKHMAD NAUFAL', 'Laki-Laki', 'JL. HANGTUAH RT. 004/001 KEL. TRAJENG KEC. PANGGUNGREJO', 'default.jpg', 2058, '1', '2017'),
(401, '9917', 'ALIF SALMAN IBRAHIM', 'Laki-Laki', 'JL. LAKS. RE MARTADINATA RT. 002/001 KEL. MAYANGAN KEC. PANGGUNGREJO', 'default.jpg', 2058, '1', '2017'),
(402, '9923', 'BAGUS ALI MUHSININ', 'Laki-Laki', 'JL SLAMET RIYADI RT2 RW4', 'default.jpg', 2058, '1', '2017'),
(403, '9924', 'BAGUS TRI BASKORO', 'Laki-Laki', 'PLINGGISAN RT3 RW3', 'default.jpg', 2058, '1', '2017'),
(404, '9925', 'BILI TIFAQ AHMAD KHAMID', 'Laki-Laki', 'JL. KYAI SENTOT RT. 003/002 KEL. TEMBOKREJO KEC. PURWOREJO', 'default.jpg', 2058, '1', '2017'),
(405, '9928', 'DZULKIFLI HASYIM', 'Laki-Laki', 'KARANGKETUG RT. 006/003 KEL. KARANGKETUG KEC. GADINGREJO', 'default.jpg', 2058, '1', '2017'),
(406, '9929', 'ERIK APRILIANTO', 'Laki-Laki', 'JL. MARGO TARUNO RT. 001/001 KEL. KEBONAGUNG KEC. PURWOREJO', 'default.jpg', 2058, '1', '2017'),
(407, '9937', 'IQBAL FIKRI KURNIAWAN', 'Laki-Laki', 'PLALANGAN RT. 02/02 KEL. WONOJATI KEC. GONDANGWETAN', 'default.jpg', 2058, '1', '2017'),
(408, '9938', 'JONI PRANATA', 'Laki-Laki', 'BANTENGAN RT5 RW1 DESA SADENG REJO', 'default.jpg', 2058, '1', '2017'),
(409, '9939', 'JUNAIDI', 'Laki-Laki', 'KERTOSARI RT. 002/003 KEL. KRATON KEC. KRATON', 'default.jpg', 2058, '1', '2017'),
(410, '9941', 'M DEVARI VANDELA', 'Laki-Laki', 'JLGATOT SUBROTO RT2 RW3', 'default.jpg', 2058, '1', '2017'),
(411, '9947', 'MOCH. DHEDDY AKBAR SANTOSO', 'Laki-Laki', 'JL.WAHIDIN SUDIRO HUSODO GG.X-A RT.04 RW.04', 'default.jpg', 2058, '1', '2017'),
(412, '9958', 'MUCHAMAD RIZQI', 'Laki-Laki', 'JL. SULAWESI GG. 4 NO. 27 RT. 003/002 KEL. TRAJENG KEC. PANGGUNGREJO', 'default.jpg', 2058, '1', '2017'),
(413, '9959', 'MUCHAMAD YUNUS', 'Laki-Laki', 'JLGATOT SUBROTO RT/RW 001/001 KEC GADING TEJO', 'default.jpg', 2058, '1', '2017'),
(414, '9961', 'MUCHAMMAD ARI SURYADI', 'Laki-Laki', 'JL. MARGO TARUNO 70 RT. 005/001 KEL. PURWOREJO KEC. PURWOREJO', 'default.jpg', 2058, '1', '2017'),
(415, '9962', 'MUH. ALI MUHSIN', 'Laki-Laki', 'JETIS RT. 001/003 KEL. DHOMPO KEC. KRATON', 'default.jpg', 2058, '1', '2017'),
(416, '9974', 'MUKHAMMAD NOER WAKHID', 'Laki-Laki', 'JL.SASTRO SUROTOKO RT.2 RW.3 KEC.PURWOREJO', 'default.jpg', 2058, '1', '2017'),
(417, '9975', 'MUKHAMMAD NURIL ANWAR', 'Laki-Laki', 'DUSUN SEKARPUTIH RT. 006/001 KEL. PATUGURAN KEC. REJOSO', 'default.jpg', 2058, '1', '2017'),
(418, '9978', 'RACHMAD SUDRAJAD AKBAR', 'Laki-Laki', 'DSN KRAJAN DS SLADI PASURUAN', 'default.jpg', 2058, '1', '2017'),
(419, '9981', 'REFANZA DWI CHAIRUL', 'Laki-Laki', 'JL. LETJEN SUTOYO RT. 003/001 KEL. MANDARANREJO KEC. PANGGUNGREJO', 'default.jpg', 2058, '1', '2017'),
(420, '9984', 'RONALDO PRASETYO', 'Laki-Laki', 'JL. KI HAJAR DEWANTARA 15-A RT. 011/005 KEL. TEMBOKREJO KEC. PURWOREJO', 'default.jpg', 2058, '1', '2017'),
(421, '9985', 'RUDI SETIAWAN', 'Laki-Laki', 'TANJUNG DS KEMANTREN REJO KECAMATAN REJOSO RT3 RW3', 'default.jpg', 2058, '1', '2017'),
(422, '9987', 'SYAFIUDIN', 'Laki-Laki', 'KRAJAN UTARA RT. 001/004 KEL. GEJUG JATI KEC. LEKOK', 'default.jpg', 2058, '1', '2017'),
(423, '9994', 'WIRDIANSYAH AL JURJANI', 'Laki-Laki', 'JL. KH. ACHMAD DAHLAN RT 006/ RW 002 POHJENTREK KEC.PURWOREJO', 'default.jpg', 2058, '1', '2017'),
(424, '9905', 'ABDUL ROHIM', 'Laki-Laki', 'KRAJAN TIMUR RT. 002/005 KEL. BALONGANYAR KEC. LEKOK', 'default.jpg', 2059, '1', '2017'),
(425, '9906', 'ACHMAD KHOIRUL ANAS', 'Laki-Laki', 'JL. JAMBANGAN RT. 005/002 KEL. PURWOREJO KEC. PURWOREJO', 'default.jpg', 2059, '1', '2017'),
(426, '9915', 'AKHMAD JULYANTO', 'Laki-Laki', 'JL GATOT SUBROTO RT3 RW4 PETAHUNAN', 'default.jpg', 2059, '1', '2017'),
(427, '9918', 'AMROZY', 'Laki-Laki', 'JL KARANGASEM KEC GADING REJO RT3 RW1', 'default.jpg', 2059, '1', '2017'),
(428, '9919', 'ANANG JAKARIA', 'Laki-Laki', 'JL BALAI DESA RANGGEH RT1 RW1', 'default.jpg', 2059, '1', '2017'),
(429, '9922', 'ANJELI NUR VAIZAH', 'Laki-Laki', 'PLINGGISAN RT. 003/002 KEL. PLINGGISAN KEC. KRATON', 'default.jpg', 2059, '1', '2017'),
(430, '9940', 'KHOIRUL ANWAR', 'Laki-Laki', 'DSN PARAS BARAT RT. 001/004 KEL. REJOSALAM KEC. PASREPAN', 'default.jpg', 2059, '1', '2017'),
(431, '9952', 'MOH DANIES ADI SUJONO', 'Laki-Laki', 'JL HASANUDIN RT4 RW2', 'default.jpg', 2059, '1', '2017'),
(432, '9954', 'MOH. WAHYU EFFENDI', 'Laki-Laki', 'JL. KH. WACHID HASYIM RT. 003/004 KEL. KEBONSARI KEC. PANGGUNGREJO', 'default.jpg', 2059, '1', '2017'),
(433, '9957', 'MUCHAMAD FAJRIN', 'Laki-Laki', 'JL PILANG, SUSUKAN REJO KEC POHJENTREK RT3 RW4', 'default.jpg', 2059, '1', '2017'),
(434, '9964', 'MUHAMAD ROSULI', 'Laki-Laki', 'KARANG ANYAR-REJOSO KIDUL RT2 RW1', 'default.jpg', 2059, '1', '2017'),
(435, '9966', 'MUHAMMAD FARISAL', 'Laki-Laki', 'BANDARAN RT. 003/002 KEL JARANGAN KEC. REJOSO', 'default.jpg', 2059, '1', '2017'),
(436, '9968', 'MUHAMMAD THUFEIL RAHMAN', 'Laki-Laki', 'JL. RA. KARTINI GG. 3/68 RT. 001/004 KEL. BANGILAN KEC. PANGGUNGREJO', 'default.jpg', 2059, '1', '2017'),
(437, '9971', 'MUKHAMAT LUTFI', 'Laki-Laki', 'JL GATOT SUBROTO 003/004 DS PETAHUNAN PASURUAN RT3 RW4', 'default.jpg', 2059, '1', '2017'),
(438, '9972', 'MUKHAMMAD AR ROZAQ', 'Laki-Laki', 'JL GATOT SUBROTO KEC GADINGREJO RT2 RW4', 'default.jpg', 2059, '1', '2017'),
(439, '9973', 'MUKHAMMAD MASRUR', 'Laki-Laki', 'JL JEND A YANI TR4 RW1 GADING REJO', 'default.jpg', 2059, '1', '2017'),
(440, '9977', 'MUKHIBULLOH', 'Laki-Laki', 'KARANGNAYAR RT. 002/001 KEL. REJOSO KIDUL KEC. REJOSO', 'default.jpg', 2059, '1', '2017'),
(441, '9980', 'RAMADHANI', 'Laki-Laki', 'JL. KH. ABDUL KHAMID RT. 004/001 KEL. KARANGANYAR KEC. PANGGUNGREJO', 'default.jpg', 2059, '1', '2017'),
(442, '9982', 'ROCHMAT SETIAWAN', 'Laki-Laki', 'KARANG JUWET RT. 002/005 KEL. WIROGUNAN KEC. PUWOREJO', 'default.jpg', 2059, '1', '2017'),
(443, '9983', 'ROKHMAN HIDAYAT', 'Laki-Laki', 'JL. SLAMET RIADI 68 RT. 003/003 KEL. GENTONG KEC. PANGGUNGREJO', 'default.jpg', 2059, '1', '2017'),
(444, '9988', 'SYAIFUL ROKHMAN', 'Laki-Laki', 'JL. LAKS MARTADINATA RT. 003/006 KEL. NGEMPLAKREJO KEC. PANGGUNGREJO', 'default.jpg', 2059, '1', '2017'),
(445, '9993', 'WAHYU KURNIAWAN', 'Laki-Laki', 'JL SLAMET RIYADI RT1 RW6', 'default.jpg', 2059, '0', '2017'),
(446, '9995', 'YAZID MAULANA NUR AMIN', 'Laki-Laki', 'JL.RANDUSARI RT/RW 001/007 KEC GADINGREJO', 'default.jpg', 2059, '1', '2017'),
(447, '9998', 'AINUl YAQIN', 'Laki-Laki', 'KARANGANYAR RT. 003/002 KEL. REJOSO KIDUL KEC. REJOSO', 'default.jpg', 2059, '1', '2017'),
(448, '9662', 'ADI KURNIAWAN', 'Laki-Laki', '-', 'default.jpg', 2059, '1', '2017'),
(449, '9460', 'ABDILLAH', 'Laki-Laki', 'JL.HALMAHERA G-II RT.02 RW.04 KEL.TAMBAAN KEC.PANGGUNGREJO', 'default.jpg', 2043, '1', '2016'),
(450, '9461', 'ABDUL WAKHID KHATAMI', 'Laki-Laki', 'JL. KH. ACHMAD DAHLAN RT. 03/03 KEL. POHJENTREK KEC. PURWOREJO', 'default.jpg', 2043, '1', '2016'),
(451, '9462', 'ACHMAD FAHMI', 'Laki-Laki', 'JL. JOLONDRIO RT. 01/05 RT. 01/05 KEL. KRAPYAKREJO KEC. GADINGREJO', 'default.jpg', 2043, '1', '2016'),
(452, '9466', 'AGUS DWI CAHYONO', 'Laki-Laki', 'PERUM. SEKAR ASRI BLOK F NO. 8 RT. 04/05 KEL. SEKARGADUNG KEC. PURWOREJO', 'default.jpg', 2043, '1', '2016'),
(453, '9474', 'BAYU SETYO UTOMO', 'Laki-Laki', 'JL. DR. WAHIDIN SH. GG. 12/48 RT. 01/05 KEL. PETAMANAN KEC. PANGGUNGREJO', '1536120444-Bayu Setyo.jpg', 2043, '1', '2016'),
(454, '9475', 'BOBI ADI PUTRA', 'Laki-Laki', 'BUKIR / BEGORO RT. 05/07 KEL. BUKIR KEC. GADINGREJO', 'default.jpg', 2043, '1', '2016'),
(455, '9476', 'DANANG DWI HANDRIANTO', 'Laki-Laki', 'JL. PUCANGAN RT. 09/04 KEL. PURWOREJO KEC. PURWOREJO', 'default.jpg', 2043, '1', '2016'),
(456, '9477', 'DERRY ALIEF FIRMANSYAH', 'Laki-Laki', 'WATU GEDE RT. 06/02 KEL. GERONGAN KEC. KRATON', 'default.jpg', 2043, '1', '2016'),
(457, '9479', 'FADLULLOH', 'Laki-Laki', 'JELAN RT. 04/03 KEL. TIDU KEC. POHJENTREK', 'default.jpg', 2043, '1', '2016'),
(458, '9480', 'FAIZIN', 'Laki-Laki', 'JL. HANGTUAH 9 RT. 06/09 KEL.NGEMPLAKREJO KEC. PANGGUNGREJO', 'default.jpg', 2043, '1', '2016'),
(459, '9485', 'LESTARI WIDODO', 'Laki-Laki', 'JL. KH. ACHMAD DAHLAN RT. 06/02 KEL. PURWOREJO KEC. PURWOREJO', 'default.jpg', 2043, '1', '2016'),
(460, '9486', 'M . LUKMAN A.', 'Laki-Laki', 'JL. MARTADINOTO RT 003 RW 005 KELURAHAN NGEMPLAKREJO KECAMATAN PANGGUNGREJO KOTA PASURUAN', 'default.jpg', 2043, '1', '2016'),
(461, '9488', 'M. FIRMAN ABDULLOH', 'Laki-Laki', 'KASURAN RT. 04/06 KEL. REJOSLOR KEC. REJOSO', 'default.jpg', 2043, '1', '2016'),
(462, '9489', 'M. TAUFIQUR ROHMAN', 'Laki-Laki', 'SEMEDUSARI RT. 01/02 KEL. SEMEDUSARI KEC. LEKOK', 'default.jpg', 2043, '1', '2016'),
(463, '9496', 'MOHAMMAD ABDUL ROKHMAN', 'Laki-Laki', 'JL. KH. ACHMAD DAHLAN RT. 04/04 KEL. POHJENTREK KEC. PURWOREJO', 'default.jpg', 2043, '1', '2016'),
(464, '9502', 'MUHAMMAD MISBAKHUL MUNIR', 'Laki-Laki', 'KRAJAN RT. 02/02 KEL. SELOTAMBAK KEC. KRATON', 'default.jpg', 2043, '1', '2016'),
(465, '9504', 'MUHAMMAD SAMIAN', 'Laki-Laki', 'SEMEDUARIRT.03 RW.04 KEL DESASEMEDUSARI KEC LEKOK', 'default.jpg', 2043, '1', '2016'),
(466, '9507', 'MUKH. RAFLY ZIRKHAN', 'Laki-Laki', 'DOROPAYUNG RT. 01/03 KEL. SEKARGADUNG KEC. PURWOREJO', 'default.jpg', 2043, '1', '2016'),
(467, '9508', 'MUKHAMAD ALFIAN', 'Laki-Laki', 'DS. PILANG RT. 02/04 KEL. POHJENTREK KEC. POHJENTREK', 'default.jpg', 2043, '1', '2016'),
(468, '9509', 'MUKHAMAD YASIN', 'Laki-Laki', 'JL. PATIUNUS GG. VI/07 RT. 05/02 KEL. KRAMPYANGAN KEC. BUGUL KIDUL', 'default.jpg', 2043, '1', '2016'),
(469, '9511', 'ROFIKIL MUZAIDI', 'Laki-Laki', 'JL. BANDA RT. 04/02 KEL. GADINGREJO KEC. GADINGREJO', 'default.jpg', 2043, '1', '2016'),
(470, '9512', 'SAMSUL ARIFIN', 'Laki-Laki', 'KRAJAN TENGAH RT. 03/04 KEL. SEMEDUSARI KEC. LEKOK', 'default.jpg', 2043, '1', '2016'),
(471, '9513', 'SAMSUL HUDA', 'Laki-Laki', 'KRAJAN RT. 02/02 KEL. RANDU GONG KEC. KEJAYAN', 'default.jpg', 2043, '1', '2016'),
(472, '9517', 'VANDY CATUR RAGIEL SAPUTRO', 'Laki-Laki', 'KLENGGOAN RT. 01/05 KEL. ARJOSARI KEC. GRATI', 'default.jpg', 2043, '1', '2016'),
(473, '9520', 'ZAENAL ABIDIN', 'Laki-Laki', 'JL. TRAJENG', 'default.jpg', 2043, '1', '2016'),
(474, '9714', 'MASRUL', 'Laki-Laki', 'DSN KRAJAN RT. 02/01 KEL. SEMEDUSARI KEC. LEKOK', 'default.jpg', 2043, '1', '2016'),
(475, '9463', 'ACHMAD RIFKON', 'Laki-Laki', 'KEMANTRENREJO RT. 03/03 KEL. KEMANTRENREJO KEC. REJOSO', 'default.jpg', 2044, '1', '2016'),
(476, '9464', 'ACHMAD ZIAMHARI', 'Laki-Laki', 'DS. KEMANTRENREJO RT. 05/03 KEL. KEMANTRENREJO KEC. REJOSO', 'default.jpg', 2044, '1', '2016'),
(477, '9465', 'AGUNG DWI SAPUTRA', 'Laki-Laki', 'JL. IMAM BONJOL XII/43 RT. 01/02 KEL. BUGULLOR KEC. PANGGUNGREJO', 'default.jpg', 2044, '1', '2016'),
(478, '9469', 'ALDI ANUGRAH BACHTIAR', 'Laki-Laki', 'JL. SULAWESI 15 NO. 14 RT. 01/08 KEL. TRAJENG KEC. PANGGUNGREJO', 'default.jpg', 2044, '1', '2016'),
(479, '9470', 'ALFIANSYAH AINUN NAJIB', 'Laki-Laki', 'WINONGAN LOR RT. 06/03 KEL. WINONGAN LOR KEC. WINONGAN', 'default.jpg', 2044, '1', '2016'),
(480, '9472', 'ARIS MUKMININ', 'Laki-Laki', 'BUDUG RT. 02/07 KEL. SAMBIREJO KEC. REJOSO', 'default.jpg', 2044, '1', '2016'),
(481, '9473', 'BAYU ANGGARA', 'Laki-Laki', 'ROWOGEMPOL RT. 01/010 KEL. ROWOGEMPOL KEC. LEKOK', 'default.jpg', 2044, '1', '2016'),
(482, '9481', 'FARIS YULIANTO', 'Laki-Laki', 'jl. Kebonjaya rt. 03/06 KEL. KEBONAGUNG KEC. PURWOREJO', 'default.jpg', 2044, '1', '2016'),
(483, '9483', 'FERI IRIANTO', 'Laki-Laki', 'JL. KH. ACHMAD DAHLAN RT. 05/03 KEL. POHJENTREK KEC. PURWOREJO', 'default.jpg', 2044, '1', '2016'),
(484, '9484', 'IKHWAN SLAMET FEBRIANSYAH', 'Laki-Laki', 'JL. JEND. A. YANI RT. 04/01 KEL. KARANGKETUG KEC. GADINGREJO', 'default.jpg', 2044, '1', '2016'),
(485, '9490', 'M. WILDAN HABIBI', 'Laki-Laki', 'SEMEDUSARU RT. 01/03 KEL. SEMEDUSARI LEKOK', 'default.jpg', 2044, '1', '2016'),
(486, '9493', 'MOCHAMAD ILHAM YUWARNO', 'Laki-Laki', 'JL. SLAMET RIYADI GG. 14 RT. 03/03 KEL. GENTONG KEC. GADINGREJO', 'default.jpg', 2044, '1', '2016'),
(487, '9495', 'MOCHAMAD SUHAILI', 'Laki-Laki', 'PASARINGIN RT. 06/04 KEL. POHJENTREK. KEC. PURWOREJO', 'default.jpg', 2044, '1', '2016'),
(488, '9497', 'MOKHAMMAD ASROFI', 'Laki-Laki', 'DOROPAYUNG RT. 02/03 KEL. SEKARGADUNG KEC. PURWOREJO', 'default.jpg', 2044, '1', '2016'),
(489, '9498', 'MUHAMMAD ABDUH MAULANA SABARUDIN', 'Laki-Laki', 'JL. HALMAHERA GG. 12A NO. 12 RT. 01/010 KEL. TRAJENG KEC. PANGGUNGREJO', 'default.jpg', 2044, '1', '2016'),
(490, '9499', 'MUHAMMAD ALVARIANO DINOVA', 'Laki-Laki', 'KEDAWUNGKULON RT. 04/02 KEL. KEDAWUNGKULON KEC. GRATI', 'default.jpg', 2044, '1', '2016'),
(491, '9500', 'MUHAMMAD DONI ACHSAN', 'Laki-Laki', 'JL.KENANGA RT.04 RW.03', 'default.jpg', 2044, '1', '2016'),
(492, '9501', 'MUHAMMAD ISMA\'IL', 'Laki-Laki', 'JL. PANGLIMA SUDIRMAN G-1 RT. 03/05 KEL. KEBONAGUNG KEC. PURWOREJO', 'default.jpg', 2044, '1', '2016'),
(493, '9503', 'M.RIZKY MAULANA ', 'Laki-Laki', 'JL. SULAWESI RT 01. RW 08 KEL TRAJENG KEC PANGGUNG REJO PASURUAN ', 'default.jpg', 2044, '1', '2016'),
(494, '9505', 'MUHAMAD SONY', 'Laki-Laki', 'JL.DR.WAHIDIN SUDIROHUSODO IV RT.02 RW.01 KEL.PEKUNCEN KEC.PANGGUNGREJO', 'default.jpg', 2044, '1', '2016'),
(495, '9506', 'MUHAMMAD SYAKUR', 'Laki-Laki', 'DSB SIKORENTEK WETAN RT. 02/03 KEL. KARANGANYAR KEC. KRATON', 'default.jpg', 2044, '1', '2016'),
(496, '9510', 'RIZKI ABDILLAH MU\'ALIM', 'Laki-Laki', 'JL. ERLANGGA RT. 02/08 KEL. PURWOREJO KEC. PURWOREJO', 'default.jpg', 2044, '1', '2016'),
(497, '9514', 'SEKAR ISMA OKTAVIANI', 'Laki-Laki', 'JL. BALAIKOTA 9 RT. 06/01 KEL. KANDANGSAPI KEC. BUGUL KIDUL', 'default.jpg', 2044, '1', '2016'),
(498, '9515', 'SOBIRIN', 'Laki-Laki', 'KRAMAT RT. 02/03 KEL. GONDANGREJO KEC. GONDANGWETAN', 'default.jpg', 2044, '1', '2016'),
(499, '9516', 'SOFIYAN AFANDI', 'Laki-Laki', 'JL. HANGTUAH VII RT. 02/02 KEL. TAMBA\'AN KEC. PANGGUNGREJO', 'default.jpg', 2044, '1', '2016'),
(500, '9518', 'YOGI SETIAWAN', 'Laki-Laki', 'JL. KH. A. DAHLAN RT. 02/03 KEL. POHJENTREK KEC. PURWOREJO', 'default.jpg', 2044, '1', '2016'),
(501, '9519', 'YUSRON HIDAYAT', 'Laki-Laki', 'PROKIMAL NO. 76 RT. 023/09 KEL. SUMBERANYAR KEC. NGULING', 'default.jpg', 2044, '1', '2016'),
(502, '9718', 'MUCHAMMAD RISKY AJI SAFANI', 'Laki-Laki', 'KALIMAS SELATAN RT. 004/001 KEL. BENDUNGAN KEC. KRATON', 'default.jpg', 2044, '1', '2016'),
(503, '9638', 'AGUS PRASETIYO', 'Laki-Laki', 'JL. KH.HASYIM ASYARI RT.01 RW.03 KEL. BAKALAN KEC.BUGUL KIDUL KOTA PASURUAN', 'default.jpg', 2064, '1', '2016'),
(504, '9639', 'AKHMAD FARHAN EFFENDI', 'Laki-Laki', 'JL.DR.WAHIDIN SUDIROHUSOD0 RT.03 RW.03 KEL.PURUT REJO KEC.PURWOREJO', 'default.jpg', 2064, '1', '2016'),
(505, '9640', 'DEBI ALDI.S', 'Laki-Laki', 'LINGKUNG RT.03 RW.07 KEL.BLANDONGAN KEC.BUGUL KIDUL', 'default.jpg', 2064, '1', '2016'),
(506, '9641', 'DESSY NUR RAMADHANNA', 'Laki-Laki', 'JL.MANGGIS 5 NO.15 PERUM BUGUL PERMAI TR.02 RW.05 KEC.BUGULKIDUL', 'default.jpg', 2064, '1', '2016'),
(507, '9642', 'DHANI ARIF PRAMUJA', 'Laki-Laki', 'KEJOBOLOR,BLANDONGAN RT.01 RW.01 KEL.BLANDONGAN KEC.BUGUL KIDUL', 'default.jpg', 2064, '1', '2016'),
(508, '9643', 'FATMASARI', 'Laki-Laki', 'JL. JEND. S. PARMAN RT. 03/05 KEL. MANDARANREJO KEC. PANGGUNGREJO', 'default.jpg', 2064, '1', '2016'),
(509, '9644', 'IIM IMAN MAULANA', 'Laki-Laki', 'PERUM.PESONA CANDI V BLOK BD.53 KEL.SEKARGADUNG KEC.PURWOREJO', 'default.jpg', 2064, '1', '2016'),
(510, '9645', 'INDAH JAMILA', 'Laki-Laki', 'TIDU RT.04 RW.04 KEL.TIDU KEC.POHJENTREK', 'default.jpg', 2064, '1', '2016'),
(511, '9646', 'JEFRY ANDI SETIAWAN', 'Laki-Laki', 'JL.URIP SUMOHARJO RT.03 RW.01 KEL.POHJENTREK KEC.PURWOREJO', 'default.jpg', 2064, '1', '2016'),
(512, '9647', 'KHUSEN', 'Laki-Laki', 'DADAPAN,PATUGURAN RT.03 RW.02 KEL.PATUGURAN KEC.REJOSO', 'default.jpg', 2064, '1', '2016'),
(513, '9648', 'M.RAFLI AFRIZAL NASIR ARAFAT', 'Laki-Laki', 'WARUNG DOWO UTARA RT.01 RW.03 KEL.WARUNGDOWO KEC.POHJENTREK', 'default.jpg', 2064, '1', '2016'),
(514, '9649', 'MIFTAHUS SYIFAK', 'Laki-Laki', 'PENGKOL RT.03 RW.02 KEL.GONDANG REJO KEC.GONDANG WETAN', 'default.jpg', 2064, '1', '2016'),
(515, '9651', 'MUHAMMAD HENDRA', 'Laki-Laki', 'DSN.PLUGON RT.04 RW.02 KEL.SUSUKAN REJO KEC.POHJENTREK', 'default.jpg', 2064, '1', '2016'),
(516, '9652', 'MUHAMMAD HOIRUL ANAM', 'Laki-Laki', 'DSN.ARAS KIDUL RT.01 RW.01 KEL.ROWOGEMPOL KEC.LEKOK', 'default.jpg', 2064, '1', '2016'),
(517, '9653', 'MUHAMMAD IRFAN FIBIANSYAH', 'Laki-Laki', 'JL.HASANUDIN RT.02 RW.02 KEL.KARANGANYAR KEC.PANGGUNGREJO', 'default.jpg', 2064, '1', '2016'),
(518, '9654', 'MUHAMMAD KHUSAERI', 'Laki-Laki', 'REJOSO LOR RT.04 RW.05 KEC.REJOSO KIDUL', 'default.jpg', 2064, '1', '2016'),
(519, '9655', 'NOVAL HARDIANSYAH', 'Laki-Laki', 'JL.DR.WAHIDIN SUDIROHUSODO Gg.3A/13 TR.03 RW.03 KEL.PETAMANAN KEC.PANGGUNG', 'default.jpg', 2064, '1', '2016'),
(520, '9657', 'SELLY NOVIANTI', 'Laki-Laki', 'JL. LETJEN R SOPRAPTO 6/28 RT.03 RW.01 KEL.KANDANGSAPI KEC.PANGGUNGREJO', 'default.jpg', 2064, '1', '2016'),
(521, '9658', 'SITI ALA AINI', 'Laki-Laki', 'JELAN RT.02 RW.03 KEL.TIDU KEC.POHJENTREK KAB.PASURUAN', 'default.jpg', 2064, '1', '2016'),
(522, '9659', 'YOPY PRANATA', 'Laki-Laki', 'JL. DR. WAHIDIN SH. RT. 03/03 KEL. PURUTREJO KEC. PURWOREJO', 'default.jpg', 2064, '1', '2016'),
(523, '9605', 'ABD. RAHMAN REZA', 'Laki-Laki', 'DADAPAN PATUGURAN RT. 01/02 KEL. PATUGURAN KEC. REJOSO', 'default.jpg', 2054, '1', '2016'),
(524, '9606', 'ACHMAD CHOIRUL ANWAR ', 'Laki-Laki', 'BUDUG RT.01 RW.07 KEL SAMBIREJO KEC REJOSO PASURUAN', 'default.jpg', 2054, '1', '2016'),
(525, '9607', 'ACHMAD MAS SYADZILI', 'Laki-Laki', 'BLANDONGAN RT.02 RW. 03 KEL. BLANDONGAN KEC. BUGUL KIDUL KOTA PASURUAN', 'default.jpg', 2054, '1', '2016'),
(526, '9609', 'AHMAD NUR FADILLAH', 'Laki-Laki', 'JL HASANUDIN RT.04 RW.01 KEL KARANG ANYAR KEC PANGGUNG REJO PASURUAN', 'default.jpg', 2054, '1', '2016'),
(527, '9611', 'AKHMAD FIRMANSYAH', 'Laki-Laki', 'JL MARGO UTOMO NO 3 KEBONAGUNG RT.01 RW.01 KEL KEBONAGUNG KEC PURWOREJO', 'default.jpg', 2054, '1', '2016'),
(528, '9612', 'ALFIAN CANDRA SETIAWAN', 'Laki-Laki', 'JL. PATIMURA III/194 RT. 04/01 KEL. BUGUL KIDUL KEC. BUGUL KIDUL', 'default.jpg', 2054, '1', '2016'),
(529, '9613', 'ANDIK KURNIAWAN', 'Laki-Laki', 'KEDUNG REJO RT.02 RW.04 KEL KEDUNG REJO KEC WINONGAN', 'default.jpg', 2054, '1', '2016'),
(530, '9614', 'ARIS BUDIANTO', 'Laki-Laki', 'PUKUL DADAPAN RT.01 RW.05 KEL PUKUL KEC KRATON', 'default.jpg', 2054, '1', '2016'),
(531, '9615', 'BACHRUS SALAM', 'Laki-Laki', 'JL RAYA WARUNG DOWO UTARA RT.01 RW.03 KEC POHJENTREK', 'default.jpg', 2054, '1', '2016'),
(532, '9616', 'FERDI HASAN', 'Laki-Laki', 'KEMANTREN REJO RT.04 RW.02 KEC REJOSO', 'default.jpg', 2054, '1', '2016'),
(533, '9618', 'LUTFI HAKIM', 'Laki-Laki', 'JL. SULAWESI 08 RT. 02/02 KEL. TRAJENG KEC. PANGGUNGREJO', 'default.jpg', 2054, '1', '2016'),
(534, '9619', 'M KHUSNI MUBAROK', 'Laki-Laki', 'DADAPAN PATUGARAN REJOSO PASURUAN RT.03 RW.02 KEL PATUGARAN KEC REJOSO', 'default.jpg', 2054, '1', '2016'),
(535, '9620', 'M WAHYU ILAHI', 'Laki-Laki', 'SEKAR PUTIH RT.02 RW.01 KEL SEKAR PUTIH KEC GONDANG WETAN', 'default.jpg', 2054, '1', '2016'),
(536, '9622', 'MAS\'UD', 'Laki-Laki', 'SEKAR PUTIH RT.02 RW.01 KEL SEKAR PUTIH KEC GONDANG WETAN', 'default.jpg', 2054, '1', '2016'),
(537, '9623', 'MAULANA HISYAM AFDHOLU ATTAMAMI', 'Laki-Laki', 'PLERET RT.04 RW.01 KEL PLERET KEC POHJENTREK PASURUAN', 'default.jpg', 2054, '1', '2016'),
(538, '9624', 'MOCH ALEX JAKARIYAH', 'Laki-Laki', 'JL HALMAHERA GG 13 RT.04 RW.06 KEL GADING REJO KEC KARANGANYAR', 'default.jpg', 2054, '1', '2016'),
(539, '9625', 'MOCH SIROJUL ASRORI', 'Laki-Laki', 'JL RAYA WARUNG DOWO UTARA RT.02 RW.03 KEC POHJENTREK', 'default.jpg', 2054, '1', '2016'),
(540, '9626', 'MOCHAMAD SLAMET', 'Laki-Laki', 'NGEMPLAK REJO RT.03 RW.04 KEL NGEMPLAKREJO KEC PANGGUNG REJO', 'default.jpg', 2054, '1', '2016'),
(541, '9627', 'MOCHAMMAD KHORIK', 'Laki-Laki', 'JL HANGTUAH GG 9 TEGAL PONGO RT.02 RW.09 KEL NGEMPLAK REJO KEC PANGGUNG REJO', 'default.jpg', 2054, '1', '2016'),
(542, '9628', 'MUHAMAD RESKI', 'Laki-Laki', 'DUSUN LOBDUWUR RT.04 RW.03 KEL PLERET KEC POHJENTREK', 'default.jpg', 2054, '1', '2016'),
(543, '9629', 'MUHAMMAD ALIFAHRUDIN', 'Laki-Laki', 'KRAJAN RT. 03/03 KEL. TAMBAKSARI KEC. KRATON', 'default.jpg', 2054, '1', '2016'),
(544, '9630', 'MUKHAIMIN RIZAL', 'Laki-Laki', 'GEJUG JATI RT.02 RW.02 KEL GEJUG JATI KEC LEKOK', 'default.jpg', 2054, '1', '2016'),
(545, '9631', 'MUKHAMAD TAUFIQ MAULUDI', 'Laki-Laki', 'BAKALAN RT.02 RW.09 KEL BAKALAN KEC BUGUL KIDUL', 'default.jpg', 2054, '1', '2016'),
(546, '9633', 'NUR BIDIN', 'Laki-Laki', 'GEJUG JATI TENGAH RT.02 RW.09 KEL GEJUG JATI KEC LEKOK', 'default.jpg', 2054, '1', '2016'),
(547, '9634', 'RICKY APRIL RIAWAN', 'Laki-Laki', 'JL. VETERAN 1.A RT. 06/06 KEL. BUGULLOR KEC. PANGGUNGREJO', 'default.jpg', 2054, '1', '2016'),
(548, '9635', 'TEGUH MULYONO', 'Laki-Laki', 'GEJUG JATI TENGAH RT.02 RW.09 KEL GEJUG JATI KEC LEKOK', 'default.jpg', 2054, '1', '2016'),
(549, '9636', 'WAHYU PURBO WASESO', 'Laki-Laki', 'JL. HALMAHERA GG 19 NO. 27 RT. 02/06 KEL. KARANGANYAR KEC. PANGGUNGREJO', 'default.jpg', 2054, '1', '2016'),
(550, '9637', 'WICEN SETYAWAN', 'Laki-Laki', 'JL PANGLIMA SUDIRMAN III RT.01 RW.05 KEL KEBONAGUNG KEC PURWOREJO', 'default.jpg', 2054, '1', '2016'),
(551, '9720', 'MOCHAMMAD NAILUL AMANI', 'Laki-Laki', 'DSN WUWUNG RT. 001/006 KEL. JOGOREPUH KEC. PASREPAN', 'default.jpg', 2054, '1', '2016'),
(552, '10001', 'MUKHAMAD NUR ROKHMAN', 'Laki-Laki', 'PESANTREN RT. 002/001 KEL. KARANG KLIWON KEC. GRATI', 'default.jpg', 2054, '1', '2016'),
(553, '9521', 'ABDUL AZIZ', 'Laki-Laki', 'DUSUN MASANGAN RT 002 RW 001 DESA PARAS REJO KEC. POHJENTREK KOTA PASURUAN', 'default.jpg', 2050, '1', '2016'),
(554, '9523', 'ACH MACHRUS SOLEH', 'Laki-Laki', 'DS BUNGURAN RT.03 RW.08 KEL PLERET KEC POHJENTREK ', 'default.jpg', 2050, '1', '2016'),
(555, '9527', 'ADI SETIAWAN', 'Laki-Laki', 'DUSUN KRAJAN RT 005 RW 002 DESA KEDUNG BAKO KECAMATAN REJOSO KAB PASURUAN', 'default.jpg', 2050, '1', '2016'),
(556, '9528', 'AGUS SALIM', 'Laki-Laki', 'DUSUN TURI RT 003 RW 001 DESA TOYANING KECAMATAN REJOSO KAB PASURUAN', 'default.jpg', 2050, '1', '2016'),
(557, '9530', 'AKHMAD AFIFUDIN', 'Laki-Laki', 'REJOSO KEDUNGBAKO RT.01 RW.02 KEL KEDUNGBAKO KEC REJOSO', 'default.jpg', 2050, '1', '2016'),
(558, '9531', 'AKHMAD FATKHUR ROZI', 'Laki-Laki', 'KASURAN RT. 05/06 KEL REJOSOLOR KEC. REJOSO', 'default.jpg', 2050, '1', '2016'),
(559, '9536', 'ARDHI OKTAVIAN', 'Laki-Laki', 'JL. JAMBANGAN 3 RT. 05/02 KEL. PURWOREJO KEC. PURWOREJO', 'default.jpg', 2050, '1', '2016'),
(560, '9538', 'BAITUR ROCHIM', 'Laki-Laki', 'MBEDODO SEGOROPURO RT.02 RW.05 KEL SEGOROPURO KEC REJOSO', 'default.jpg', 2050, '1', '2016'),
(561, '9539', 'CHAFID KHAIRUDIN ', 'Laki-Laki', 'JL IMAM BONJOL GG IX RT.04 RW.07 KEL BUGUL KEC PANGGUNG REJO', 'default.jpg', 2050, '1', '2016'),
(562, '9540', 'DENI SEFTA PRADANA', 'Laki-Laki', 'JL. SUKUN 108 RT 002 RW 002 KELURAHAN PURUTREJO KECAMATAN PURWOREJO KOTA PASURUAN', 'default.jpg', 2050, '1', '2016'),
(563, '9541', 'DWI SATRIO INDAYANTO', 'Laki-Laki', 'DS KARANG SENTUL RT.01 RW.07 KEL KARANG SENTUL KEC GONDANG WETAN', 'default.jpg', 2050, '1', '2016'),
(564, '9544', 'FUAT HASYIM', 'Laki-Laki', 'DESA JARANGAN RT.02 RW.03 KEL JARANGAN KEC REJOSO', 'default.jpg', 2050, '1', '2016'),
(565, '9546', 'M ABDI MAULANA', 'Laki-Laki', 'KRAJAN/SEGOROPURO RT 002 RW 002 DESA SEGOROPURO KECAMATAN REJOSO KAB PASURUN', 'default.jpg', 2050, '1', '2016'),
(566, '9547', 'M ALWI NURDIN', 'Laki-Laki', 'JL HALMAHERA GG 10 RT.02 RW.09 KEL TRAJENG KEC PANGGUNGREJO', 'default.jpg', 2050, '1', '2016'),
(567, '9556', 'M. AGUNG PUJIONO', 'Laki-Laki', 'DUSUN KRAJAN RT 005 RW 002 DESA KEDUNG BAKO KECAMATAN REJOSO KAB PASURUAN', 'default.jpg', 2050, '1', '2016'),
(568, '9558', 'M. AIRUL MUKMININ', 'Laki-Laki', 'PANJEN RT 002 RW 002 DESA PETEGURAN KECAMATAN REJOSO KAB PASURUAN', 'default.jpg', 2050, '1', '2016'),
(569, '9560', 'M. BAGUS INDRA S', 'Laki-Laki', 'PETAHUNAN RT 001 RW 001 KELURAHAN KECAMATAN GADINGREJO KOTA PASURUAN', 'default.jpg', 2050, '1', '2016'),
(570, '9568', 'MOCHAMMAD BADRUL HUDA', 'Laki-Laki', 'JARANGAN RT.07 RW.01 KEL.JARANGAN KEC. REJOSO', 'default.jpg', 2050, '1', '2016'),
(571, '9571', 'MOHAMMAD ARIEF B.', 'Laki-Laki', 'LJL. DEWI SARTIKA GG 5C/222 KELURAHAN BANGILAN KECAMATAN PANGGUNGREJO KOTA PASURUAN', 'default.jpg', 2050, '1', '2016'),
(572, '9573', 'MUCH WAHYUDI', 'Laki-Laki', 'SARIREJO RT. 04/02 KEL. ARJOSARI KEC. REJOSO', 'default.jpg', 2050, '1', '2016'),
(573, '9575', 'MUHAMAD NUR UDIN', 'Laki-Laki', 'BLANDONGAN RT. 02/03 KEL. BLANDONGAN KEC. BUGUL KIDUL', 'default.jpg', 2050, '1', '2016'),
(574, '9577', 'MUHAMMAD FAKHRUL ROZY', 'Laki-Laki', 'JL. IMAM BONJOL GG 10/03 KELURAHAN BUGUL LOR KEC. PANGGUNGREJO KOTA PASURUAN', 'default.jpg', 2050, '1', '2016'),
(575, '9579', 'MUHAMMAD KHOIRUL HUDA', 'Laki-Laki', 'JL SUKUN RT.03 RW.02 KEL PURUT REJO KEC PURWOREJO', 'default.jpg', 2050, '1', '2016'),
(576, '9582', 'MUHAMMAD TAUFIK HIDAYAT', 'Laki-Laki', 'JL.MT.HARYONO GG.2 RT.02 RW.03 KEL.MANDARAN KEC.PANGGUNGREJO', 'default.jpg', 2050, '1', '2016'),
(577, '9583', 'MUHAMMAD TAUFIQ', 'Laki-Laki', 'JL. HANGTUAH IX TEGALPONGO RT. 01/09 KEL. NGEMPLAKREJO KEC. PANGGUNGREJO', 'default.jpg', 2050, '1', '2016'),
(578, '9584', 'MUHAMMAD YUSUF RIZQY', 'Laki-Laki', 'LOHDUWUR RT 003 RT 003 DESA PLERET KECAMATAN POHJENTREK KAB PASURUAN', 'default.jpg', 2050, '1', '2016'),
(579, '9590', 'MUKHAMMAD MUZAYYIN', 'Laki-Laki', 'DSN.SURUH RT.01 RW.01 KEL.KEDUNG BAKO KEC.REJOSO', 'default.jpg', 2050, '1', '2016'),
(580, '9595', 'RAHMAD RAMADHANI', 'Laki-Laki', 'JL PANTAI RT 004 RW 005 KELURAHAN BUGUL LOR KECAMATAN PANGGUNGREJO KOTA PASURUAN', 'default.jpg', 2050, '1', '2016'),
(581, '9596', 'RAHMAT RAGIL', 'Laki-Laki', 'TEMBOKREJO RT. 03/02 KEL. TEMBOKREJO KEC. PURWOREJO', 'default.jpg', 2050, '1', '2016'),
(582, '9598', 'SAHRUL HASAN', 'Laki-Laki', 'DS CENGKRONG RT.05 RW.02 KEL CENGKRONG KEC PASREPAN', 'default.jpg', 2050, '1', '2016'),
(583, '9599', 'SALMAN NAJIH', 'Laki-Laki', 'GEJUG JATI I RT.03 RW.02 KEL GEJUG JATI KEC LEKOK', 'default.jpg', 2050, '1', '2016'),
(584, '9600', 'SANDI DWI YULIANTO', 'Laki-Laki', 'JL KI HAJAR DEWAN TORA NO 118 RT.04 RW.04 KEL WIROGUNAN KEC PURWOREJO', 'default.jpg', 2050, '1', '2016'),
(585, '9601', 'SARIFUDDIN AWANI', 'Laki-Laki', 'JL MANGGA GG LECARI NO 113 RT. 05 RW.01 KEL PURWOREJO KEC PURUT REJO', 'default.jpg', 2050, '1', '2016'),
(586, '9603', 'SURAHMAN DWI PRASETYO', 'Laki-Laki', 'JL DR WAHIDIN SUDIROHUSODO RT 001 RW 003 KELURAHAN PURUTREJO KECAMATAN PURWOREJO KOTA PASURUAN', 'default.jpg', 2050, '1', '2016'),
(587, '9522', 'ABDUL ROKHIM', 'Laki-Laki', 'TIDU RT. 06/03 KEL. TDU KEC. POHJENTREK', 'default.jpg', 2051, '1', '2016'),
(588, '9524', 'ACHMAD', 'Laki-Laki', 'JL JEND S PARMAN RT.02 RW.05 KEL MANDARANREJO KEC PANGGUNGREJO', 'default.jpg', 2051, '1', '2016'),
(589, '9525', 'ACHMAD TAUFIQ', 'Laki-Laki', 'KRAJAN UTARA RT 002 RW 003 DESA GEDUG JATI KEC. LEKOK KAB PASURUAN', 'default.jpg', 2051, '1', '2016'),
(590, '9526', 'ACHMAS RIVAL JULIANTO', 'Laki-Laki', 'JL HASANUDIN 1 RT.01 RW.05 KEL KARANG ANYAR KEC PANGGUNG REJO', 'default.jpg', 2051, '1', '2016'),
(591, '9529', 'AHMAD MUJIB', 'Laki-Laki', 'ROWO RT. 05/04 KEL. ROWOGEMPOL KEC. LEKOK', 'default.jpg', 2051, '1', '2016'),
(592, '9533', 'AKHMAD SYAFI\'I', 'Laki-Laki', 'JL. CEMPAKA RT 004 RW 002 KELURAHAN WIROGUNAN KECAMATAN PURWOREJO KOTA PASURUAN', 'default.jpg', 2051, '1', '2016'),
(593, '9534', 'AKMAL HIDAYATULLOH', 'Laki-Laki', 'KEDUNG BENDO RT 001 RW 003 DESA REJOSO LOR KECAMATAN REJOSO KAB PASURUAN', 'default.jpg', 2051, '1', '2016'),
(594, '9535', 'ANGGA LESMANA', 'Laki-Laki', 'JL SLAMET RIYADI RT.02 RW.04 KEL GENTONG KEL GADING REJO', 'default.jpg', 2051, '1', '2016'),
(595, '9537', 'BAGUS KURNIAWAN', 'Laki-Laki', 'JL. LETJEN SUTOYO 1 RT 004 RW 001 KELURAHAN MANDARANREJO KECAMATAN PANGGUNGREJO KOTA PASURUAN', 'default.jpg', 2051, '1', '2016'),
(596, '9542', 'FATHUR RIZAL', 'Laki-Laki', 'SUNGIWETAN RT.02 RW.03 KEL SUNGIWETAN KEC POHJENTERK', 'default.jpg', 2051, '1', '2016'),
(597, '9545', 'HASANUDIN', 'Laki-Laki', 'KEJOBO LOR, RT 001 RW 001 KELURAHAN BLANDONGAN KEC. BUGUL KIDUL KOTA PASURUAN', 'default.jpg', 2051, '1', '2016'),
(598, '9559', 'M. AJI HERMAWAN', 'Laki-Laki', 'JL. KY SENTOT RT 003 RW 002 KELURAHAN TEMBOKREJO KECAMATAN PURWOREJO KOTA PASURUAN', 'default.jpg', 2051, '1', '2016'),
(599, '9548', 'M HELMI', 'Laki-Laki', 'JL MALUKU RT.02 RW.03 KEL TRAJENG KEC PANGGUNG', 'default.jpg', 2051, '1', '2016'),
(600, '9549', 'M ILHAM IKHSAN', 'Laki-Laki', 'DSN PENULUPAN DS PARASREJO RT.03 RW.02 KEL PARASREJO KEC POHJENTREK', 'default.jpg', 2051, '1', '2016'),
(601, '9550', 'M JAWAHIR', 'Laki-Laki', 'DS PADEAN JARANGAN RT.01 RW.03 KEL JARANGAN KEC REJOSO', 'default.jpg', 2051, '1', '2016'),
(602, '9552', 'M NUR MAJID', 'Laki-Laki', 'JL SUNAN AMPEL TIMUR GG 1 NO 195 RT.03 RW.03 KEL BUGUL KIDUL KEC BUGUL KIDUL', 'default.jpg', 2051, '1', '2016'),
(603, '9553', 'M NURUL HUDA', 'Laki-Laki', 'TEMBOK REJO RT.03 RW.02 KEL TEMBOK REJO KEC PURWOREJO', 'default.jpg', 2051, '1', '2016'),
(604, '9554', 'M SAMSUL ARIFIN ', 'Laki-Laki', 'SIDOMULYO RT.02 RW.03 KEL KEJAYAN KEC KEJAYAN', 'default.jpg', 2051, '1', '2016'),
(605, '9555', 'M YUDHA', 'Laki-Laki', 'JL HASANUDIN GG 1 RT.02 RW.05 KEL KARANG ANYAR KEC PANGGUNGREJO', 'default.jpg', 2051, '1', '2016'),
(606, '9561', 'M. YAZID JIDAN', 'Laki-Laki', 'PADE\'AN RT 004 RW 001 DESA JARANGAN KECAMATAN REJOSO KAB PASURUAN', 'default.jpg', 2051, '1', '2016'),
(607, '9564', 'MOCH NUR ROMADHONI', 'Laki-Laki', 'DUSUN TUNGGAKAN 1 RT 001 RW 003 DESA KRATON KECAMATAN KRATON KAB PASURUAN', 'default.jpg', 2051, '1', '2016'),
(608, '9565', 'MOCH. RENALDI FERDIYANTO', 'Laki-Laki', 'TRAJAN RT 001 RW 002 DESA SLADI KECAMATAN KEJAYAN KAB PASURUAN', 'default.jpg', 2051, '1', '2016'),
(609, '9572', 'MOHAMMAD RIFQI', 'Laki-Laki', 'KEDUNGBAKO RT.02 RW.01 KELL KEDUNGBAKO KEC REJOSO', 'default.jpg', 2051, '1', '2016'),
(610, '9574', 'MUCHAMAD SOFYAN', 'Laki-Laki', 'GAYAMAN NO 40 RT. 03 RW.03 KEL KEBONAGUNG KEL PURWOREJO', 'default.jpg', 2051, '1', '2016'),
(611, '9576', 'MUHAMMAD FAJAR ADHARI', 'Laki-Laki', 'JL SUNAN AMPEL NO 6 RT.05 RW.01 KEL PEKUNCEN KEC PANGGUNG REJO', 'default.jpg', 2051, '1', '2016'),
(612, '9578', 'MUHAMMAD IMAMULHAQ', 'Laki-Laki', 'REGEK RT 001 RW 005 DESA SAMBIREJO KECAMATAN REJOSO KAB PASURUAN', 'default.jpg', 2051, '1', '2016'),
(613, '9580', 'MUHAMMAD MAHRUS HADI', 'Laki-Laki', 'BAWANG RT 002 RW 004 DESA PACAR KELING KECAMATAN KEJAYAN KAB PASURUAN', 'default.jpg', 2051, '1', '2016'),
(614, '9563', 'MUHAMMAD IRWANSYAH', 'Laki-Laki', 'JL KYAI SEPUH RT 001 RW 005 KELURAHAN GENTONG KECAMATAN GADINGREJO KOTA PASURUAN', 'default.jpg', 2051, '1', '2016'),
(615, '9586', 'MUKHAMAD RIZQI SYAHRUL R', 'Laki-Laki', 'SUKLAN RT 003 RW 005 DESA PANDANREJO KECAMATAN REJOSO KAB PASURUAN', 'default.jpg', 2051, '1', '2016'),
(616, '9587', 'MUKHAMAD YUSUF EFENDI', 'Laki-Laki', 'DSN. TURI RT. 002 RW 001 DESA TOYANING KECAMATAN REJOSO KAB PASURUAN', 'default.jpg', 2051, '1', '2016'),
(617, '9588', 'MUKHAMMAD ALI SODIQIN', 'Laki-Laki', 'JL. SUNAN AMPEL 10 A RT 005 RW 001 KELURAHAN PEKUNCEN KECAMATAN PANGGUNGREJO KOTA PASURUAN', 'default.jpg', 2051, '1', '2016'),
(618, '9591', 'NASICHUL IRKHAM', 'Laki-Laki', 'JL IRIAN JAYA NO 34 RT.01 RW.06 KEL KARANG ANYAR KEC PANGGUNG REJO', 'default.jpg', 2051, '1', '2016'),
(619, '9594', 'QUDSI FAISAL AZIZ', 'Laki-Laki', 'JL GATOT SUBROTO SEBANI RT.03 RW.05 KEL SEBANI KEC GADING REJO', 'default.jpg', 2051, '1', '2016'),
(620, '9597', 'RENDIKA NASWATI', 'Laki-Laki', 'DSN BUNGURAN RT. 01/08 KEL. PLERET KEC. POHJENTREK', 'default.jpg', 2051, '1', '2016'),
(621, '9604', 'TRAJU RACHMAN HADI', 'Laki-Laki', 'JL. CEMPAKA RT 004 RW 002 KELURAHAN WIROGUNAN KECAMATAN PURWOREJO KOTA PASURUAN', 'default.jpg', 2051, '1', '2016'),
(622, '9660', 'ABD. ROZAQ', 'Laki-Laki', 'JL. HANGTUAH GG. 7 RT. 04/02 KEL. TAMBA\'AN KEC. PANGGUNGREJO', 'default.jpg', 2060, '1', '2016'),
(623, '9661', 'ABD.GHOFUR', 'Laki-Laki', 'WATU GEDE-GERONGAN RT.01 RW.02 KEL.GERONGAN KEC.KRATON', 'default.jpg', 2060, '1', '2016'),
(624, '9669', 'DWI CAHYA', 'Laki-Laki', 'KRAPYAKREJO RT.04 RW.01 KEL.KRAPYAKREJO KEC.GADINGREJO', 'default.jpg', 2060, '1', '2016'),
(625, '9671', 'FIKRI HAIKAL', 'Laki-Laki', 'JL.HALMAHERA APARTEMEN PANTAI MAS BLOK 2/2 NO.1 RT.03 RW.05 KEL.TAMBAAN', 'default.jpg', 2060, '1', '2016'),
(626, '9673', 'HAKIM FANI MUHARROM', 'Laki-Laki', 'JL.SUKUN RT.01 RW.02 KEL.PURUT REJO KEC. PURWOREJO', 'default.jpg', 2060, '1', '2016'),
(627, '9674', 'HAMDAN', 'Laki-Laki', 'JL.JEND.S.PARMAN RT.02 RW.05 KEL.MANDARANREJO KEC.PANGGUNGREJO', 'default.jpg', 2060, '1', '2016'),
(628, '9675', 'KAMID', 'Laki-Laki', 'GESING ROWOGEMPOL III RT. 02/02 KEL. GESING KEC. LEKOK', 'default.jpg', 2060, '1', '2016'),
(629, '9681', 'MAGHFIR RAMADHAN', 'Laki-Laki', 'JL.HASANUDIN NO.5 RT.03 RW.07 KEL.KARANGANYAR KEC.PANGGUNGREJO', 'default.jpg', 2060, '1', '2016'),
(630, '9684', 'MOCH. ROBI SYAFI\'UDIN', 'Laki-Laki', 'JL. DR. WAHIDIN SH. RT. 02/01 KEL. PEKUNCEN KEC. PANGGUNGREJO', 'default.jpg', 2060, '1', '2016'),
(631, '9685', 'MOCHAMAD AKBAR FITRONI', 'Laki-Laki', 'LINGK. PRAJAYA RT. 01/02 KEL. BAYEMAN KEC. GONDANGWETAN', 'default.jpg', 2060, '1', '2016'),
(632, '9688', 'MOCHAMMAD CHOIRON', 'Laki-Laki', 'JL. KALIMANTAN GG. 1 NO. 19 RT. 01/09 KEL. TRAJENG KEC. PANGGUNGREJO', 'default.jpg', 2060, '1', '2016'),
(633, '9691', 'MUCHAMAD SOFIAN ALSAURI', 'Laki-Laki', 'JL. HASANUDIN GG. 14/NO. 13 RT. 08/01 KEL. KARANGANYAR KEC. PANGGUNGREJO', 'default.jpg', 2060, '1', '2016'),
(634, '9696', 'MUHAMMAD MASRIKHAN', 'Laki-Laki', 'JL. JENDRAL A. YANI RT. 04/01 KEL. KARANGKETUG KEC. GADINGREJO', 'default.jpg', 2060, '1', '2016'),
(635, '9699', 'MUHAMMAD NURUL AUSOL', 'Laki-Laki', 'LEMAHBANG RT.02 RW.01 KEL.LEMAHBANG KEC.PASREPAN', 'default.jpg', 2060, '1', '2016'),
(636, '9702', 'MUKHAMMAD IMRON', 'Laki-Laki', 'KERTOSARI RT. 02/03 KEL. KERTOSARI KEC. KRATON', 'default.jpg', 2060, '1', '2016'),
(637, '9703', 'PATWAL DARMAJI', 'Laki-Laki', 'MBULU RT. 04/04 KEL. TAMBAKREJO KEC. KRATON', 'default.jpg', 2060, '1', '2016'),
(638, '9704', 'RAGIL PRASETYO', 'Laki-Laki', 'JL. UNTUNG SUROPATI RT. 01/02 KEL. POHJENTREK KEC. PURWOREJO', 'default.jpg', 2060, '1', '2016'),
(639, '9706', 'ROCKY REZHA ILAHI', 'Laki-Laki', 'SLADI KEJAYAN RT.02 RW.01 KEL.SLADI KEC.KEJAYAN', 'default.jpg', 2060, '1', '2016'),
(640, '9707', 'ROFI\'UR RUTABI', 'Laki-Laki', 'PLERET RT.02 RW.03 KEL.PLERET KEC.POHJENTREK', 'default.jpg', 2060, '1', '2016'),
(641, '9664', 'AHMAD IRSYADUL IBAD', 'Laki-Laki', 'ROWO RT. 02/03 KEL. ROWOGEMPOL KEC. LEKOK', 'default.jpg', 2061, '1', '2016'),
(642, '9665', 'AHMAD MAHBUB', 'Laki-Laki', 'DSN.PAGARAN RT.01 RW.04 KEL.SEMARE KEC.KRATON', 'default.jpg', 2061, '1', '2016'),
(643, '9666', 'ALI MASYKUR', 'Laki-Laki', 'KARANGASEM RT. 02/01 KEL. KARANGKETUG KEC. GADINGREJO', 'default.jpg', 2061, '1', '2016'),
(644, '9667', 'ALI MUQODDAM', 'Laki-Laki', 'SEMARE RT. 02/02 KEL. SEMARE KEC. KRATON', 'default.jpg', 2061, '1', '2016'),
(645, '9670', 'FERDINAN EZRA WIJAYA', 'Laki-Laki', 'DSN KRAJAN RT. 05/02 KEL. SLADI KEC. KEJAYAN', 'default.jpg', 2061, '1', '2016'),
(646, '9672', 'FIRMANSYAH RAMADHANI', 'Laki-Laki', 'JL. HASANUDIN XIII RT. 03/02 KEL. KARANGANYAR KEC. PANGGUNGREJO', 'default.jpg', 2061, '1', '2016'),
(647, '9676', 'KHOIRUL NAFERI', 'Laki-Laki', 'DSN.SEPENDIL RT.02 RW.05 KEL.SEMARE KEC.KRATON', 'default.jpg', 2061, '1', '2016'),
(648, '9677', 'M. WILDAN DZIKRI', 'Laki-Laki', 'JL. DR. WAHIDIN SH. NO. 1 RT. 09/03 KEL. PURUTREJO KEC. PURWOREJO', 'default.jpg', 2061, '1', '2016'),
(649, '9678', 'M.RIFQI', 'Laki-Laki', 'KALIGUNG RT.02 RW.01 KEL.KALIREJO KEC.KRATON', 'default.jpg', 2061, '1', '2016'),
(650, '9679', 'M.RUSDY REZA PRATAMA PUTRA', 'Laki-Laki', 'JL.DR.WAHIDIN SUDIRO HUSODO RT.04 RW.04 KEL.PETAMANAN KEC.PANGGUNGREJO', 'default.jpg', 2061, '1', '2016'),
(651, '9683', 'MOCH. AGUSTIAN', 'Laki-Laki', 'SAMBIREJO RT. 01/04 KEL. GONDANGREJO KEC. GONDANGWETAN', 'default.jpg', 2061, '1', '2016'),
(652, '9686', 'MOCHAMAD ROY GUNADI', 'Laki-Laki', 'JL. IMAM BONJOL RT. 07/04 KEL. BUGUL LOR KEC. PANGGUNGREJO', 'default.jpg', 2061, '1', '2016'),
(653, '9687', 'MOCHAMMAD CHASAN', 'Laki-Laki', 'KERTOSARI RT.01 RW.03 KEL.KALIREJO KEC.KRATON', 'default.jpg', 2061, '1', '2016'),
(654, '9689', 'MOCHAMMAD SYARIFUDDIN ', 'Laki-Laki', 'JL. PANGLIMA SUDIRMAN GG 15', 'default.jpg', 2061, '1', '2016'),
(655, '9690', 'MOCHAMMAD ZAINI', 'Laki-Laki', 'JL.HANGTUAH GG.4 RT.04 RW.04 KEL.GADINGREJO KEC.GADINGREJO', 'default.jpg', 2061, '1', '2016'),
(656, '9693', 'MUHAMMAD FAISAL', 'Laki-Laki', 'JL. IMAM BONJOL RT. 07/04 KEL. BUGUL LOR KEC. PANGGUNGREJO', 'default.jpg', 2061, '1', '2016'),
(657, '9694', 'MUHAMMAD FUAD', 'Laki-Laki', 'ROWOGEMPOL RT. 07/04 KEL. ROWOGEMPOL KEC. LEKOK', 'default.jpg', 2061, '1', '2016'),
(658, '9697', 'MUHAMMAD MUNIF', 'Laki-Laki', 'DSN SEMAMBUNG RT. 01/04 KEL. SUMBERAGUNG KEC. GRATI', 'default.jpg', 2061, '1', '2016'),
(659, '9698', 'MUHAMMAD NAFIK', 'Laki-Laki', 'KRAJAN RT. 02/03 KEL. SEMARE KEC. KRATON', 'default.jpg', 2061, '1', '2016'),
(660, '9701', 'MUKHAMMAD ARIFIN', 'Laki-Laki', 'JL.HANGTUAH Gg.2 RT.03 RW.04 KEL.GADINGREJO KEC.GADINGREJO', 'default.jpg', 2061, '1', '2016'),
(661, '9705', 'RICKY NOTONEGORO', 'Laki-Laki', 'DSN.KEDONDONG RT.02 RW.01 KEL.SEMARE KEC.KRATON', 'default.jpg', 2061, '1', '2016'),
(662, '9708', 'ROY ANDRE', 'Laki-Laki', 'DSN.NGEMPLAK RT.02 RW,06 KEL.SEMARE KEC.KRATON', 'default.jpg', 2061, '1', '2016'),
(663, '9709', 'SACHRUL', 'Laki-Laki', 'JL.HANGTUAH GG.MASJID RT.04 RW.04 KEL.GADINGREJO KEC.GADINGREJO', 'default.jpg', 2061, '1', '2016'),
(664, '9711', 'YUDHA INDRA KURNIAWAN', 'Laki-Laki', 'PERUMAHAN GRAHA INDAH 3 BLOK AA2 NO. 39 RT. 009/007 KEL. KRAPAYAREJO KEC. GADINGREJO', 'default.jpg', 2061, '1', '2016'),
(665, '9712', 'ZAENAL ABIDIN', 'Laki-Laki', 'DSN SEMARE RT. 02/02 KEL. SEMARE KEL. KRATON', 'default.jpg', 2061, '1', '2016'),
(666, '9713', 'ZAINUL ARIFIN', 'Laki-Laki', 'LEMAHBANG UTARA RT. 03/02 LEMAHBANG KEC. PASREPAN', 'default.jpg', 2061, '1', '2016'),
(667, '10214', 'RISAL SOLIKHIN', 'Laki-Laki', 'JL.HALMAHERA RT.02 RW.05 KEL.GADINGREJO KEC.GADINGREJO\r\n', 'default.jpg', 2062, '1', '2018'),
(668, '10216', 'ARUM AISAFITRI', 'Perempuan', '-', 'default.jpg', 2062, '1', '2018'),
(669, '', '', '', '', '', 0, '', '');

--
-- Indexes for dumped tables
--

--
-- Indexes for table `tbl_hak_akses`
--
ALTER TABLE `tbl_hak_akses`
  ADD PRIMARY KEY (`level_pegawai`);

--
-- Indexes for table `tbl_history`
--
ALTER TABLE `tbl_history`
  ADD PRIMARY KEY (`id_history`),
  ADD KEY `id_user` (`id_pegawai`);

--
-- Indexes for table `tbl_jurusan`
--
ALTER TABLE `tbl_jurusan`
  ADD PRIMARY KEY (`id_jurusan`);

--
-- Indexes for table `tbl_pegawai`
--
ALTER TABLE `tbl_pegawai`
  ADD PRIMARY KEY (`id_pegawai`),
  ADD UNIQUE KEY `nip` (`nip`),
  ADD UNIQUE KEY `email_pegawai` (`email_pegawai`);

--
-- Indexes for table `tbl_pembayaran`
--
ALTER TABLE `tbl_pembayaran`
  ADD PRIMARY KEY (`id_pembayaran`);

--
-- Indexes for table `tbl_rumah`
--
ALTER TABLE `tbl_rumah`
  ADD PRIMARY KEY (`id_rumah`),
  ADD KEY `id_jurusan` (`id_jurusan`);

--
-- Indexes for table `tbl_transaksi`
--
ALTER TABLE `tbl_transaksi`
  ADD PRIMARY KEY (`id_transaksi`),
  ADD KEY `id_siswa` (`id_warga`),
  ADD KEY `id_pegawai` (`id_pegawai`);

--
-- Indexes for table `tbl_warga`
--
ALTER TABLE `tbl_warga`
  ADD PRIMARY KEY (`id_warga`),
  ADD UNIQUE KEY `nis` (`niw`),
  ADD KEY `id_kelas` (`id_rumah`);

--
-- AUTO_INCREMENT for dumped tables
--

--
-- AUTO_INCREMENT for table `tbl_history`
--
ALTER TABLE `tbl_history`
  MODIFY `id_history` int(11) NOT NULL AUTO_INCREMENT, AUTO_INCREMENT=3030;

--
-- AUTO_INCREMENT for table `tbl_jurusan`
--
ALTER TABLE `tbl_jurusan`
  MODIFY `id_jurusan` int(11) NOT NULL AUTO_INCREMENT, AUTO_INCREMENT=22;

--
-- AUTO_INCREMENT for table `tbl_pegawai`
--
ALTER TABLE `tbl_pegawai`
  MODIFY `id_pegawai` int(11) NOT NULL AUTO_INCREMENT, AUTO_INCREMENT=37;

--
-- AUTO_INCREMENT for table `tbl_pembayaran`
--
ALTER TABLE `tbl_pembayaran`
  MODIFY `id_pembayaran` int(11) NOT NULL AUTO_INCREMENT, AUTO_INCREMENT=41;

--
-- AUTO_INCREMENT for table `tbl_rumah`
--
ALTER TABLE `tbl_rumah`
  MODIFY `id_rumah` int(11) NOT NULL AUTO_INCREMENT, AUTO_INCREMENT=2084;

--
-- AUTO_INCREMENT for table `tbl_warga`
--
ALTER TABLE `tbl_warga`
  MODIFY `id_warga` int(11) NOT NULL AUTO_INCREMENT, AUTO_INCREMENT=670;
COMMIT;

/*!40101 SET CHARACTER_SET_CLIENT=@OLD_CHARACTER_SET_CLIENT */;
/*!40101 SET CHARACTER_SET_RESULTS=@OLD_CHARACTER_SET_RESULTS */;
/*!40101 SET COLLATION_CONNECTION=@OLD_COLLATION_CONNECTION */;
